NM_BAIRRO;NM_PONTO_TURISTICO;NR_LATITUDE;NR_LONGITUDE;VL_PRECO_UNITARIO;DT_AVALIACAO;NR_NOTA_AVALIACAO
Bela Vista;Cantina Italiana Lazarella;-23,55297;-46,64635;100;01/01/24;2
Bela Vista;Cantina Italiana Lazarella;-23,55297;-46,64635;100;01/01/24;4
Bela Vista;Cantina Italiana Lazarella;-23,55297;-46,64635;100;01/01/24;4
Bela Vista;Cantina Italiana Lazarella;-23,55297;-46,64635;100;01/01/24;4
Bela Vista;Cantina Italiana Lazarella;-23,55297;-46,64635;100;01/01/24;5
Bela Vista;Cantina Italiana Lazarella;-23,55297;-46,64635;100;01/01/24;5
Bela Vista;Cantina Italiana Lazarella;-23,55297;-46,64635;100;01/01/24;7
Bela Vista;Cantina Italiana Lazarella;-23,55297;-46,64635;100;01/01/24;7
Bela Vista;Cantina Italiana Lazarella;-23,55297;-46,64635;100;01/01/24;7
Bela Vista;Cantina Italiana Lazarella;-23,55297;-46,64635;100;01/01/24;10
Bela Vista;Cantina Italiana Lazarella;-23,55297;-46,64635;100;02/01/24;1
Bela Vista;Cantina Italiana Lazarella;-23,55297;-46,64635;100;02/01/24;1
Bela Vista;Cantina Italiana Lazarella;-23,55297;-46,64635;100;02/01/24;1
Bela Vista;Cantina Italiana Lazarella;-23,55297;-46,64635;100;02/01/24;1
Bela Vista;Cantina Italiana Lazarella;-23,55297;-46,64635;100;02/01/24;6
Bela Vista;Cantina Italiana Lazarella;-23,55297;-46,64635;100;02/01/24;7
Bela Vista;Cantina Italiana Lazarella;-23,55297;-46,64635;100;02/01/24;8
Bela Vista;Cantina Italiana Lazarella;-23,55297;-46,64635;100;02/01/24;9
Bela Vista;Cantina Italiana Lazarella;-23,55297;-46,64635;100;03/01/24;2
Bela Vista;Cantina Italiana Lazarella;-23,55297;-46,64635;100;03/01/24;2
Bela Vista;Cantina Italiana Lazarella;-23,55297;-46,64635;100;03/01/24;2
Bela Vista;Cantina Italiana Lazarella;-23,55297;-46,64635;100;03/01/24;4
Bela Vista;Cantina Italiana Lazarella;-23,55297;-46,64635;100;03/01/24;4
Bela Vista;Cantina Italiana Lazarella;-23,55297;-46,64635;100;03/01/24;4
Bela Vista;Cantina Italiana Lazarella;-23,55297;-46,64635;100;03/01/24;5
Bela Vista;Cantina Italiana Lazarella;-23,55297;-46,64635;100;03/01/24;6
Bela Vista;Cantina Italiana Lazarella;-23,55297;-46,64635;100;03/01/24;7
Bela Vista;Cantina Italiana Lazarella;-23,55297;-46,64635;100;03/01/24;7
Bela Vista;Cantina Italiana Lazarella;-23,55297;-46,64635;100;03/01/24;7
Bela Vista;Cantina Italiana Lazarella;-23,55297;-46,64635;100;03/01/24;9
Bela Vista;Cantina Italiana Lazarella;-23,55297;-46,64635;100;03/01/24;9
Bela Vista;Cantina Italiana Lazarella;-23,55297;-46,64635;100;03/01/24;10
Bela Vista;Cantina Italiana Lazarella;-23,55297;-46,64635;100;03/01/24;10
Bela Vista;Cantina Italiana Lazarella;-23,55297;-46,64635;100;04/01/24;2
Bela Vista;Cantina Italiana Lazarella;-23,55297;-46,64635;100;04/01/24;2
Bela Vista;Cantina Italiana Lazarella;-23,55297;-46,64635;100;04/01/24;3
Bela Vista;Cantina Italiana Lazarella;-23,55297;-46,64635;100;04/01/24;3
Bela Vista;Cantina Italiana Lazarella;-23,55297;-46,64635;100;04/01/24;4
Bela Vista;Cantina Italiana Lazarella;-23,55297;-46,64635;100;04/01/24;4
Bela Vista;Cantina Italiana Lazarella;-23,55297;-46,64635;100;04/01/24;5
Bela Vista;Cantina Italiana Lazarella;-23,55297;-46,64635;100;04/01/24;6
Bela Vista;Cantina Italiana Lazarella;-23,55297;-46,64635;100;04/01/24;7
Bela Vista;Cantina Italiana Lazarella;-23,55297;-46,64635;100;04/01/24;7
Bela Vista;Cantina Italiana Lazarella;-23,55297;-46,64635;100;04/01/24;7
Bela Vista;Cantina Italiana Lazarella;-23,55297;-46,64635;100;04/01/24;8
Bela Vista;Cantina Italiana Lazarella;-23,55297;-46,64635;100;04/01/24;8
Bela Vista;Cantina Italiana Lazarella;-23,55297;-46,64635;100;04/01/24;9
Bela Vista;Cantina Italiana Lazarella;-23,55297;-46,64635;100;04/01/24;10
Bela Vista;Cantina Italiana Lazarella;-23,55297;-46,64635;100;04/01/24;10
Bela Vista;Cantina Italiana Lazarella;-23,55297;-46,64635;100;04/01/24;10
Bela Vista;Cantina Italiana Lazarella;-23,55297;-46,64635;100;05/01/24;1
Bela Vista;Cantina Italiana Lazarella;-23,55297;-46,64635;100;05/01/24;3
Bela Vista;Cantina Italiana Lazarella;-23,55297;-46,64635;100;05/01/24;3
Bela Vista;Cantina Italiana Lazarella;-23,55297;-46,64635;100;05/01/24;4
Bela Vista;Cantina Italiana Lazarella;-23,55297;-46,64635;100;05/01/24;4
Bela Vista;Cantina Italiana Lazarella;-23,55297;-46,64635;100;05/01/24;5
Bela Vista;Cantina Italiana Lazarella;-23,55297;-46,64635;100;05/01/24;5
Bela Vista;Cantina Italiana Lazarella;-23,55297;-46,64635;100;05/01/24;6
Bela Vista;Cantina Italiana Lazarella;-23,55297;-46,64635;100;05/01/24;7
Bela Vista;Cantina Italiana Lazarella;-23,55297;-46,64635;100;05/01/24;7
Bela Vista;Cantina Italiana Lazarella;-23,55297;-46,64635;100;05/01/24;7
Bela Vista;Cantina Italiana Lazarella;-23,55297;-46,64635;100;05/01/24;8
Bela Vista;Cantina Italiana Lazarella;-23,55297;-46,64635;100;05/01/24;9
Bela Vista;Cantina Italiana Lazarella;-23,55297;-46,64635;100;05/01/24;10
Bela Vista;Cantina Italiana Lazarella;-23,55297;-46,64635;100;05/01/24;10
Bela Vista;Cantina Italiana Lazarella;-23,55297;-46,64635;100;05/01/24;10
Bela Vista;Cantina Italiana Lazarella;-23,55297;-46,64635;100;06/01/24;1
Bela Vista;Cantina Italiana Lazarella;-23,55297;-46,64635;100;06/01/24;1
Bela Vista;Cantina Italiana Lazarella;-23,55297;-46,64635;100;06/01/24;3
Bela Vista;Cantina Italiana Lazarella;-23,55297;-46,64635;100;06/01/24;4
Bela Vista;Cantina Italiana Lazarella;-23,55297;-46,64635;100;06/01/24;4
Bela Vista;Cantina Italiana Lazarella;-23,55297;-46,64635;100;06/01/24;8
Bela Vista;Cantina Italiana Lazarella;-23,55297;-46,64635;100;06/01/24;9
Bela Vista;Cantina Italiana Lazarella;-23,55297;-46,64635;100;06/01/24;9
Bela Vista;Cantina Italiana Lazarella;-23,55297;-46,64635;100;06/01/24;10
Bela Vista;Cantina Italiana Lazarella;-23,55297;-46,64635;100;07/01/24;1
Bela Vista;Cantina Italiana Lazarella;-23,55297;-46,64635;100;07/01/24;2
Bela Vista;Cantina Italiana Lazarella;-23,55297;-46,64635;100;07/01/24;4
Bela Vista;Cantina Italiana Lazarella;-23,55297;-46,64635;100;07/01/24;5
Bela Vista;Cantina Italiana Lazarella;-23,55297;-46,64635;100;07/01/24;6
Bela Vista;Cantina Italiana Lazarella;-23,55297;-46,64635;100;07/01/24;6
Bela Vista;Cantina Italiana Lazarella;-23,55297;-46,64635;100;07/01/24;7
Bela Vista;Cantina Italiana Lazarella;-23,55297;-46,64635;100;07/01/24;7
Bela Vista;Cantina Italiana Lazarella;-23,55297;-46,64635;100;07/01/24;7
Bela Vista;Cantina Italiana Lazarella;-23,55297;-46,64635;100;07/01/24;8
Bela Vista;Cantina Italiana Lazarella;-23,55297;-46,64635;100;07/01/24;10
Bela Vista;Cantina Italiana Lazarella;-23,55297;-46,64635;100;07/01/24;10
Bela Vista;Cantina Italiana Lazarella;-23,55297;-46,64635;100;07/01/24;10
Bela Vista;Cantina Italiana Lazarella;-23,55297;-46,64635;100;08/01/24;1
Bela Vista;Cantina Italiana Lazarella;-23,55297;-46,64635;100;08/01/24;1
Bela Vista;Cantina Italiana Lazarella;-23,55297;-46,64635;100;08/01/24;3
Bela Vista;Cantina Italiana Lazarella;-23,55297;-46,64635;100;08/01/24;3
Bela Vista;Cantina Italiana Lazarella;-23,55297;-46,64635;100;08/01/24;4
Bela Vista;Cantina Italiana Lazarella;-23,55297;-46,64635;100;08/01/24;4
Bela Vista;Cantina Italiana Lazarella;-23,55297;-46,64635;100;08/01/24;4
Bela Vista;Cantina Italiana Lazarella;-23,55297;-46,64635;100;08/01/24;5
Bela Vista;Cantina Italiana Lazarella;-23,55297;-46,64635;100;08/01/24;5
Bela Vista;Cantina Italiana Lazarella;-23,55297;-46,64635;100;08/01/24;7
Bela Vista;Cantina Italiana Lazarella;-23,55297;-46,64635;100;08/01/24;8
Bela Vista;Cantina Italiana Lazarella;-23,55297;-46,64635;100;08/01/24;8
Bela Vista;Cantina Italiana Lazarella;-23,55297;-46,64635;100;08/01/24;9
Bela Vista;Cantina Italiana Lazarella;-23,55297;-46,64635;100;08/01/24;9
Bela Vista;Cantina Italiana Lazarella;-23,55297;-46,64635;100;08/01/24;10
Bela Vista;Japan House;-23,5705;-46,6446;35;01/01/24;1
Bela Vista;Japan House;-23,5705;-46,6446;35;01/01/24;2
Bela Vista;Japan House;-23,5705;-46,6446;35;01/01/24;2
Bela Vista;Japan House;-23,5705;-46,6446;35;01/01/24;3
Bela Vista;Japan House;-23,5705;-46,6446;35;01/01/24;3
Bela Vista;Japan House;-23,5705;-46,6446;35;01/01/24;3
Bela Vista;Japan House;-23,5705;-46,6446;35;01/01/24;4
Bela Vista;Japan House;-23,5705;-46,6446;35;01/01/24;4
Bela Vista;Japan House;-23,5705;-46,6446;35;01/01/24;6
Bela Vista;Japan House;-23,5705;-46,6446;35;01/01/24;8
Bela Vista;Japan House;-23,5705;-46,6446;35;01/01/24;8
Bela Vista;Japan House;-23,5705;-46,6446;35;01/01/24;8
Bela Vista;Japan House;-23,5705;-46,6446;35;01/01/24;8
Bela Vista;Japan House;-23,5705;-46,6446;35;01/01/24;9
Bela Vista;Japan House;-23,5705;-46,6446;35;01/01/24;10
Bela Vista;Japan House;-23,5705;-46,6446;35;01/01/24;10
Bela Vista;Japan House;-23,5705;-46,6446;35;01/01/24;10
Bela Vista;Japan House;-23,5705;-46,6446;35;02/01/24;1
Bela Vista;Japan House;-23,5705;-46,6446;35;02/01/24;1
Bela Vista;Japan House;-23,5705;-46,6446;35;02/01/24;2
Bela Vista;Japan House;-23,5705;-46,6446;35;02/01/24;2
Bela Vista;Japan House;-23,5705;-46,6446;35;02/01/24;2
Bela Vista;Japan House;-23,5705;-46,6446;35;02/01/24;3
Bela Vista;Japan House;-23,5705;-46,6446;35;02/01/24;4
Bela Vista;Japan House;-23,5705;-46,6446;35;02/01/24;7
Bela Vista;Japan House;-23,5705;-46,6446;35;02/01/24;7
Bela Vista;Japan House;-23,5705;-46,6446;35;02/01/24;7
Bela Vista;Japan House;-23,5705;-46,6446;35;02/01/24;8
Bela Vista;Japan House;-23,5705;-46,6446;35;02/01/24;8
Bela Vista;Japan House;-23,5705;-46,6446;35;02/01/24;8
Bela Vista;Japan House;-23,5705;-46,6446;35;02/01/24;9
Bela Vista;Japan House;-23,5705;-46,6446;35;02/01/24;10
Bela Vista;Japan House;-23,5705;-46,6446;35;02/01/24;10
Bela Vista;Japan House;-23,5705;-46,6446;35;03/01/24;1
Bela Vista;Japan House;-23,5705;-46,6446;35;03/01/24;1
Bela Vista;Japan House;-23,5705;-46,6446;35;03/01/24;1
Bela Vista;Japan House;-23,5705;-46,6446;35;03/01/24;2
Bela Vista;Japan House;-23,5705;-46,6446;35;03/01/24;2
Bela Vista;Japan House;-23,5705;-46,6446;35;03/01/24;2
Bela Vista;Japan House;-23,5705;-46,6446;35;03/01/24;2
Bela Vista;Japan House;-23,5705;-46,6446;35;03/01/24;3
Bela Vista;Japan House;-23,5705;-46,6446;35;03/01/24;3
Bela Vista;Japan House;-23,5705;-46,6446;35;03/01/24;3
Bela Vista;Japan House;-23,5705;-46,6446;35;03/01/24;4
Bela Vista;Japan House;-23,5705;-46,6446;35;03/01/24;5
Bela Vista;Japan House;-23,5705;-46,6446;35;03/01/24;5
Bela Vista;Japan House;-23,5705;-46,6446;35;03/01/24;6
Bela Vista;Japan House;-23,5705;-46,6446;35;03/01/24;6
Bela Vista;Japan House;-23,5705;-46,6446;35;03/01/24;6
Bela Vista;Japan House;-23,5705;-46,6446;35;03/01/24;8
Bela Vista;Japan House;-23,5705;-46,6446;35;03/01/24;8
Bela Vista;Japan House;-23,5705;-46,6446;35;03/01/24;9
Bela Vista;Japan House;-23,5705;-46,6446;35;03/01/24;9
Bela Vista;Japan House;-23,5705;-46,6446;35;03/01/24;10
Bela Vista;Japan House;-23,5705;-46,6446;35;03/01/24;10
Bela Vista;Japan House;-23,5705;-46,6446;35;03/01/24;10
Bela Vista;Japan House;-23,5705;-46,6446;35;04/01/24;1
Bela Vista;Japan House;-23,5705;-46,6446;35;04/01/24;2
Bela Vista;Japan House;-23,5705;-46,6446;35;04/01/24;2
Bela Vista;Japan House;-23,5705;-46,6446;35;04/01/24;2
Bela Vista;Japan House;-23,5705;-46,6446;35;04/01/24;3
Bela Vista;Japan House;-23,5705;-46,6446;35;04/01/24;3
Bela Vista;Japan House;-23,5705;-46,6446;35;04/01/24;3
Bela Vista;Japan House;-23,5705;-46,6446;35;04/01/24;3
Bela Vista;Japan House;-23,5705;-46,6446;35;04/01/24;4
Bela Vista;Japan House;-23,5705;-46,6446;35;04/01/24;4
Bela Vista;Japan House;-23,5705;-46,6446;35;04/01/24;5
Bela Vista;Japan House;-23,5705;-46,6446;35;04/01/24;6
Bela Vista;Japan House;-23,5705;-46,6446;35;04/01/24;6
Bela Vista;Japan House;-23,5705;-46,6446;35;04/01/24;7
Bela Vista;Japan House;-23,5705;-46,6446;35;04/01/24;7
Bela Vista;Japan House;-23,5705;-46,6446;35;04/01/24;7
Bela Vista;Japan House;-23,5705;-46,6446;35;04/01/24;8
Bela Vista;Japan House;-23,5705;-46,6446;35;04/01/24;9
Bela Vista;Japan House;-23,5705;-46,6446;35;04/01/24;9
Bela Vista;Japan House;-23,5705;-46,6446;35;04/01/24;10
Bela Vista;Japan House;-23,5705;-46,6446;35;04/01/24;10
Bela Vista;Japan House;-23,5705;-46,6446;35;04/01/24;10
Bela Vista;Japan House;-23,5705;-46,6446;35;05/01/24;1
Bela Vista;Japan House;-23,5705;-46,6446;35;05/01/24;1
Bela Vista;Japan House;-23,5705;-46,6446;35;05/01/24;1
Bela Vista;Japan House;-23,5705;-46,6446;35;05/01/24;4
Bela Vista;Japan House;-23,5705;-46,6446;35;05/01/24;4
Bela Vista;Japan House;-23,5705;-46,6446;35;05/01/24;4
Bela Vista;Japan House;-23,5705;-46,6446;35;05/01/24;5
Bela Vista;Japan House;-23,5705;-46,6446;35;05/01/24;6
Bela Vista;Japan House;-23,5705;-46,6446;35;05/01/24;6
Bela Vista;Japan House;-23,5705;-46,6446;35;05/01/24;10
Bela Vista;Japan House;-23,5705;-46,6446;35;05/01/24;10
Bela Vista;Japan House;-23,5705;-46,6446;35;06/01/24;1
Bela Vista;Japan House;-23,5705;-46,6446;35;06/01/24;1
Bela Vista;Japan House;-23,5705;-46,6446;35;06/01/24;1
Bela Vista;Japan House;-23,5705;-46,6446;35;06/01/24;1
Bela Vista;Japan House;-23,5705;-46,6446;35;06/01/24;1
Bela Vista;Japan House;-23,5705;-46,6446;35;06/01/24;2
Bela Vista;Japan House;-23,5705;-46,6446;35;06/01/24;3
Bela Vista;Japan House;-23,5705;-46,6446;35;06/01/24;3
Bela Vista;Japan House;-23,5705;-46,6446;35;06/01/24;3
Bela Vista;Japan House;-23,5705;-46,6446;35;06/01/24;5
Bela Vista;Japan House;-23,5705;-46,6446;35;06/01/24;7
Bela Vista;Japan House;-23,5705;-46,6446;35;06/01/24;7
Bela Vista;Japan House;-23,5705;-46,6446;35;06/01/24;8
Bela Vista;Japan House;-23,5705;-46,6446;35;06/01/24;9
Bela Vista;Japan House;-23,5705;-46,6446;35;06/01/24;9
Bela Vista;Japan House;-23,5705;-46,6446;35;06/01/24;9
Bela Vista;Japan House;-23,5705;-46,6446;35;06/01/24;10
Bela Vista;Japan House;-23,5705;-46,6446;35;06/01/24;10
Bela Vista;Japan House;-23,5705;-46,6446;35;07/01/24;1
Bela Vista;Japan House;-23,5705;-46,6446;35;07/01/24;1
Bela Vista;Japan House;-23,5705;-46,6446;35;07/01/24;2
Bela Vista;Japan House;-23,5705;-46,6446;35;07/01/24;3
Bela Vista;Japan House;-23,5705;-46,6446;35;07/01/24;3
Bela Vista;Japan House;-23,5705;-46,6446;35;07/01/24;3
Bela Vista;Japan House;-23,5705;-46,6446;35;07/01/24;3
Bela Vista;Japan House;-23,5705;-46,6446;35;07/01/24;4
Bela Vista;Japan House;-23,5705;-46,6446;35;07/01/24;4
Bela Vista;Japan House;-23,5705;-46,6446;35;07/01/24;4
Bela Vista;Japan House;-23,5705;-46,6446;35;07/01/24;5
Bela Vista;Japan House;-23,5705;-46,6446;35;07/01/24;6
Bela Vista;Japan House;-23,5705;-46,6446;35;07/01/24;7
Bela Vista;Japan House;-23,5705;-46,6446;35;07/01/24;7
Bela Vista;Japan House;-23,5705;-46,6446;35;07/01/24;8
Bela Vista;Japan House;-23,5705;-46,6446;35;07/01/24;9
Bela Vista;Japan House;-23,5705;-46,6446;35;07/01/24;10
Bela Vista;Japan House;-23,5705;-46,6446;35;08/01/24;2
Bela Vista;Japan House;-23,5705;-46,6446;35;08/01/24;2
Bela Vista;Japan House;-23,5705;-46,6446;35;08/01/24;3
Bela Vista;Japan House;-23,5705;-46,6446;35;08/01/24;3
Bela Vista;Japan House;-23,5705;-46,6446;35;08/01/24;4
Bela Vista;Japan House;-23,5705;-46,6446;35;08/01/24;4
Bela Vista;Japan House;-23,5705;-46,6446;35;08/01/24;4
Bela Vista;Japan House;-23,5705;-46,6446;35;08/01/24;6
Bela Vista;Japan House;-23,5705;-46,6446;35;08/01/24;6
Bela Vista;Japan House;-23,5705;-46,6446;35;08/01/24;7
Bela Vista;Japan House;-23,5705;-46,6446;35;08/01/24;7
Bela Vista;Japan House;-23,5705;-46,6446;35;08/01/24;7
Bela Vista;Japan House;-23,5705;-46,6446;35;08/01/24;7
Bela Vista;Japan House;-23,5705;-46,6446;35;08/01/24;8
Bela Vista;Japan House;-23,5705;-46,6446;35;08/01/24;8
Bela Vista;Japan House;-23,5705;-46,6446;35;08/01/24;9
Bela Vista;Japan House;-23,5705;-46,6446;35;08/01/24;10
Bela Vista;MASP;-23,561414;-46,655881;20;01/01/24;1
Bela Vista;MASP;-23,561414;-46,655881;20;01/01/24;1
Bela Vista;MASP;-23,561414;-46,655881;20;01/01/24;1
Bela Vista;MASP;-23,561414;-46,655881;20;01/01/24;1
Bela Vista;MASP;-23,561414;-46,655881;20;01/01/24;2
Bela Vista;MASP;-23,561414;-46,655881;20;01/01/24;3
Bela Vista;MASP;-23,561414;-46,655881;20;01/01/24;3
Bela Vista;MASP;-23,561414;-46,655881;20;01/01/24;4
Bela Vista;MASP;-23,561414;-46,655881;20;01/01/24;4
Bela Vista;MASP;-23,561414;-46,655881;20;01/01/24;4
Bela Vista;MASP;-23,561414;-46,655881;20;01/01/24;5
Bela Vista;MASP;-23,561414;-46,655881;20;01/01/24;5
Bela Vista;MASP;-23,561414;-46,655881;20;01/01/24;5
Bela Vista;MASP;-23,561414;-46,655881;20;01/01/24;6
Bela Vista;MASP;-23,561414;-46,655881;20;01/01/24;7
Bela Vista;MASP;-23,561414;-46,655881;20;01/01/24;7
Bela Vista;MASP;-23,561414;-46,655881;20;01/01/24;7
Bela Vista;MASP;-23,561414;-46,655881;20;01/01/24;7
Bela Vista;MASP;-23,561414;-46,655881;20;01/01/24;8
Bela Vista;MASP;-23,561414;-46,655881;20;01/01/24;8
Bela Vista;MASP;-23,561414;-46,655881;20;01/01/24;9
Bela Vista;MASP;-23,561414;-46,655881;40;01/01/24;1
Bela Vista;MASP;-23,561414;-46,655881;40;01/01/24;1
Bela Vista;MASP;-23,561414;-46,655881;40;01/01/24;1
Bela Vista;MASP;-23,561414;-46,655881;40;01/01/24;3
Bela Vista;MASP;-23,561414;-46,655881;40;01/01/24;5
Bela Vista;MASP;-23,561414;-46,655881;40;01/01/24;5
Bela Vista;MASP;-23,561414;-46,655881;40;01/01/24;6
Bela Vista;MASP;-23,561414;-46,655881;40;01/01/24;7
Bela Vista;MASP;-23,561414;-46,655881;40;01/01/24;8
Bela Vista;MASP;-23,561414;-46,655881;40;01/01/24;8
Bela Vista;MASP;-23,561414;-46,655881;40;01/01/24;10
Bela Vista;MASP;-23,561414;-46,655881;20;02/01/24;1
Bela Vista;MASP;-23,561414;-46,655881;20;02/01/24;1
Bela Vista;MASP;-23,561414;-46,655881;20;02/01/24;1
Bela Vista;MASP;-23,561414;-46,655881;20;02/01/24;3
Bela Vista;MASP;-23,561414;-46,655881;20;02/01/24;4
Bela Vista;MASP;-23,561414;-46,655881;20;02/01/24;6
Bela Vista;MASP;-23,561414;-46,655881;20;02/01/24;9
Bela Vista;MASP;-23,561414;-46,655881;20;02/01/24;10
Bela Vista;MASP;-23,561414;-46,655881;40;02/01/24;1
Bela Vista;MASP;-23,561414;-46,655881;40;02/01/24;1
Bela Vista;MASP;-23,561414;-46,655881;40;02/01/24;3
Bela Vista;MASP;-23,561414;-46,655881;40;02/01/24;3
Bela Vista;MASP;-23,561414;-46,655881;40;02/01/24;3
Bela Vista;MASP;-23,561414;-46,655881;40;02/01/24;3
Bela Vista;MASP;-23,561414;-46,655881;40;02/01/24;5
Bela Vista;MASP;-23,561414;-46,655881;40;02/01/24;8
Bela Vista;MASP;-23,561414;-46,655881;40;02/01/24;9
Bela Vista;MASP;-23,561414;-46,655881;20;03/01/24;1
Bela Vista;MASP;-23,561414;-46,655881;20;03/01/24;1
Bela Vista;MASP;-23,561414;-46,655881;20;03/01/24;1
Bela Vista;MASP;-23,561414;-46,655881;20;03/01/24;1
Bela Vista;MASP;-23,561414;-46,655881;20;03/01/24;1
Bela Vista;MASP;-23,561414;-46,655881;20;03/01/24;4
Bela Vista;MASP;-23,561414;-46,655881;20;03/01/24;4
Bela Vista;MASP;-23,561414;-46,655881;20;03/01/24;5
Bela Vista;MASP;-23,561414;-46,655881;20;03/01/24;6
Bela Vista;MASP;-23,561414;-46,655881;20;03/01/24;6
Bela Vista;MASP;-23,561414;-46,655881;20;03/01/24;6
Bela Vista;MASP;-23,561414;-46,655881;20;03/01/24;7
Bela Vista;MASP;-23,561414;-46,655881;20;03/01/24;7
Bela Vista;MASP;-23,561414;-46,655881;20;03/01/24;8
Bela Vista;MASP;-23,561414;-46,655881;20;03/01/24;9
Bela Vista;MASP;-23,561414;-46,655881;20;03/01/24;10
Bela Vista;MASP;-23,561414;-46,655881;20;03/01/24;10
Bela Vista;MASP;-23,561414;-46,655881;20;03/01/24;10
Bela Vista;MASP;-23,561414;-46,655881;20;03/01/24;10
Bela Vista;MASP;-23,561414;-46,655881;40;03/01/24;2
Bela Vista;MASP;-23,561414;-46,655881;40;03/01/24;6
Bela Vista;MASP;-23,561414;-46,655881;20;04/01/24;1
Bela Vista;MASP;-23,561414;-46,655881;20;04/01/24;2
Bela Vista;MASP;-23,561414;-46,655881;20;04/01/24;2
Bela Vista;MASP;-23,561414;-46,655881;20;04/01/24;2
Bela Vista;MASP;-23,561414;-46,655881;20;04/01/24;3
Bela Vista;MASP;-23,561414;-46,655881;20;04/01/24;5
Bela Vista;MASP;-23,561414;-46,655881;20;04/01/24;5
Bela Vista;MASP;-23,561414;-46,655881;20;04/01/24;7
Bela Vista;MASP;-23,561414;-46,655881;20;04/01/24;9
Bela Vista;MASP;-23,561414;-46,655881;20;04/01/24;10
Bela Vista;MASP;-23,561414;-46,655881;40;04/01/24;2
Bela Vista;MASP;-23,561414;-46,655881;40;04/01/24;2
Bela Vista;MASP;-23,561414;-46,655881;40;04/01/24;2
Bela Vista;MASP;-23,561414;-46,655881;40;04/01/24;3
Bela Vista;MASP;-23,561414;-46,655881;40;04/01/24;7
Bela Vista;MASP;-23,561414;-46,655881;40;04/01/24;9
Bela Vista;MASP;-23,561414;-46,655881;40;04/01/24;10
Bela Vista;MASP;-23,561414;-46,655881;20;05/01/24;1
Bela Vista;MASP;-23,561414;-46,655881;20;05/01/24;1
Bela Vista;MASP;-23,561414;-46,655881;20;05/01/24;2
Bela Vista;MASP;-23,561414;-46,655881;20;05/01/24;2
Bela Vista;MASP;-23,561414;-46,655881;20;05/01/24;3
Bela Vista;MASP;-23,561414;-46,655881;20;05/01/24;3
Bela Vista;MASP;-23,561414;-46,655881;20;05/01/24;3
Bela Vista;MASP;-23,561414;-46,655881;20;05/01/24;4
Bela Vista;MASP;-23,561414;-46,655881;20;05/01/24;5
Bela Vista;MASP;-23,561414;-46,655881;20;05/01/24;5
Bela Vista;MASP;-23,561414;-46,655881;20;05/01/24;7
Bela Vista;MASP;-23,561414;-46,655881;20;05/01/24;8
Bela Vista;MASP;-23,561414;-46,655881;20;05/01/24;9
Bela Vista;MASP;-23,561414;-46,655881;20;05/01/24;9
Bela Vista;MASP;-23,561414;-46,655881;20;05/01/24;10
Bela Vista;MASP;-23,561414;-46,655881;40;05/01/24;2
Bela Vista;MASP;-23,561414;-46,655881;40;05/01/24;3
Bela Vista;MASP;-23,561414;-46,655881;40;05/01/24;5
Bela Vista;MASP;-23,561414;-46,655881;40;05/01/24;7
Bela Vista;MASP;-23,561414;-46,655881;20;06/01/24;1
Bela Vista;MASP;-23,561414;-46,655881;20;06/01/24;1
Bela Vista;MASP;-23,561414;-46,655881;20;06/01/24;1
Bela Vista;MASP;-23,561414;-46,655881;20;06/01/24;1
Bela Vista;MASP;-23,561414;-46,655881;20;06/01/24;2
Bela Vista;MASP;-23,561414;-46,655881;20;06/01/24;2
Bela Vista;MASP;-23,561414;-46,655881;20;06/01/24;2
Bela Vista;MASP;-23,561414;-46,655881;20;06/01/24;3
Bela Vista;MASP;-23,561414;-46,655881;20;06/01/24;4
Bela Vista;MASP;-23,561414;-46,655881;20;06/01/24;5
Bela Vista;MASP;-23,561414;-46,655881;20;06/01/24;5
Bela Vista;MASP;-23,561414;-46,655881;20;06/01/24;6
Bela Vista;MASP;-23,561414;-46,655881;20;06/01/24;7
Bela Vista;MASP;-23,561414;-46,655881;20;06/01/24;7
Bela Vista;MASP;-23,561414;-46,655881;20;06/01/24;7
Bela Vista;MASP;-23,561414;-46,655881;20;06/01/24;9
Bela Vista;MASP;-23,561414;-46,655881;20;06/01/24;9
Bela Vista;MASP;-23,561414;-46,655881;20;06/01/24;10
Bela Vista;MASP;-23,561414;-46,655881;20;06/01/24;10
Bela Vista;MASP;-23,561414;-46,655881;40;06/01/24;1
Bela Vista;MASP;-23,561414;-46,655881;40;06/01/24;1
Bela Vista;MASP;-23,561414;-46,655881;40;06/01/24;5
Bela Vista;MASP;-23,561414;-46,655881;40;06/01/24;7
Bela Vista;MASP;-23,561414;-46,655881;40;06/01/24;7
Bela Vista;MASP;-23,561414;-46,655881;40;06/01/24;8
Bela Vista;MASP;-23,561414;-46,655881;40;06/01/24;10
Bela Vista;MASP;-23,561414;-46,655881;40;06/01/24;10
Bela Vista;MASP;-23,561414;-46,655881;20;07/01/24;1
Bela Vista;MASP;-23,561414;-46,655881;20;07/01/24;1
Bela Vista;MASP;-23,561414;-46,655881;20;07/01/24;4
Bela Vista;MASP;-23,561414;-46,655881;20;07/01/24;4
Bela Vista;MASP;-23,561414;-46,655881;20;07/01/24;7
Bela Vista;MASP;-23,561414;-46,655881;20;07/01/24;7
Bela Vista;MASP;-23,561414;-46,655881;20;07/01/24;7
Bela Vista;MASP;-23,561414;-46,655881;20;07/01/24;8
Bela Vista;MASP;-23,561414;-46,655881;20;07/01/24;9
Bela Vista;MASP;-23,561414;-46,655881;20;07/01/24;10
Bela Vista;MASP;-23,561414;-46,655881;40;07/01/24;1
Bela Vista;MASP;-23,561414;-46,655881;40;07/01/24;1
Bela Vista;MASP;-23,561414;-46,655881;40;07/01/24;4
Bela Vista;MASP;-23,561414;-46,655881;40;07/01/24;6
Bela Vista;MASP;-23,561414;-46,655881;40;07/01/24;6
Bela Vista;MASP;-23,561414;-46,655881;40;07/01/24;6
Bela Vista;MASP;-23,561414;-46,655881;40;07/01/24;7
Bela Vista;MASP;-23,561414;-46,655881;40;07/01/24;7
Bela Vista;MASP;-23,561414;-46,655881;40;07/01/24;9
Bela Vista;MASP;-23,561414;-46,655881;40;07/01/24;9
Bela Vista;MASP;-23,561414;-46,655881;20;08/01/24;1
Bela Vista;MASP;-23,561414;-46,655881;20;08/01/24;1
Bela Vista;MASP;-23,561414;-46,655881;20;08/01/24;1
Bela Vista;MASP;-23,561414;-46,655881;20;08/01/24;2
Bela Vista;MASP;-23,561414;-46,655881;20;08/01/24;3
Bela Vista;MASP;-23,561414;-46,655881;20;08/01/24;4
Bela Vista;MASP;-23,561414;-46,655881;20;08/01/24;4
Bela Vista;MASP;-23,561414;-46,655881;20;08/01/24;5
Bela Vista;MASP;-23,561414;-46,655881;20;08/01/24;6
Bela Vista;MASP;-23,561414;-46,655881;20;08/01/24;6
Bela Vista;MASP;-23,561414;-46,655881;20;08/01/24;7
Bela Vista;MASP;-23,561414;-46,655881;20;08/01/24;8
Bela Vista;MASP;-23,561414;-46,655881;20;08/01/24;8
Bela Vista;MASP;-23,561414;-46,655881;20;08/01/24;10
Bela Vista;MASP;-23,561414;-46,655881;20;08/01/24;10
Bela Vista;MASP;-23,561414;-46,655881;20;08/01/24;10
Bela Vista;MASP;-23,561414;-46,655881;20;08/01/24;10
Bela Vista;MASP;-23,561414;-46,655881;40;08/01/24;1
Bela Vista;MASP;-23,561414;-46,655881;40;08/01/24;2
Bela Vista;MASP;-23,561414;-46,655881;40;08/01/24;3
Bela Vista;MASP;-23,561414;-46,655881;40;08/01/24;3
Bela Vista;MASP;-23,561414;-46,655881;40;08/01/24;5
Bela Vista;MASP;-23,561414;-46,655881;40;08/01/24;6
Bela Vista;MASP;-23,561414;-46,655881;40;08/01/24;9
Bela Vista;MASP;-23,561414;-46,655881;40;08/01/24;9
Bela Vista;MASP;-23,561414;-46,655881;40;08/01/24;10
Bela Vista;MASP;-23,561414;-46,655881;50;01/02/24;2
Bela Vista;MASP;-23,561414;-46,655881;50;01/02/24;4
Bela Vista;MASP;-23,561414;-46,655881;50;01/02/24;4
Bela Vista;MASP;-23,561414;-46,655881;50;01/02/24;4
Bela Vista;MASP;-23,561414;-46,655881;50;01/02/24;5
Bela Vista;MASP;-23,561414;-46,655881;50;01/02/24;5
Bela Vista;MASP;-23,561414;-46,655881;50;01/02/24;6
Bela Vista;MASP;-23,561414;-46,655881;50;01/02/24;6
Bela Vista;MASP;-23,561414;-46,655881;50;01/02/24;8
Bela Vista;MASP;-23,561414;-46,655881;50;01/02/24;8
Bela Vista;MASP;-23,561414;-46,655881;50;01/02/24;9
Bela Vista;MASP;-23,561414;-46,655881;50;01/02/24;9
Bela Vista;MASP;-23,561414;-46,655881;50;01/02/24;10
Bela Vista;MASP;-23,561414;-46,655881;50;01/02/24;10
Bela Vista;MASP;-23,561414;-46,655881;50;01/02/24;10
Bela Vista;MASP;-23,561414;-46,655881;50;02/02/24;1
Bela Vista;MASP;-23,561414;-46,655881;50;02/02/24;1
Bela Vista;MASP;-23,561414;-46,655881;50;02/02/24;1
Bela Vista;MASP;-23,561414;-46,655881;50;02/02/24;4
Bela Vista;MASP;-23,561414;-46,655881;50;02/02/24;6
Bela Vista;MASP;-23,561414;-46,655881;50;02/02/24;7
Bela Vista;MASP;-23,561414;-46,655881;50;02/02/24;8
Bela Vista;MASP;-23,561414;-46,655881;50;02/02/24;8
Bela Vista;MASP;-23,561414;-46,655881;50;02/02/24;10
Bela Vista;MASP;-23,561414;-46,655881;50;03/02/24;1
Bela Vista;MASP;-23,561414;-46,655881;50;03/02/24;1
Bela Vista;MASP;-23,561414;-46,655881;50;03/02/24;2
Bela Vista;MASP;-23,561414;-46,655881;50;03/02/24;2
Bela Vista;MASP;-23,561414;-46,655881;50;03/02/24;2
Bela Vista;MASP;-23,561414;-46,655881;50;03/02/24;3
Bela Vista;MASP;-23,561414;-46,655881;50;03/02/24;3
Bela Vista;MASP;-23,561414;-46,655881;50;03/02/24;5
Bela Vista;MASP;-23,561414;-46,655881;50;03/02/24;5
Bela Vista;MASP;-23,561414;-46,655881;50;03/02/24;5
Bela Vista;MASP;-23,561414;-46,655881;50;03/02/24;5
Bela Vista;MASP;-23,561414;-46,655881;50;03/02/24;6
Bela Vista;MASP;-23,561414;-46,655881;50;03/02/24;7
Bela Vista;MASP;-23,561414;-46,655881;50;03/02/24;9
Bela Vista;MASP;-23,561414;-46,655881;50;03/02/24;9
Bela Vista;MASP;-23,561414;-46,655881;50;03/02/24;9
Bela Vista;MASP;-23,561414;-46,655881;50;04/02/24;1
Bela Vista;MASP;-23,561414;-46,655881;50;04/02/24;4
Bela Vista;MASP;-23,561414;-46,655881;50;04/02/24;4
Bela Vista;MASP;-23,561414;-46,655881;50;04/02/24;4
Bela Vista;MASP;-23,561414;-46,655881;50;04/02/24;4
Bela Vista;MASP;-23,561414;-46,655881;50;04/02/24;5
Bela Vista;MASP;-23,561414;-46,655881;50;04/02/24;5
Bela Vista;MASP;-23,561414;-46,655881;50;04/02/24;6
Bela Vista;MASP;-23,561414;-46,655881;50;04/02/24;6
Bela Vista;MASP;-23,561414;-46,655881;50;04/02/24;7
Bela Vista;MASP;-23,561414;-46,655881;50;04/02/24;8
Bela Vista;MASP;-23,561414;-46,655881;50;04/02/24;9
Bela Vista;MASP;-23,561414;-46,655881;50;04/02/24;9
Bela Vista;MASP;-23,561414;-46,655881;50;05/02/24;1
Bela Vista;MASP;-23,561414;-46,655881;50;05/02/24;2
Bela Vista;MASP;-23,561414;-46,655881;50;05/02/24;3
Bela Vista;MASP;-23,561414;-46,655881;50;05/02/24;3
Bela Vista;MASP;-23,561414;-46,655881;50;05/02/24;4
Bela Vista;MASP;-23,561414;-46,655881;50;05/02/24;5
Bela Vista;MASP;-23,561414;-46,655881;50;05/02/24;5
Bela Vista;MASP;-23,561414;-46,655881;50;05/02/24;6
Bela Vista;MASP;-23,561414;-46,655881;50;05/02/24;7
Bela Vista;MASP;-23,561414;-46,655881;50;05/02/24;7
Bela Vista;MASP;-23,561414;-46,655881;50;05/02/24;8
Bela Vista;MASP;-23,561414;-46,655881;50;05/02/24;9
Bela Vista;MASP;-23,561414;-46,655881;50;06/02/24;1
Bela Vista;MASP;-23,561414;-46,655881;50;06/02/24;3
Bela Vista;MASP;-23,561414;-46,655881;50;06/02/24;6
Bela Vista;MASP;-23,561414;-46,655881;50;06/02/24;7
Bela Vista;MASP;-23,561414;-46,655881;50;06/02/24;8
Bela Vista;MASP;-23,561414;-46,655881;50;06/02/24;8
Bela Vista;MASP;-23,561414;-46,655881;50;06/02/24;8
Bela Vista;MASP;-23,561414;-46,655881;50;06/02/24;9
Bela Vista;MASP;-23,561414;-46,655881;50;06/02/24;10
Bela Vista;MASP;-23,561414;-46,655881;50;07/02/24;1
Bela Vista;MASP;-23,561414;-46,655881;50;07/02/24;1
Bela Vista;MASP;-23,561414;-46,655881;50;07/02/24;2
Bela Vista;MASP;-23,561414;-46,655881;50;07/02/24;2
Bela Vista;MASP;-23,561414;-46,655881;50;07/02/24;3
Bela Vista;MASP;-23,561414;-46,655881;50;07/02/24;4
Bela Vista;MASP;-23,561414;-46,655881;50;07/02/24;4
Bela Vista;MASP;-23,561414;-46,655881;50;07/02/24;5
Bela Vista;MASP;-23,561414;-46,655881;50;07/02/24;6
Bela Vista;MASP;-23,561414;-46,655881;50;07/02/24;7
Bela Vista;MASP;-23,561414;-46,655881;50;07/02/24;8
Bela Vista;MASP;-23,561414;-46,655881;50;07/02/24;9
Bela Vista;MASP;-23,561414;-46,655881;50;07/02/24;9
Bela Vista;MASP;-23,561414;-46,655881;50;07/02/24;9
Bela Vista;MASP;-23,561414;-46,655881;50;07/02/24;10
Bela Vista;MASP;-23,561414;-46,655881;50;07/02/24;10
Bela Vista;MASP;-23,561414;-46,655881;50;08/02/24;1
Bela Vista;MASP;-23,561414;-46,655881;50;08/02/24;2
Bela Vista;MASP;-23,561414;-46,655881;50;08/02/24;3
Bela Vista;MASP;-23,561414;-46,655881;50;08/02/24;3
Bela Vista;MASP;-23,561414;-46,655881;50;08/02/24;4
Bela Vista;MASP;-23,561414;-46,655881;50;08/02/24;7
Bela Vista;MASP;-23,561414;-46,655881;50;08/02/24;8
Bela Vista;MASP;-23,561414;-46,655881;50;08/02/24;8
Bela Vista;MASP;-23,561414;-46,655881;45;01/03/24;1
Bela Vista;MASP;-23,561414;-46,655881;45;01/03/24;2
Bela Vista;MASP;-23,561414;-46,655881;45;01/03/24;3
Bela Vista;MASP;-23,561414;-46,655881;45;01/03/24;3
Bela Vista;MASP;-23,561414;-46,655881;45;01/03/24;3
Bela Vista;MASP;-23,561414;-46,655881;45;01/03/24;5
Bela Vista;MASP;-23,561414;-46,655881;45;01/03/24;6
Bela Vista;MASP;-23,561414;-46,655881;45;01/03/24;7
Bela Vista;MASP;-23,561414;-46,655881;45;01/03/24;8
Bela Vista;MASP;-23,561414;-46,655881;45;01/03/24;8
Bela Vista;MASP;-23,561414;-46,655881;45;01/03/24;8
Bela Vista;MASP;-23,561414;-46,655881;45;01/03/24;9
Bela Vista;MASP;-23,561414;-46,655881;45;01/03/24;9
Bela Vista;MASP;-23,561414;-46,655881;45;02/03/24;1
Bela Vista;MASP;-23,561414;-46,655881;45;02/03/24;1
Bela Vista;MASP;-23,561414;-46,655881;45;02/03/24;2
Bela Vista;MASP;-23,561414;-46,655881;45;02/03/24;3
Bela Vista;MASP;-23,561414;-46,655881;45;02/03/24;4
Bela Vista;MASP;-23,561414;-46,655881;45;02/03/24;4
Bela Vista;MASP;-23,561414;-46,655881;45;02/03/24;4
Bela Vista;MASP;-23,561414;-46,655881;45;02/03/24;7
Bela Vista;MASP;-23,561414;-46,655881;45;02/03/24;8
Bela Vista;MASP;-23,561414;-46,655881;45;02/03/24;9
Bela Vista;MASP;-23,561414;-46,655881;45;02/03/24;9
Bela Vista;MASP;-23,561414;-46,655881;45;02/03/24;10
Bela Vista;MASP;-23,561414;-46,655881;45;03/03/24;1
Bela Vista;MASP;-23,561414;-46,655881;45;03/03/24;1
Bela Vista;MASP;-23,561414;-46,655881;45;03/03/24;1
Bela Vista;MASP;-23,561414;-46,655881;45;03/03/24;1
Bela Vista;MASP;-23,561414;-46,655881;45;03/03/24;3
Bela Vista;MASP;-23,561414;-46,655881;45;03/03/24;3
Bela Vista;MASP;-23,561414;-46,655881;45;03/03/24;4
Bela Vista;MASP;-23,561414;-46,655881;45;03/03/24;6
Bela Vista;MASP;-23,561414;-46,655881;45;03/03/24;6
Bela Vista;MASP;-23,561414;-46,655881;45;03/03/24;8
Bela Vista;MASP;-23,561414;-46,655881;45;03/03/24;8
Bela Vista;MASP;-23,561414;-46,655881;45;03/03/24;8
Bela Vista;MASP;-23,561414;-46,655881;45;03/03/24;8
Bela Vista;MASP;-23,561414;-46,655881;45;03/03/24;8
Bela Vista;MASP;-23,561414;-46,655881;45;03/03/24;9
Bela Vista;MASP;-23,561414;-46,655881;45;03/03/24;9
Bela Vista;MASP;-23,561414;-46,655881;45;04/03/24;1
Bela Vista;MASP;-23,561414;-46,655881;45;04/03/24;1
Bela Vista;MASP;-23,561414;-46,655881;45;04/03/24;1
Bela Vista;MASP;-23,561414;-46,655881;45;04/03/24;3
Bela Vista;MASP;-23,561414;-46,655881;45;04/03/24;4
Bela Vista;MASP;-23,561414;-46,655881;45;04/03/24;5
Bela Vista;MASP;-23,561414;-46,655881;45;04/03/24;6
Bela Vista;MASP;-23,561414;-46,655881;45;04/03/24;7
Bela Vista;MASP;-23,561414;-46,655881;45;04/03/24;8
Bela Vista;MASP;-23,561414;-46,655881;45;04/03/24;9
Bela Vista;MASP;-23,561414;-46,655881;45;04/03/24;10
Bela Vista;MASP;-23,561414;-46,655881;45;04/03/24;10
Bela Vista;MASP;-23,561414;-46,655881;45;05/03/24;1
Bela Vista;MASP;-23,561414;-46,655881;45;05/03/24;2
Bela Vista;MASP;-23,561414;-46,655881;45;05/03/24;2
Bela Vista;MASP;-23,561414;-46,655881;45;05/03/24;4
Bela Vista;MASP;-23,561414;-46,655881;45;05/03/24;4
Bela Vista;MASP;-23,561414;-46,655881;45;05/03/24;5
Bela Vista;MASP;-23,561414;-46,655881;45;05/03/24;5
Bela Vista;MASP;-23,561414;-46,655881;45;05/03/24;6
Bela Vista;MASP;-23,561414;-46,655881;45;05/03/24;7
Bela Vista;MASP;-23,561414;-46,655881;45;05/03/24;9
Bela Vista;MASP;-23,561414;-46,655881;45;05/03/24;9
Bela Vista;MASP;-23,561414;-46,655881;45;05/03/24;9
Bela Vista;MASP;-23,561414;-46,655881;45;06/03/24;1
Bela Vista;MASP;-23,561414;-46,655881;45;06/03/24;2
Bela Vista;MASP;-23,561414;-46,655881;45;06/03/24;3
Bela Vista;MASP;-23,561414;-46,655881;45;06/03/24;3
Bela Vista;MASP;-23,561414;-46,655881;45;06/03/24;3
Bela Vista;MASP;-23,561414;-46,655881;45;06/03/24;4
Bela Vista;MASP;-23,561414;-46,655881;45;06/03/24;5
Bela Vista;MASP;-23,561414;-46,655881;45;06/03/24;5
Bela Vista;MASP;-23,561414;-46,655881;45;06/03/24;5
Bela Vista;MASP;-23,561414;-46,655881;45;06/03/24;6
Bela Vista;MASP;-23,561414;-46,655881;45;06/03/24;7
Bela Vista;MASP;-23,561414;-46,655881;45;06/03/24;9
Bela Vista;MASP;-23,561414;-46,655881;45;07/03/24;1
Bela Vista;MASP;-23,561414;-46,655881;45;07/03/24;2
Bela Vista;MASP;-23,561414;-46,655881;45;07/03/24;3
Bela Vista;MASP;-23,561414;-46,655881;45;07/03/24;4
Bela Vista;MASP;-23,561414;-46,655881;45;07/03/24;5
Bela Vista;MASP;-23,561414;-46,655881;45;07/03/24;5
Bela Vista;MASP;-23,561414;-46,655881;45;07/03/24;6
Bela Vista;MASP;-23,561414;-46,655881;45;07/03/24;6
Bela Vista;MASP;-23,561414;-46,655881;45;07/03/24;6
Bela Vista;MASP;-23,561414;-46,655881;45;07/03/24;8
Bela Vista;MASP;-23,561414;-46,655881;45;07/03/24;8
Bela Vista;MASP;-23,561414;-46,655881;45;07/03/24;8
Bela Vista;MASP;-23,561414;-46,655881;45;07/03/24;9
Bela Vista;MASP;-23,561414;-46,655881;45;07/03/24;10
Bela Vista;MASP;-23,561414;-46,655881;45;08/03/24;1
Bela Vista;MASP;-23,561414;-46,655881;45;08/03/24;2
Bela Vista;MASP;-23,561414;-46,655881;45;08/03/24;2
Bela Vista;MASP;-23,561414;-46,655881;45;08/03/24;3
Bela Vista;MASP;-23,561414;-46,655881;45;08/03/24;7
Bela Vista;MASP;-23,561414;-46,655881;45;08/03/24;7
Bela Vista;MASP;-23,561414;-46,655881;45;08/03/24;7
Bela Vista;MASP;-23,561414;-46,655881;45;08/03/24;8
Bela Vista;MASP;-23,561414;-46,655881;45;08/03/24;8
Bela Vista;MASP;-23,561414;-46,655881;45;08/03/24;9
Bela Vista;MASP;-23,561414;-46,655881;40;01/04/24;1
Bela Vista;MASP;-23,561414;-46,655881;40;01/04/24;1
Bela Vista;MASP;-23,561414;-46,655881;40;01/04/24;3
Bela Vista;MASP;-23,561414;-46,655881;40;01/04/24;3
Bela Vista;MASP;-23,561414;-46,655881;40;01/04/24;4
Bela Vista;MASP;-23,561414;-46,655881;40;01/04/24;5
Bela Vista;MASP;-23,561414;-46,655881;40;01/04/24;6
Bela Vista;MASP;-23,561414;-46,655881;40;01/04/24;6
Bela Vista;MASP;-23,561414;-46,655881;40;01/04/24;8
Bela Vista;MASP;-23,561414;-46,655881;40;01/04/24;9
Bela Vista;MASP;-23,561414;-46,655881;40;01/04/24;9
Bela Vista;MASP;-23,561414;-46,655881;40;01/04/24;10
Bela Vista;MASP;-23,561414;-46,655881;40;02/04/24;1
Bela Vista;MASP;-23,561414;-46,655881;40;02/04/24;2
Bela Vista;MASP;-23,561414;-46,655881;40;02/04/24;3
Bela Vista;MASP;-23,561414;-46,655881;40;02/04/24;3
Bela Vista;MASP;-23,561414;-46,655881;40;02/04/24;6
Bela Vista;MASP;-23,561414;-46,655881;40;02/04/24;7
Bela Vista;MASP;-23,561414;-46,655881;40;02/04/24;9
Bela Vista;MASP;-23,561414;-46,655881;40;02/04/24;10
Bela Vista;MASP;-23,561414;-46,655881;40;02/04/24;10
Bela Vista;MASP;-23,561414;-46,655881;40;02/04/24;10
Bela Vista;MASP;-23,561414;-46,655881;40;03/04/24;3
Bela Vista;MASP;-23,561414;-46,655881;40;03/04/24;3
Bela Vista;MASP;-23,561414;-46,655881;40;03/04/24;4
Bela Vista;MASP;-23,561414;-46,655881;40;03/04/24;4
Bela Vista;MASP;-23,561414;-46,655881;40;03/04/24;6
Bela Vista;MASP;-23,561414;-46,655881;40;03/04/24;6
Bela Vista;MASP;-23,561414;-46,655881;40;03/04/24;6
Bela Vista;MASP;-23,561414;-46,655881;40;04/04/24;1
Bela Vista;MASP;-23,561414;-46,655881;40;04/04/24;2
Bela Vista;MASP;-23,561414;-46,655881;40;04/04/24;3
Bela Vista;MASP;-23,561414;-46,655881;40;04/04/24;4
Bela Vista;MASP;-23,561414;-46,655881;40;04/04/24;4
Bela Vista;MASP;-23,561414;-46,655881;40;04/04/24;4
Bela Vista;MASP;-23,561414;-46,655881;40;04/04/24;5
Bela Vista;MASP;-23,561414;-46,655881;40;04/04/24;5
Bela Vista;MASP;-23,561414;-46,655881;40;04/04/24;6
Bela Vista;MASP;-23,561414;-46,655881;40;04/04/24;6
Bela Vista;MASP;-23,561414;-46,655881;40;04/04/24;6
Bela Vista;MASP;-23,561414;-46,655881;40;04/04/24;7
Bela Vista;MASP;-23,561414;-46,655881;40;04/04/24;7
Bela Vista;MASP;-23,561414;-46,655881;40;04/04/24;9
Bela Vista;MASP;-23,561414;-46,655881;40;04/04/24;9
Bela Vista;MASP;-23,561414;-46,655881;40;05/04/24;2
Bela Vista;MASP;-23,561414;-46,655881;40;05/04/24;2
Bela Vista;MASP;-23,561414;-46,655881;40;05/04/24;3
Bela Vista;MASP;-23,561414;-46,655881;40;05/04/24;4
Bela Vista;MASP;-23,561414;-46,655881;40;05/04/24;5
Bela Vista;MASP;-23,561414;-46,655881;40;05/04/24;7
Bela Vista;MASP;-23,561414;-46,655881;40;05/04/24;7
Bela Vista;MASP;-23,561414;-46,655881;40;05/04/24;7
Bela Vista;MASP;-23,561414;-46,655881;40;05/04/24;8
Bela Vista;MASP;-23,561414;-46,655881;40;05/04/24;8
Bela Vista;MASP;-23,561414;-46,655881;40;05/04/24;9
Bela Vista;MASP;-23,561414;-46,655881;40;05/04/24;9
Bela Vista;MASP;-23,561414;-46,655881;40;05/04/24;9
Bela Vista;MASP;-23,561414;-46,655881;40;06/04/24;1
Bela Vista;MASP;-23,561414;-46,655881;40;06/04/24;3
Bela Vista;MASP;-23,561414;-46,655881;40;06/04/24;3
Bela Vista;MASP;-23,561414;-46,655881;40;06/04/24;4
Bela Vista;MASP;-23,561414;-46,655881;40;06/04/24;5
Bela Vista;MASP;-23,561414;-46,655881;40;06/04/24;5
Bela Vista;MASP;-23,561414;-46,655881;40;06/04/24;5
Bela Vista;MASP;-23,561414;-46,655881;40;06/04/24;6
Bela Vista;MASP;-23,561414;-46,655881;40;06/04/24;7
Bela Vista;MASP;-23,561414;-46,655881;40;06/04/24;7
Bela Vista;MASP;-23,561414;-46,655881;40;06/04/24;9
Bela Vista;MASP;-23,561414;-46,655881;40;06/04/24;10
Bela Vista;MASP;-23,561414;-46,655881;40;06/04/24;10
Bela Vista;MASP;-23,561414;-46,655881;40;07/04/24;1
Bela Vista;MASP;-23,561414;-46,655881;40;07/04/24;1
Bela Vista;MASP;-23,561414;-46,655881;40;07/04/24;2
Bela Vista;MASP;-23,561414;-46,655881;40;07/04/24;3
Bela Vista;MASP;-23,561414;-46,655881;40;07/04/24;5
Bela Vista;MASP;-23,561414;-46,655881;40;07/04/24;6
Bela Vista;MASP;-23,561414;-46,655881;40;07/04/24;6
Bela Vista;MASP;-23,561414;-46,655881;40;07/04/24;6
Bela Vista;MASP;-23,561414;-46,655881;40;07/04/24;7
Bela Vista;MASP;-23,561414;-46,655881;40;07/04/24;7
Bela Vista;MASP;-23,561414;-46,655881;40;07/04/24;10
Bela Vista;MASP;-23,561414;-46,655881;40;08/04/24;1
Bela Vista;MASP;-23,561414;-46,655881;40;08/04/24;5
Bela Vista;MASP;-23,561414;-46,655881;40;08/04/24;6
Bela Vista;MASP;-23,561414;-46,655881;40;08/04/24;6
Bela Vista;MASP;-23,561414;-46,655881;40;08/04/24;7
Bela Vista;MASP;-23,561414;-46,655881;40;08/04/24;9
Bela Vista;MASP;-23,561414;-46,655881;40;08/04/24;9
Bela Vista;MASP;-23,561414;-46,655881;40;08/04/24;10
Bela Vista;MASP;-23,561414;-46,655881;40;08/04/24;10
Bela Vista;MASP;-23,561414;-46,655881;60;01/05/24;1
Bela Vista;MASP;-23,561414;-46,655881;60;01/05/24;4
Bela Vista;MASP;-23,561414;-46,655881;60;01/05/24;4
Bela Vista;MASP;-23,561414;-46,655881;60;01/05/24;5
Bela Vista;MASP;-23,561414;-46,655881;60;01/05/24;6
Bela Vista;MASP;-23,561414;-46,655881;60;01/05/24;7
Bela Vista;MASP;-23,561414;-46,655881;60;01/05/24;7
Bela Vista;MASP;-23,561414;-46,655881;60;01/05/24;8
Bela Vista;MASP;-23,561414;-46,655881;60;01/05/24;8
Bela Vista;MASP;-23,561414;-46,655881;60;01/05/24;9
Bela Vista;MASP;-23,561414;-46,655881;60;01/05/24;10
Bela Vista;MASP;-23,561414;-46,655881;60;01/05/24;10
Bela Vista;MASP;-23,561414;-46,655881;60;02/05/24;1
Bela Vista;MASP;-23,561414;-46,655881;60;02/05/24;1
Bela Vista;MASP;-23,561414;-46,655881;60;02/05/24;1
Bela Vista;MASP;-23,561414;-46,655881;60;02/05/24;2
Bela Vista;MASP;-23,561414;-46,655881;60;02/05/24;3
Bela Vista;MASP;-23,561414;-46,655881;60;02/05/24;5
Bela Vista;MASP;-23,561414;-46,655881;60;02/05/24;5
Bela Vista;MASP;-23,561414;-46,655881;60;02/05/24;5
Bela Vista;MASP;-23,561414;-46,655881;60;02/05/24;5
Bela Vista;MASP;-23,561414;-46,655881;60;02/05/24;5
Bela Vista;MASP;-23,561414;-46,655881;60;02/05/24;6
Bela Vista;MASP;-23,561414;-46,655881;60;02/05/24;6
Bela Vista;MASP;-23,561414;-46,655881;60;02/05/24;6
Bela Vista;MASP;-23,561414;-46,655881;60;02/05/24;7
Bela Vista;MASP;-23,561414;-46,655881;60;02/05/24;7
Bela Vista;MASP;-23,561414;-46,655881;60;02/05/24;7
Bela Vista;MASP;-23,561414;-46,655881;60;02/05/24;9
Bela Vista;MASP;-23,561414;-46,655881;60;02/05/24;9
Bela Vista;MASP;-23,561414;-46,655881;60;02/05/24;9
Bela Vista;MASP;-23,561414;-46,655881;60;02/05/24;10
Bela Vista;MASP;-23,561414;-46,655881;60;03/05/24;1
Bela Vista;MASP;-23,561414;-46,655881;60;03/05/24;1
Bela Vista;MASP;-23,561414;-46,655881;60;03/05/24;1
Bela Vista;MASP;-23,561414;-46,655881;60;03/05/24;1
Bela Vista;MASP;-23,561414;-46,655881;60;03/05/24;2
Bela Vista;MASP;-23,561414;-46,655881;60;03/05/24;2
Bela Vista;MASP;-23,561414;-46,655881;60;03/05/24;2
Bela Vista;MASP;-23,561414;-46,655881;60;03/05/24;3
Bela Vista;MASP;-23,561414;-46,655881;60;03/05/24;3
Bela Vista;MASP;-23,561414;-46,655881;60;03/05/24;4
Bela Vista;MASP;-23,561414;-46,655881;60;03/05/24;4
Bela Vista;MASP;-23,561414;-46,655881;60;03/05/24;4
Bela Vista;MASP;-23,561414;-46,655881;60;03/05/24;4
Bela Vista;MASP;-23,561414;-46,655881;60;03/05/24;4
Bela Vista;MASP;-23,561414;-46,655881;60;03/05/24;5
Bela Vista;MASP;-23,561414;-46,655881;60;03/05/24;5
Bela Vista;MASP;-23,561414;-46,655881;60;03/05/24;5
Bela Vista;MASP;-23,561414;-46,655881;60;03/05/24;6
Bela Vista;MASP;-23,561414;-46,655881;60;03/05/24;6
Bela Vista;MASP;-23,561414;-46,655881;60;03/05/24;6
Bela Vista;MASP;-23,561414;-46,655881;60;03/05/24;8
Bela Vista;MASP;-23,561414;-46,655881;60;03/05/24;8
Bela Vista;MASP;-23,561414;-46,655881;60;03/05/24;9
Bela Vista;MASP;-23,561414;-46,655881;60;03/05/24;9
Bela Vista;MASP;-23,561414;-46,655881;60;03/05/24;10
Bela Vista;MASP;-23,561414;-46,655881;60;03/05/24;10
Bela Vista;MASP;-23,561414;-46,655881;60;03/05/24;10
Bela Vista;MASP;-23,561414;-46,655881;60;04/05/24;1
Bela Vista;MASP;-23,561414;-46,655881;60;04/05/24;3
Bela Vista;MASP;-23,561414;-46,655881;60;04/05/24;5
Bela Vista;MASP;-23,561414;-46,655881;60;04/05/24;6
Bela Vista;MASP;-23,561414;-46,655881;60;04/05/24;6
Bela Vista;MASP;-23,561414;-46,655881;60;04/05/24;7
Bela Vista;MASP;-23,561414;-46,655881;60;04/05/24;7
Bela Vista;MASP;-23,561414;-46,655881;60;04/05/24;8
Bela Vista;MASP;-23,561414;-46,655881;60;04/05/24;10
Bela Vista;MASP;-23,561414;-46,655881;60;04/05/24;10
Bela Vista;MASP;-23,561414;-46,655881;60;04/05/24;10
Bela Vista;MASP;-23,561414;-46,655881;60;04/05/24;10
Bela Vista;MASP;-23,561414;-46,655881;60;04/05/24;10
Bela Vista;MASP;-23,561414;-46,655881;60;05/05/24;1
Bela Vista;MASP;-23,561414;-46,655881;60;05/05/24;3
Bela Vista;MASP;-23,561414;-46,655881;60;05/05/24;4
Bela Vista;MASP;-23,561414;-46,655881;60;05/05/24;4
Bela Vista;MASP;-23,561414;-46,655881;60;05/05/24;4
Bela Vista;MASP;-23,561414;-46,655881;60;05/05/24;4
Bela Vista;MASP;-23,561414;-46,655881;60;05/05/24;4
Bela Vista;MASP;-23,561414;-46,655881;60;05/05/24;6
Bela Vista;MASP;-23,561414;-46,655881;60;05/05/24;6
Bela Vista;MASP;-23,561414;-46,655881;60;05/05/24;7
Bela Vista;MASP;-23,561414;-46,655881;60;05/05/24;7
Bela Vista;MASP;-23,561414;-46,655881;60;05/05/24;8
Bela Vista;MASP;-23,561414;-46,655881;60;05/05/24;9
Bela Vista;MASP;-23,561414;-46,655881;60;05/05/24;9
Bela Vista;MASP;-23,561414;-46,655881;60;05/05/24;10
Bela Vista;MASP;-23,561414;-46,655881;60;05/05/24;10
Bela Vista;MASP;-23,561414;-46,655881;60;06/05/24;1
Bela Vista;MASP;-23,561414;-46,655881;60;06/05/24;1
Bela Vista;MASP;-23,561414;-46,655881;60;06/05/24;3
Bela Vista;MASP;-23,561414;-46,655881;60;06/05/24;5
Bela Vista;MASP;-23,561414;-46,655881;60;06/05/24;6
Bela Vista;MASP;-23,561414;-46,655881;60;06/05/24;6
Bela Vista;MASP;-23,561414;-46,655881;60;06/05/24;6
Bela Vista;MASP;-23,561414;-46,655881;60;06/05/24;8
Bela Vista;MASP;-23,561414;-46,655881;60;06/05/24;8
Bela Vista;MASP;-23,561414;-46,655881;60;06/05/24;9
Bela Vista;MASP;-23,561414;-46,655881;60;06/05/24;9
Bela Vista;MASP;-23,561414;-46,655881;60;06/05/24;9
Bela Vista;MASP;-23,561414;-46,655881;60;06/05/24;10
Bela Vista;MASP;-23,561414;-46,655881;60;07/05/24;2
Bela Vista;MASP;-23,561414;-46,655881;60;07/05/24;3
Bela Vista;MASP;-23,561414;-46,655881;60;07/05/24;3
Bela Vista;MASP;-23,561414;-46,655881;60;07/05/24;3
Bela Vista;MASP;-23,561414;-46,655881;60;07/05/24;3
Bela Vista;MASP;-23,561414;-46,655881;60;07/05/24;4
Bela Vista;MASP;-23,561414;-46,655881;60;07/05/24;5
Bela Vista;MASP;-23,561414;-46,655881;60;07/05/24;5
Bela Vista;MASP;-23,561414;-46,655881;60;07/05/24;6
Bela Vista;MASP;-23,561414;-46,655881;60;07/05/24;6
Bela Vista;MASP;-23,561414;-46,655881;60;07/05/24;7
Bela Vista;MASP;-23,561414;-46,655881;60;07/05/24;8
Bela Vista;MASP;-23,561414;-46,655881;60;07/05/24;8
Bela Vista;MASP;-23,561414;-46,655881;60;07/05/24;9
Bela Vista;MASP;-23,561414;-46,655881;60;08/05/24;1
Bela Vista;MASP;-23,561414;-46,655881;60;08/05/24;2
Bela Vista;MASP;-23,561414;-46,655881;60;08/05/24;3
Bela Vista;MASP;-23,561414;-46,655881;60;08/05/24;3
Bela Vista;MASP;-23,561414;-46,655881;60;08/05/24;4
Bela Vista;MASP;-23,561414;-46,655881;60;08/05/24;4
Bela Vista;MASP;-23,561414;-46,655881;60;08/05/24;7
Bela Vista;MASP;-23,561414;-46,655881;60;08/05/24;7
Bela Vista;MASP;-23,561414;-46,655881;60;08/05/24;8
Bela Vista;MASP;-23,561414;-46,655881;60;08/05/24;8
Bela Vista;MASP;-23,561414;-46,655881;60;08/05/24;9
Bela Vista;MASP;-23,561414;-46,655881;60;08/05/24;10
Bela Vista;MASP;-23,561414;-46,655881;35;01/06/24;3
Bela Vista;MASP;-23,561414;-46,655881;35;01/06/24;4
Bela Vista;MASP;-23,561414;-46,655881;35;01/06/24;5
Bela Vista;MASP;-23,561414;-46,655881;35;01/06/24;5
Bela Vista;MASP;-23,561414;-46,655881;35;01/06/24;6
Bela Vista;MASP;-23,561414;-46,655881;35;01/06/24;6
Bela Vista;MASP;-23,561414;-46,655881;35;01/06/24;7
Bela Vista;MASP;-23,561414;-46,655881;35;01/06/24;7
Bela Vista;MASP;-23,561414;-46,655881;35;01/06/24;8
Bela Vista;MASP;-23,561414;-46,655881;35;02/06/24;1
Bela Vista;MASP;-23,561414;-46,655881;35;02/06/24;2
Bela Vista;MASP;-23,561414;-46,655881;35;02/06/24;3
Bela Vista;MASP;-23,561414;-46,655881;35;02/06/24;3
Bela Vista;MASP;-23,561414;-46,655881;35;02/06/24;4
Bela Vista;MASP;-23,561414;-46,655881;35;02/06/24;5
Bela Vista;MASP;-23,561414;-46,655881;35;02/06/24;5
Bela Vista;MASP;-23,561414;-46,655881;35;02/06/24;6
Bela Vista;MASP;-23,561414;-46,655881;35;02/06/24;6
Bela Vista;MASP;-23,561414;-46,655881;35;02/06/24;7
Bela Vista;MASP;-23,561414;-46,655881;35;02/06/24;7
Bela Vista;MASP;-23,561414;-46,655881;35;02/06/24;8
Bela Vista;MASP;-23,561414;-46,655881;35;02/06/24;8
Bela Vista;MASP;-23,561414;-46,655881;35;02/06/24;9
Bela Vista;MASP;-23,561414;-46,655881;35;02/06/24;9
Bela Vista;MASP;-23,561414;-46,655881;35;02/06/24;10
Bela Vista;MASP;-23,561414;-46,655881;35;03/06/24;2
Bela Vista;MASP;-23,561414;-46,655881;35;03/06/24;9
Bela Vista;MASP;-23,561414;-46,655881;35;04/06/24;1
Bela Vista;MASP;-23,561414;-46,655881;35;04/06/24;3
Bela Vista;MASP;-23,561414;-46,655881;35;04/06/24;3
Bela Vista;MASP;-23,561414;-46,655881;35;04/06/24;3
Bela Vista;MASP;-23,561414;-46,655881;35;04/06/24;4
Bela Vista;MASP;-23,561414;-46,655881;35;04/06/24;5
Bela Vista;MASP;-23,561414;-46,655881;35;04/06/24;5
Bela Vista;MASP;-23,561414;-46,655881;35;04/06/24;7
Bela Vista;MASP;-23,561414;-46,655881;35;04/06/24;7
Bela Vista;MASP;-23,561414;-46,655881;35;04/06/24;8
Bela Vista;MASP;-23,561414;-46,655881;35;04/06/24;8
Bela Vista;MASP;-23,561414;-46,655881;35;04/06/24;9
Bela Vista;MASP;-23,561414;-46,655881;35;04/06/24;10
Bela Vista;MASP;-23,561414;-46,655881;35;05/06/24;4
Bela Vista;MASP;-23,561414;-46,655881;35;05/06/24;4
Bela Vista;MASP;-23,561414;-46,655881;35;05/06/24;7
Bela Vista;MASP;-23,561414;-46,655881;35;05/06/24;9
Bela Vista;MASP;-23,561414;-46,655881;35;05/06/24;9
Bela Vista;MASP;-23,561414;-46,655881;35;05/06/24;10
Bela Vista;MASP;-23,561414;-46,655881;35;05/06/24;10
Bela Vista;MASP;-23,561414;-46,655881;35;06/06/24;4
Bela Vista;MASP;-23,561414;-46,655881;35;06/06/24;4
Bela Vista;MASP;-23,561414;-46,655881;35;06/06/24;5
Bela Vista;MASP;-23,561414;-46,655881;35;06/06/24;5
Bela Vista;MASP;-23,561414;-46,655881;35;06/06/24;5
Bela Vista;MASP;-23,561414;-46,655881;35;06/06/24;6
Bela Vista;MASP;-23,561414;-46,655881;35;06/06/24;8
Bela Vista;MASP;-23,561414;-46,655881;35;06/06/24;9
Bela Vista;MASP;-23,561414;-46,655881;35;06/06/24;10
Bela Vista;MASP;-23,561414;-46,655881;35;07/06/24;1
Bela Vista;MASP;-23,561414;-46,655881;35;07/06/24;5
Bela Vista;MASP;-23,561414;-46,655881;35;07/06/24;6
Bela Vista;MASP;-23,561414;-46,655881;35;07/06/24;7
Bela Vista;MASP;-23,561414;-46,655881;35;07/06/24;7
Bela Vista;MASP;-23,561414;-46,655881;35;07/06/24;8
Bela Vista;MASP;-23,561414;-46,655881;35;07/06/24;8
Bela Vista;MASP;-23,561414;-46,655881;35;07/06/24;8
Bela Vista;MASP;-23,561414;-46,655881;35;07/06/24;8
Bela Vista;MASP;-23,561414;-46,655881;35;07/06/24;9
Bela Vista;MASP;-23,561414;-46,655881;35;07/06/24;10
Bela Vista;MASP;-23,561414;-46,655881;35;08/06/24;1
Bela Vista;MASP;-23,561414;-46,655881;35;08/06/24;2
Bela Vista;MASP;-23,561414;-46,655881;35;08/06/24;3
Bela Vista;MASP;-23,561414;-46,655881;35;08/06/24;3
Bela Vista;MASP;-23,561414;-46,655881;35;08/06/24;3
Bela Vista;MASP;-23,561414;-46,655881;35;08/06/24;4
Bela Vista;MASP;-23,561414;-46,655881;35;08/06/24;4
Bela Vista;MASP;-23,561414;-46,655881;35;08/06/24;6
Bela Vista;MASP;-23,561414;-46,655881;35;08/06/24;7
Bela Vista;MASP;-23,561414;-46,655881;35;08/06/24;8
Bela Vista;MASP;-23,561414;-46,655881;35;08/06/24;9
Bela Vista;MASP;-23,561414;-46,655881;35;08/06/24;10
Bela Vista;MASP;-23,561414;-46,655881;35;08/06/24;10
Bela Vista;MASP;-23,561414;-46,655881;30;01/07/24;1
Bela Vista;MASP;-23,561414;-46,655881;30;01/07/24;1
Bela Vista;MASP;-23,561414;-46,655881;30;01/07/24;1
Bela Vista;MASP;-23,561414;-46,655881;30;01/07/24;1
Bela Vista;MASP;-23,561414;-46,655881;30;01/07/24;1
Bela Vista;MASP;-23,561414;-46,655881;30;01/07/24;2
Bela Vista;MASP;-23,561414;-46,655881;30;01/07/24;4
Bela Vista;MASP;-23,561414;-46,655881;30;01/07/24;4
Bela Vista;MASP;-23,561414;-46,655881;30;01/07/24;4
Bela Vista;MASP;-23,561414;-46,655881;30;01/07/24;5
Bela Vista;MASP;-23,561414;-46,655881;30;01/07/24;7
Bela Vista;MASP;-23,561414;-46,655881;30;01/07/24;8
Bela Vista;MASP;-23,561414;-46,655881;30;01/07/24;8
Bela Vista;MASP;-23,561414;-46,655881;30;01/07/24;10
Bela Vista;MASP;-23,561414;-46,655881;30;01/07/24;10
Bela Vista;MASP;-23,561414;-46,655881;30;01/07/24;10
Bela Vista;MASP;-23,561414;-46,655881;30;02/07/24;2
Bela Vista;MASP;-23,561414;-46,655881;30;02/07/24;2
Bela Vista;MASP;-23,561414;-46,655881;30;02/07/24;2
Bela Vista;MASP;-23,561414;-46,655881;30;02/07/24;3
Bela Vista;MASP;-23,561414;-46,655881;30;02/07/24;3
Bela Vista;MASP;-23,561414;-46,655881;30;02/07/24;4
Bela Vista;MASP;-23,561414;-46,655881;30;02/07/24;5
Bela Vista;MASP;-23,561414;-46,655881;30;02/07/24;7
Bela Vista;MASP;-23,561414;-46,655881;30;02/07/24;7
Bela Vista;MASP;-23,561414;-46,655881;30;02/07/24;8
Bela Vista;MASP;-23,561414;-46,655881;30;02/07/24;8
Bela Vista;MASP;-23,561414;-46,655881;30;02/07/24;9
Bela Vista;MASP;-23,561414;-46,655881;30;02/07/24;9
Bela Vista;MASP;-23,561414;-46,655881;30;03/07/24;1
Bela Vista;MASP;-23,561414;-46,655881;30;03/07/24;2
Bela Vista;MASP;-23,561414;-46,655881;30;03/07/24;2
Bela Vista;MASP;-23,561414;-46,655881;30;03/07/24;2
Bela Vista;MASP;-23,561414;-46,655881;30;03/07/24;3
Bela Vista;MASP;-23,561414;-46,655881;30;03/07/24;4
Bela Vista;MASP;-23,561414;-46,655881;30;03/07/24;4
Bela Vista;MASP;-23,561414;-46,655881;30;03/07/24;5
Bela Vista;MASP;-23,561414;-46,655881;30;03/07/24;6
Bela Vista;MASP;-23,561414;-46,655881;30;03/07/24;6
Bela Vista;MASP;-23,561414;-46,655881;30;03/07/24;6
Bela Vista;MASP;-23,561414;-46,655881;30;03/07/24;8
Bela Vista;MASP;-23,561414;-46,655881;30;03/07/24;8
Bela Vista;MASP;-23,561414;-46,655881;30;03/07/24;9
Bela Vista;MASP;-23,561414;-46,655881;30;03/07/24;9
Bela Vista;MASP;-23,561414;-46,655881;30;03/07/24;9
Bela Vista;MASP;-23,561414;-46,655881;30;03/07/24;9
Bela Vista;MASP;-23,561414;-46,655881;30;03/07/24;10
Bela Vista;MASP;-23,561414;-46,655881;30;04/07/24;1
Bela Vista;MASP;-23,561414;-46,655881;30;04/07/24;2
Bela Vista;MASP;-23,561414;-46,655881;30;04/07/24;2
Bela Vista;MASP;-23,561414;-46,655881;30;04/07/24;2
Bela Vista;MASP;-23,561414;-46,655881;30;04/07/24;2
Bela Vista;MASP;-23,561414;-46,655881;30;04/07/24;3
Bela Vista;MASP;-23,561414;-46,655881;30;04/07/24;6
Bela Vista;MASP;-23,561414;-46,655881;30;04/07/24;6
Bela Vista;MASP;-23,561414;-46,655881;30;04/07/24;7
Bela Vista;MASP;-23,561414;-46,655881;30;04/07/24;10
Bela Vista;MASP;-23,561414;-46,655881;30;05/07/24;1
Bela Vista;MASP;-23,561414;-46,655881;30;05/07/24;2
Bela Vista;MASP;-23,561414;-46,655881;30;05/07/24;5
Bela Vista;MASP;-23,561414;-46,655881;30;05/07/24;5
Bela Vista;MASP;-23,561414;-46,655881;30;05/07/24;5
Bela Vista;MASP;-23,561414;-46,655881;30;05/07/24;5
Bela Vista;MASP;-23,561414;-46,655881;30;05/07/24;5
Bela Vista;MASP;-23,561414;-46,655881;30;05/07/24;6
Bela Vista;MASP;-23,561414;-46,655881;30;05/07/24;7
Bela Vista;MASP;-23,561414;-46,655881;30;05/07/24;7
Bela Vista;MASP;-23,561414;-46,655881;30;05/07/24;7
Bela Vista;MASP;-23,561414;-46,655881;30;05/07/24;8
Bela Vista;MASP;-23,561414;-46,655881;30;05/07/24;8
Bela Vista;MASP;-23,561414;-46,655881;30;05/07/24;9
Bela Vista;MASP;-23,561414;-46,655881;30;05/07/24;9
Bela Vista;MASP;-23,561414;-46,655881;30;05/07/24;9
Bela Vista;MASP;-23,561414;-46,655881;30;05/07/24;10
Bela Vista;MASP;-23,561414;-46,655881;30;06/07/24;1
Bela Vista;MASP;-23,561414;-46,655881;30;06/07/24;1
Bela Vista;MASP;-23,561414;-46,655881;30;06/07/24;2
Bela Vista;MASP;-23,561414;-46,655881;30;06/07/24;2
Bela Vista;MASP;-23,561414;-46,655881;30;06/07/24;3
Bela Vista;MASP;-23,561414;-46,655881;30;06/07/24;4
Bela Vista;MASP;-23,561414;-46,655881;30;06/07/24;4
Bela Vista;MASP;-23,561414;-46,655881;30;06/07/24;4
Bela Vista;MASP;-23,561414;-46,655881;30;06/07/24;5
Bela Vista;MASP;-23,561414;-46,655881;30;06/07/24;5
Bela Vista;MASP;-23,561414;-46,655881;30;06/07/24;6
Bela Vista;MASP;-23,561414;-46,655881;30;06/07/24;6
Bela Vista;MASP;-23,561414;-46,655881;30;06/07/24;8
Bela Vista;MASP;-23,561414;-46,655881;30;06/07/24;8
Bela Vista;MASP;-23,561414;-46,655881;30;06/07/24;9
Bela Vista;MASP;-23,561414;-46,655881;30;06/07/24;9
Bela Vista;MASP;-23,561414;-46,655881;30;07/07/24;1
Bela Vista;MASP;-23,561414;-46,655881;30;07/07/24;1
Bela Vista;MASP;-23,561414;-46,655881;30;07/07/24;2
Bela Vista;MASP;-23,561414;-46,655881;30;07/07/24;3
Bela Vista;MASP;-23,561414;-46,655881;30;07/07/24;5
Bela Vista;MASP;-23,561414;-46,655881;30;07/07/24;6
Bela Vista;MASP;-23,561414;-46,655881;30;07/07/24;6
Bela Vista;MASP;-23,561414;-46,655881;30;07/07/24;7
Bela Vista;MASP;-23,561414;-46,655881;30;07/07/24;7
Bela Vista;MASP;-23,561414;-46,655881;30;07/07/24;9
Bela Vista;MASP;-23,561414;-46,655881;30;07/07/24;9
Bela Vista;MASP;-23,561414;-46,655881;30;08/07/24;1
Bela Vista;MASP;-23,561414;-46,655881;30;08/07/24;1
Bela Vista;MASP;-23,561414;-46,655881;30;08/07/24;2
Bela Vista;MASP;-23,561414;-46,655881;30;08/07/24;3
Bela Vista;MASP;-23,561414;-46,655881;30;08/07/24;3
Bela Vista;MASP;-23,561414;-46,655881;30;08/07/24;3
Bela Vista;MASP;-23,561414;-46,655881;30;08/07/24;4
Bela Vista;MASP;-23,561414;-46,655881;30;08/07/24;4
Bela Vista;MASP;-23,561414;-46,655881;30;08/07/24;4
Bela Vista;MASP;-23,561414;-46,655881;30;08/07/24;6
Bela Vista;MASP;-23,561414;-46,655881;30;08/07/24;6
Bela Vista;MASP;-23,561414;-46,655881;30;08/07/24;7
Bela Vista;MASP;-23,561414;-46,655881;30;08/07/24;7
Bela Vista;MASP;-23,561414;-46,655881;30;08/07/24;8
Bela Vista;MASP;-23,561414;-46,655881;30;08/07/24;9
Bela Vista;MASP;-23,561414;-46,655881;30;08/07/24;10
Bela Vista;MASP;-23,561414;-46,655881;55;01/08/24;1
Bela Vista;MASP;-23,561414;-46,655881;55;01/08/24;3
Bela Vista;MASP;-23,561414;-46,655881;55;01/08/24;4
Bela Vista;MASP;-23,561414;-46,655881;55;01/08/24;4
Bela Vista;MASP;-23,561414;-46,655881;55;01/08/24;5
Bela Vista;MASP;-23,561414;-46,655881;55;01/08/24;7
Bela Vista;MASP;-23,561414;-46,655881;55;01/08/24;8
Bela Vista;MASP;-23,561414;-46,655881;55;01/08/24;9
Bela Vista;MASP;-23,561414;-46,655881;55;02/08/24;1
Bela Vista;MASP;-23,561414;-46,655881;55;02/08/24;2
Bela Vista;MASP;-23,561414;-46,655881;55;02/08/24;3
Bela Vista;MASP;-23,561414;-46,655881;55;02/08/24;3
Bela Vista;MASP;-23,561414;-46,655881;55;02/08/24;4
Bela Vista;MASP;-23,561414;-46,655881;55;02/08/24;6
Bela Vista;MASP;-23,561414;-46,655881;55;02/08/24;6
Bela Vista;MASP;-23,561414;-46,655881;55;02/08/24;8
Bela Vista;MASP;-23,561414;-46,655881;55;02/08/24;8
Bela Vista;MASP;-23,561414;-46,655881;55;02/08/24;10
Bela Vista;MASP;-23,561414;-46,655881;55;03/08/24;2
Bela Vista;MASP;-23,561414;-46,655881;55;03/08/24;2
Bela Vista;MASP;-23,561414;-46,655881;55;03/08/24;2
Bela Vista;MASP;-23,561414;-46,655881;55;03/08/24;3
Bela Vista;MASP;-23,561414;-46,655881;55;03/08/24;4
Bela Vista;MASP;-23,561414;-46,655881;55;03/08/24;4
Bela Vista;MASP;-23,561414;-46,655881;55;03/08/24;5
Bela Vista;MASP;-23,561414;-46,655881;55;03/08/24;5
Bela Vista;MASP;-23,561414;-46,655881;55;03/08/24;8
Bela Vista;MASP;-23,561414;-46,655881;55;03/08/24;9
Bela Vista;MASP;-23,561414;-46,655881;55;03/08/24;10
Bela Vista;MASP;-23,561414;-46,655881;55;04/08/24;1
Bela Vista;MASP;-23,561414;-46,655881;55;04/08/24;1
Bela Vista;MASP;-23,561414;-46,655881;55;04/08/24;2
Bela Vista;MASP;-23,561414;-46,655881;55;04/08/24;2
Bela Vista;MASP;-23,561414;-46,655881;55;04/08/24;2
Bela Vista;MASP;-23,561414;-46,655881;55;04/08/24;3
Bela Vista;MASP;-23,561414;-46,655881;55;04/08/24;3
Bela Vista;MASP;-23,561414;-46,655881;55;04/08/24;4
Bela Vista;MASP;-23,561414;-46,655881;55;04/08/24;6
Bela Vista;MASP;-23,561414;-46,655881;55;04/08/24;7
Bela Vista;MASP;-23,561414;-46,655881;55;04/08/24;7
Bela Vista;MASP;-23,561414;-46,655881;55;04/08/24;8
Bela Vista;MASP;-23,561414;-46,655881;55;04/08/24;8
Bela Vista;MASP;-23,561414;-46,655881;55;04/08/24;10
Bela Vista;MASP;-23,561414;-46,655881;55;05/08/24;4
Bela Vista;MASP;-23,561414;-46,655881;55;05/08/24;4
Bela Vista;MASP;-23,561414;-46,655881;55;05/08/24;4
Bela Vista;MASP;-23,561414;-46,655881;55;05/08/24;5
Bela Vista;MASP;-23,561414;-46,655881;55;05/08/24;5
Bela Vista;MASP;-23,561414;-46,655881;55;05/08/24;5
Bela Vista;MASP;-23,561414;-46,655881;55;05/08/24;8
Bela Vista;MASP;-23,561414;-46,655881;55;05/08/24;10
Bela Vista;MASP;-23,561414;-46,655881;55;06/08/24;1
Bela Vista;MASP;-23,561414;-46,655881;55;06/08/24;1
Bela Vista;MASP;-23,561414;-46,655881;55;06/08/24;1
Bela Vista;MASP;-23,561414;-46,655881;55;06/08/24;3
Bela Vista;MASP;-23,561414;-46,655881;55;06/08/24;3
Bela Vista;MASP;-23,561414;-46,655881;55;06/08/24;7
Bela Vista;MASP;-23,561414;-46,655881;55;06/08/24;7
Bela Vista;MASP;-23,561414;-46,655881;55;06/08/24;8
Bela Vista;MASP;-23,561414;-46,655881;55;06/08/24;8
Bela Vista;MASP;-23,561414;-46,655881;55;06/08/24;8
Bela Vista;MASP;-23,561414;-46,655881;55;06/08/24;9
Bela Vista;MASP;-23,561414;-46,655881;55;06/08/24;10
Bela Vista;MASP;-23,561414;-46,655881;55;06/08/24;10
Bela Vista;MASP;-23,561414;-46,655881;55;07/08/24;1
Bela Vista;MASP;-23,561414;-46,655881;55;07/08/24;2
Bela Vista;MASP;-23,561414;-46,655881;55;07/08/24;4
Bela Vista;MASP;-23,561414;-46,655881;55;07/08/24;5
Bela Vista;MASP;-23,561414;-46,655881;55;07/08/24;6
Bela Vista;MASP;-23,561414;-46,655881;55;07/08/24;6
Bela Vista;MASP;-23,561414;-46,655881;55;07/08/24;6
Bela Vista;MASP;-23,561414;-46,655881;55;07/08/24;7
Bela Vista;MASP;-23,561414;-46,655881;55;07/08/24;7
Bela Vista;MASP;-23,561414;-46,655881;55;07/08/24;8
Bela Vista;MASP;-23,561414;-46,655881;55;07/08/24;9
Bela Vista;MASP;-23,561414;-46,655881;55;07/08/24;10
Bela Vista;MASP;-23,561414;-46,655881;55;07/08/24;10
Bela Vista;MASP;-23,561414;-46,655881;55;07/08/24;10
Bela Vista;MASP;-23,561414;-46,655881;55;08/08/24;1
Bela Vista;MASP;-23,561414;-46,655881;55;08/08/24;1
Bela Vista;MASP;-23,561414;-46,655881;55;08/08/24;3
Bela Vista;MASP;-23,561414;-46,655881;55;08/08/24;3
Bela Vista;MASP;-23,561414;-46,655881;55;08/08/24;6
Bela Vista;MASP;-23,561414;-46,655881;55;08/08/24;6
Bela Vista;MASP;-23,561414;-46,655881;55;08/08/24;8
Bela Vista;MASP;-23,561414;-46,655881;55;08/08/24;8
Bela Vista;MASP;-23,561414;-46,655881;55;08/08/24;8
Bela Vista;MASP;-23,561414;-46,655881;55;08/08/24;9
Bela Vista;MASP;-23,561414;-46,655881;55;08/08/24;9
Bela Vista;MASP;-23,561414;-46,655881;50;01/09/24;2
Bela Vista;MASP;-23,561414;-46,655881;50;01/09/24;3
Bela Vista;MASP;-23,561414;-46,655881;50;01/09/24;3
Bela Vista;MASP;-23,561414;-46,655881;50;01/09/24;5
Bela Vista;MASP;-23,561414;-46,655881;50;01/09/24;5
Bela Vista;MASP;-23,561414;-46,655881;50;01/09/24;6
Bela Vista;MASP;-23,561414;-46,655881;50;01/09/24;6
Bela Vista;MASP;-23,561414;-46,655881;50;01/09/24;7
Bela Vista;MASP;-23,561414;-46,655881;50;02/09/24;4
Bela Vista;MASP;-23,561414;-46,655881;50;02/09/24;4
Bela Vista;MASP;-23,561414;-46,655881;50;02/09/24;4
Bela Vista;MASP;-23,561414;-46,655881;50;02/09/24;5
Bela Vista;MASP;-23,561414;-46,655881;50;02/09/24;5
Bela Vista;MASP;-23,561414;-46,655881;50;02/09/24;6
Bela Vista;MASP;-23,561414;-46,655881;50;02/09/24;6
Bela Vista;MASP;-23,561414;-46,655881;50;02/09/24;6
Bela Vista;MASP;-23,561414;-46,655881;50;02/09/24;9
Bela Vista;MASP;-23,561414;-46,655881;50;02/09/24;9
Bela Vista;MASP;-23,561414;-46,655881;50;02/09/24;10
Bela Vista;MASP;-23,561414;-46,655881;50;03/09/24;2
Bela Vista;MASP;-23,561414;-46,655881;50;03/09/24;7
Bela Vista;MASP;-23,561414;-46,655881;50;03/09/24;8
Bela Vista;MASP;-23,561414;-46,655881;50;03/09/24;9
Bela Vista;MASP;-23,561414;-46,655881;50;03/09/24;10
Bela Vista;MASP;-23,561414;-46,655881;50;03/09/24;10
Bela Vista;MASP;-23,561414;-46,655881;50;04/09/24;1
Bela Vista;MASP;-23,561414;-46,655881;50;04/09/24;2
Bela Vista;MASP;-23,561414;-46,655881;50;04/09/24;3
Bela Vista;MASP;-23,561414;-46,655881;50;04/09/24;4
Bela Vista;MASP;-23,561414;-46,655881;50;04/09/24;5
Bela Vista;MASP;-23,561414;-46,655881;50;04/09/24;5
Bela Vista;MASP;-23,561414;-46,655881;50;04/09/24;7
Bela Vista;MASP;-23,561414;-46,655881;50;04/09/24;8
Bela Vista;MASP;-23,561414;-46,655881;50;05/09/24;1
Bela Vista;MASP;-23,561414;-46,655881;50;05/09/24;1
Bela Vista;MASP;-23,561414;-46,655881;50;05/09/24;3
Bela Vista;MASP;-23,561414;-46,655881;50;05/09/24;3
Bela Vista;MASP;-23,561414;-46,655881;50;05/09/24;5
Bela Vista;MASP;-23,561414;-46,655881;50;05/09/24;5
Bela Vista;MASP;-23,561414;-46,655881;50;05/09/24;6
Bela Vista;MASP;-23,561414;-46,655881;50;05/09/24;6
Bela Vista;MASP;-23,561414;-46,655881;50;05/09/24;6
Bela Vista;MASP;-23,561414;-46,655881;50;05/09/24;8
Bela Vista;MASP;-23,561414;-46,655881;50;05/09/24;10
Bela Vista;MASP;-23,561414;-46,655881;50;05/09/24;10
Bela Vista;MASP;-23,561414;-46,655881;50;06/09/24;2
Bela Vista;MASP;-23,561414;-46,655881;50;06/09/24;5
Bela Vista;MASP;-23,561414;-46,655881;50;06/09/24;5
Bela Vista;MASP;-23,561414;-46,655881;50;06/09/24;6
Bela Vista;MASP;-23,561414;-46,655881;50;06/09/24;9
Bela Vista;MASP;-23,561414;-46,655881;50;06/09/24;10
Bela Vista;MASP;-23,561414;-46,655881;50;07/09/24;1
Bela Vista;MASP;-23,561414;-46,655881;50;07/09/24;2
Bela Vista;MASP;-23,561414;-46,655881;50;07/09/24;2
Bela Vista;MASP;-23,561414;-46,655881;50;07/09/24;2
Bela Vista;MASP;-23,561414;-46,655881;50;07/09/24;2
Bela Vista;MASP;-23,561414;-46,655881;50;07/09/24;5
Bela Vista;MASP;-23,561414;-46,655881;50;07/09/24;5
Bela Vista;MASP;-23,561414;-46,655881;50;07/09/24;5
Bela Vista;MASP;-23,561414;-46,655881;50;07/09/24;6
Bela Vista;MASP;-23,561414;-46,655881;50;07/09/24;7
Bela Vista;MASP;-23,561414;-46,655881;50;07/09/24;9
Bela Vista;MASP;-23,561414;-46,655881;50;08/09/24;2
Bela Vista;MASP;-23,561414;-46,655881;50;08/09/24;3
Bela Vista;MASP;-23,561414;-46,655881;50;08/09/24;3
Bela Vista;MASP;-23,561414;-46,655881;50;08/09/24;4
Bela Vista;MASP;-23,561414;-46,655881;50;08/09/24;4
Bela Vista;MASP;-23,561414;-46,655881;50;08/09/24;5
Bela Vista;MASP;-23,561414;-46,655881;50;08/09/24;6
Bela Vista;MASP;-23,561414;-46,655881;50;08/09/24;6
Bela Vista;MASP;-23,561414;-46,655881;50;08/09/24;7
Bela Vista;MASP;-23,561414;-46,655881;50;08/09/24;8
Bela Vista;MASP;-23,561414;-46,655881;50;08/09/24;8
Bela Vista;MASP;-23,561414;-46,655881;50;08/09/24;8
Bela Vista;MASP;-23,561414;-46,655881;50;08/09/24;9
Bela Vista;MASP;-23,561414;-46,655881;50;08/09/24;9
Bela Vista;MASP;-23,561414;-46,655881;45;01/10/24;1
Bela Vista;MASP;-23,561414;-46,655881;45;01/10/24;1
Bela Vista;MASP;-23,561414;-46,655881;45;01/10/24;2
Bela Vista;MASP;-23,561414;-46,655881;45;01/10/24;2
Bela Vista;MASP;-23,561414;-46,655881;45;01/10/24;4
Bela Vista;MASP;-23,561414;-46,655881;45;01/10/24;4
Bela Vista;MASP;-23,561414;-46,655881;45;01/10/24;5
Bela Vista;MASP;-23,561414;-46,655881;45;01/10/24;5
Bela Vista;MASP;-23,561414;-46,655881;45;01/10/24;6
Bela Vista;MASP;-23,561414;-46,655881;45;01/10/24;6
Bela Vista;MASP;-23,561414;-46,655881;45;01/10/24;7
Bela Vista;MASP;-23,561414;-46,655881;45;01/10/24;7
Bela Vista;MASP;-23,561414;-46,655881;45;01/10/24;7
Bela Vista;MASP;-23,561414;-46,655881;45;01/10/24;9
Bela Vista;MASP;-23,561414;-46,655881;45;01/10/24;9
Bela Vista;MASP;-23,561414;-46,655881;45;01/10/24;10
Bela Vista;MASP;-23,561414;-46,655881;45;02/10/24;1
Bela Vista;MASP;-23,561414;-46,655881;45;02/10/24;3
Bela Vista;MASP;-23,561414;-46,655881;45;02/10/24;3
Bela Vista;MASP;-23,561414;-46,655881;45;02/10/24;3
Bela Vista;MASP;-23,561414;-46,655881;45;02/10/24;4
Bela Vista;MASP;-23,561414;-46,655881;45;02/10/24;4
Bela Vista;MASP;-23,561414;-46,655881;45;02/10/24;6
Bela Vista;MASP;-23,561414;-46,655881;45;02/10/24;6
Bela Vista;MASP;-23,561414;-46,655881;45;02/10/24;7
Bela Vista;MASP;-23,561414;-46,655881;45;02/10/24;8
Bela Vista;MASP;-23,561414;-46,655881;45;02/10/24;9
Bela Vista;MASP;-23,561414;-46,655881;45;02/10/24;9
Bela Vista;MASP;-23,561414;-46,655881;45;02/10/24;9
Bela Vista;MASP;-23,561414;-46,655881;45;02/10/24;9
Bela Vista;MASP;-23,561414;-46,655881;45;02/10/24;10
Bela Vista;MASP;-23,561414;-46,655881;45;03/10/24;4
Bela Vista;MASP;-23,561414;-46,655881;45;03/10/24;6
Bela Vista;MASP;-23,561414;-46,655881;45;03/10/24;6
Bela Vista;MASP;-23,561414;-46,655881;45;03/10/24;7
Bela Vista;MASP;-23,561414;-46,655881;45;04/10/24;1
Bela Vista;MASP;-23,561414;-46,655881;45;04/10/24;1
Bela Vista;MASP;-23,561414;-46,655881;45;04/10/24;1
Bela Vista;MASP;-23,561414;-46,655881;45;04/10/24;2
Bela Vista;MASP;-23,561414;-46,655881;45;04/10/24;2
Bela Vista;MASP;-23,561414;-46,655881;45;04/10/24;4
Bela Vista;MASP;-23,561414;-46,655881;45;04/10/24;5
Bela Vista;MASP;-23,561414;-46,655881;45;04/10/24;6
Bela Vista;MASP;-23,561414;-46,655881;45;04/10/24;6
Bela Vista;MASP;-23,561414;-46,655881;45;04/10/24;6
Bela Vista;MASP;-23,561414;-46,655881;45;04/10/24;7
Bela Vista;MASP;-23,561414;-46,655881;45;04/10/24;9
Bela Vista;MASP;-23,561414;-46,655881;45;04/10/24;9
Bela Vista;MASP;-23,561414;-46,655881;45;04/10/24;10
Bela Vista;MASP;-23,561414;-46,655881;45;05/10/24;1
Bela Vista;MASP;-23,561414;-46,655881;45;05/10/24;2
Bela Vista;MASP;-23,561414;-46,655881;45;05/10/24;5
Bela Vista;MASP;-23,561414;-46,655881;45;05/10/24;5
Bela Vista;MASP;-23,561414;-46,655881;45;05/10/24;7
Bela Vista;MASP;-23,561414;-46,655881;45;05/10/24;7
Bela Vista;MASP;-23,561414;-46,655881;45;05/10/24;8
Bela Vista;MASP;-23,561414;-46,655881;45;05/10/24;8
Bela Vista;MASP;-23,561414;-46,655881;45;05/10/24;9
Bela Vista;MASP;-23,561414;-46,655881;45;05/10/24;9
Bela Vista;MASP;-23,561414;-46,655881;45;05/10/24;10
Bela Vista;MASP;-23,561414;-46,655881;45;05/10/24;10
Bela Vista;MASP;-23,561414;-46,655881;45;06/10/24;1
Bela Vista;MASP;-23,561414;-46,655881;45;06/10/24;1
Bela Vista;MASP;-23,561414;-46,655881;45;06/10/24;2
Bela Vista;MASP;-23,561414;-46,655881;45;06/10/24;2
Bela Vista;MASP;-23,561414;-46,655881;45;06/10/24;2
Bela Vista;MASP;-23,561414;-46,655881;45;06/10/24;3
Bela Vista;MASP;-23,561414;-46,655881;45;06/10/24;4
Bela Vista;MASP;-23,561414;-46,655881;45;06/10/24;5
Bela Vista;MASP;-23,561414;-46,655881;45;06/10/24;5
Bela Vista;MASP;-23,561414;-46,655881;45;06/10/24;5
Bela Vista;MASP;-23,561414;-46,655881;45;06/10/24;5
Bela Vista;MASP;-23,561414;-46,655881;45;06/10/24;6
Bela Vista;MASP;-23,561414;-46,655881;45;06/10/24;7
Bela Vista;MASP;-23,561414;-46,655881;45;06/10/24;7
Bela Vista;MASP;-23,561414;-46,655881;45;06/10/24;9
Bela Vista;MASP;-23,561414;-46,655881;45;07/10/24;2
Bela Vista;MASP;-23,561414;-46,655881;45;07/10/24;2
Bela Vista;MASP;-23,561414;-46,655881;45;07/10/24;3
Bela Vista;MASP;-23,561414;-46,655881;45;07/10/24;3
Bela Vista;MASP;-23,561414;-46,655881;45;07/10/24;4
Bela Vista;MASP;-23,561414;-46,655881;45;07/10/24;5
Bela Vista;MASP;-23,561414;-46,655881;45;07/10/24;5
Bela Vista;MASP;-23,561414;-46,655881;45;07/10/24;5
Bela Vista;MASP;-23,561414;-46,655881;45;07/10/24;5
Bela Vista;MASP;-23,561414;-46,655881;45;07/10/24;5
Bela Vista;MASP;-23,561414;-46,655881;45;07/10/24;6
Bela Vista;MASP;-23,561414;-46,655881;45;07/10/24;8
Bela Vista;MASP;-23,561414;-46,655881;45;07/10/24;9
Bela Vista;MASP;-23,561414;-46,655881;45;08/10/24;1
Bela Vista;MASP;-23,561414;-46,655881;45;08/10/24;2
Bela Vista;MASP;-23,561414;-46,655881;45;08/10/24;2
Bela Vista;MASP;-23,561414;-46,655881;45;08/10/24;3
Bela Vista;MASP;-23,561414;-46,655881;45;08/10/24;4
Bela Vista;MASP;-23,561414;-46,655881;45;08/10/24;7
Bela Vista;MASP;-23,561414;-46,655881;45;08/10/24;7
Bela Vista;MASP;-23,561414;-46,655881;45;08/10/24;7
Bela Vista;MASP;-23,561414;-46,655881;45;08/10/24;8
Bela Vista;MASP;-23,561414;-46,655881;45;08/10/24;10
Bela Vista;MASP;-23,561414;-46,655881;45;08/10/24;10
Bela Vista;MASP;-23,561414;-46,655881;40;01/11/24;2
Bela Vista;MASP;-23,561414;-46,655881;40;01/11/24;2
Bela Vista;MASP;-23,561414;-46,655881;40;01/11/24;2
Bela Vista;MASP;-23,561414;-46,655881;40;01/11/24;2
Bela Vista;MASP;-23,561414;-46,655881;40;01/11/24;4
Bela Vista;MASP;-23,561414;-46,655881;40;01/11/24;5
Bela Vista;MASP;-23,561414;-46,655881;40;01/11/24;7
Bela Vista;MASP;-23,561414;-46,655881;40;01/11/24;8
Bela Vista;MASP;-23,561414;-46,655881;40;01/11/24;10
Bela Vista;MASP;-23,561414;-46,655881;40;01/11/24;10
Bela Vista;MASP;-23,561414;-46,655881;40;01/11/24;10
Bela Vista;MASP;-23,561414;-46,655881;40;02/11/24;1
Bela Vista;MASP;-23,561414;-46,655881;40;02/11/24;2
Bela Vista;MASP;-23,561414;-46,655881;40;02/11/24;3
Bela Vista;MASP;-23,561414;-46,655881;40;02/11/24;3
Bela Vista;MASP;-23,561414;-46,655881;40;02/11/24;4
Bela Vista;MASP;-23,561414;-46,655881;40;02/11/24;6
Bela Vista;MASP;-23,561414;-46,655881;40;02/11/24;7
Bela Vista;MASP;-23,561414;-46,655881;40;02/11/24;7
Bela Vista;MASP;-23,561414;-46,655881;40;02/11/24;7
Bela Vista;MASP;-23,561414;-46,655881;40;02/11/24;7
Bela Vista;MASP;-23,561414;-46,655881;40;02/11/24;7
Bela Vista;MASP;-23,561414;-46,655881;40;02/11/24;9
Bela Vista;MASP;-23,561414;-46,655881;40;02/11/24;9
Bela Vista;MASP;-23,561414;-46,655881;40;02/11/24;9
Bela Vista;MASP;-23,561414;-46,655881;40;02/11/24;10
Bela Vista;MASP;-23,561414;-46,655881;40;03/11/24;3
Bela Vista;MASP;-23,561414;-46,655881;40;03/11/24;4
Bela Vista;MASP;-23,561414;-46,655881;40;03/11/24;4
Bela Vista;MASP;-23,561414;-46,655881;40;03/11/24;5
Bela Vista;MASP;-23,561414;-46,655881;40;03/11/24;6
Bela Vista;MASP;-23,561414;-46,655881;40;03/11/24;7
Bela Vista;MASP;-23,561414;-46,655881;40;03/11/24;8
Bela Vista;MASP;-23,561414;-46,655881;40;03/11/24;9
Bela Vista;MASP;-23,561414;-46,655881;40;03/11/24;10
Bela Vista;MASP;-23,561414;-46,655881;40;04/11/24;1
Bela Vista;MASP;-23,561414;-46,655881;40;04/11/24;1
Bela Vista;MASP;-23,561414;-46,655881;40;04/11/24;1
Bela Vista;MASP;-23,561414;-46,655881;40;04/11/24;2
Bela Vista;MASP;-23,561414;-46,655881;40;04/11/24;3
Bela Vista;MASP;-23,561414;-46,655881;40;04/11/24;3
Bela Vista;MASP;-23,561414;-46,655881;40;04/11/24;4
Bela Vista;MASP;-23,561414;-46,655881;40;04/11/24;4
Bela Vista;MASP;-23,561414;-46,655881;40;04/11/24;6
Bela Vista;MASP;-23,561414;-46,655881;40;04/11/24;7
Bela Vista;MASP;-23,561414;-46,655881;40;04/11/24;9
Bela Vista;MASP;-23,561414;-46,655881;40;05/11/24;1
Bela Vista;MASP;-23,561414;-46,655881;40;05/11/24;2
Bela Vista;MASP;-23,561414;-46,655881;40;05/11/24;2
Bela Vista;MASP;-23,561414;-46,655881;40;05/11/24;5
Bela Vista;MASP;-23,561414;-46,655881;40;05/11/24;5
Bela Vista;MASP;-23,561414;-46,655881;40;05/11/24;8
Bela Vista;MASP;-23,561414;-46,655881;40;05/11/24;9
Bela Vista;MASP;-23,561414;-46,655881;40;06/11/24;1
Bela Vista;MASP;-23,561414;-46,655881;40;06/11/24;2
Bela Vista;MASP;-23,561414;-46,655881;40;06/11/24;2
Bela Vista;MASP;-23,561414;-46,655881;40;06/11/24;2
Bela Vista;MASP;-23,561414;-46,655881;40;06/11/24;3
Bela Vista;MASP;-23,561414;-46,655881;40;06/11/24;3
Bela Vista;MASP;-23,561414;-46,655881;40;06/11/24;3
Bela Vista;MASP;-23,561414;-46,655881;40;06/11/24;3
Bela Vista;MASP;-23,561414;-46,655881;40;06/11/24;5
Bela Vista;MASP;-23,561414;-46,655881;40;06/11/24;5
Bela Vista;MASP;-23,561414;-46,655881;40;06/11/24;7
Bela Vista;MASP;-23,561414;-46,655881;40;06/11/24;7
Bela Vista;MASP;-23,561414;-46,655881;40;06/11/24;8
Bela Vista;MASP;-23,561414;-46,655881;40;06/11/24;8
Bela Vista;MASP;-23,561414;-46,655881;40;06/11/24;9
Bela Vista;MASP;-23,561414;-46,655881;40;07/11/24;1
Bela Vista;MASP;-23,561414;-46,655881;40;07/11/24;2
Bela Vista;MASP;-23,561414;-46,655881;40;07/11/24;2
Bela Vista;MASP;-23,561414;-46,655881;40;07/11/24;3
Bela Vista;MASP;-23,561414;-46,655881;40;07/11/24;3
Bela Vista;MASP;-23,561414;-46,655881;40;07/11/24;4
Bela Vista;MASP;-23,561414;-46,655881;40;07/11/24;4
Bela Vista;MASP;-23,561414;-46,655881;40;07/11/24;4
Bela Vista;MASP;-23,561414;-46,655881;40;07/11/24;4
Bela Vista;MASP;-23,561414;-46,655881;40;07/11/24;6
Bela Vista;MASP;-23,561414;-46,655881;40;07/11/24;7
Bela Vista;MASP;-23,561414;-46,655881;40;07/11/24;8
Bela Vista;MASP;-23,561414;-46,655881;40;07/11/24;9
Bela Vista;MASP;-23,561414;-46,655881;40;07/11/24;9
Bela Vista;MASP;-23,561414;-46,655881;40;08/11/24;3
Bela Vista;MASP;-23,561414;-46,655881;40;08/11/24;3
Bela Vista;MASP;-23,561414;-46,655881;40;08/11/24;4
Bela Vista;MASP;-23,561414;-46,655881;40;08/11/24;4
Bela Vista;MASP;-23,561414;-46,655881;40;08/11/24;4
Bela Vista;MASP;-23,561414;-46,655881;40;08/11/24;5
Bela Vista;MASP;-23,561414;-46,655881;40;08/11/24;5
Bela Vista;MASP;-23,561414;-46,655881;40;08/11/24;5
Bela Vista;MASP;-23,561414;-46,655881;40;08/11/24;5
Bela Vista;MASP;-23,561414;-46,655881;40;08/11/24;7
Bela Vista;MASP;-23,561414;-46,655881;40;08/11/24;7
Bela Vista;MASP;-23,561414;-46,655881;40;08/11/24;7
Bela Vista;MASP;-23,561414;-46,655881;40;08/11/24;8
Bela Vista;MASP;-23,561414;-46,655881;40;08/11/24;9
Bela Vista;MASP;-23,561414;-46,655881;40;08/11/24;10
Bela Vista;MASP;-23,561414;-46,655881;60;01/12/24;2
Bela Vista;MASP;-23,561414;-46,655881;60;01/12/24;2
Bela Vista;MASP;-23,561414;-46,655881;60;01/12/24;2
Bela Vista;MASP;-23,561414;-46,655881;60;01/12/24;3
Bela Vista;MASP;-23,561414;-46,655881;60;01/12/24;3
Bela Vista;MASP;-23,561414;-46,655881;60;01/12/24;5
Bela Vista;MASP;-23,561414;-46,655881;60;01/12/24;5
Bela Vista;MASP;-23,561414;-46,655881;60;01/12/24;5
Bela Vista;MASP;-23,561414;-46,655881;60;01/12/24;6
Bela Vista;MASP;-23,561414;-46,655881;60;01/12/24;6
Bela Vista;MASP;-23,561414;-46,655881;60;01/12/24;7
Bela Vista;MASP;-23,561414;-46,655881;60;01/12/24;7
Bela Vista;MASP;-23,561414;-46,655881;60;01/12/24;8
Bela Vista;MASP;-23,561414;-46,655881;60;01/12/24;8
Bela Vista;MASP;-23,561414;-46,655881;60;01/12/24;8
Bela Vista;MASP;-23,561414;-46,655881;60;01/12/24;9
Bela Vista;MASP;-23,561414;-46,655881;60;01/12/24;10
Bela Vista;MASP;-23,561414;-46,655881;60;02/12/24;4
Bela Vista;MASP;-23,561414;-46,655881;60;02/12/24;5
Bela Vista;MASP;-23,561414;-46,655881;60;02/12/24;5
Bela Vista;MASP;-23,561414;-46,655881;60;02/12/24;5
Bela Vista;MASP;-23,561414;-46,655881;60;02/12/24;5
Bela Vista;MASP;-23,561414;-46,655881;60;02/12/24;6
Bela Vista;MASP;-23,561414;-46,655881;60;02/12/24;6
Bela Vista;MASP;-23,561414;-46,655881;60;02/12/24;7
Bela Vista;MASP;-23,561414;-46,655881;60;02/12/24;7
Bela Vista;MASP;-23,561414;-46,655881;60;02/12/24;8
Bela Vista;MASP;-23,561414;-46,655881;60;02/12/24;9
Bela Vista;MASP;-23,561414;-46,655881;60;02/12/24;10
Bela Vista;MASP;-23,561414;-46,655881;60;03/12/24;1
Bela Vista;MASP;-23,561414;-46,655881;60;03/12/24;2
Bela Vista;MASP;-23,561414;-46,655881;60;03/12/24;4
Bela Vista;MASP;-23,561414;-46,655881;60;03/12/24;5
Bela Vista;MASP;-23,561414;-46,655881;60;03/12/24;5
Bela Vista;MASP;-23,561414;-46,655881;60;03/12/24;6
Bela Vista;MASP;-23,561414;-46,655881;60;03/12/24;7
Bela Vista;MASP;-23,561414;-46,655881;60;03/12/24;7
Bela Vista;MASP;-23,561414;-46,655881;60;03/12/24;8
Bela Vista;MASP;-23,561414;-46,655881;60;03/12/24;9
Bela Vista;MASP;-23,561414;-46,655881;60;03/12/24;10
Bela Vista;MASP;-23,561414;-46,655881;60;04/12/24;1
Bela Vista;MASP;-23,561414;-46,655881;60;04/12/24;1
Bela Vista;MASP;-23,561414;-46,655881;60;04/12/24;4
Bela Vista;MASP;-23,561414;-46,655881;60;04/12/24;5
Bela Vista;MASP;-23,561414;-46,655881;60;04/12/24;6
Bela Vista;MASP;-23,561414;-46,655881;60;04/12/24;7
Bela Vista;MASP;-23,561414;-46,655881;60;04/12/24;8
Bela Vista;MASP;-23,561414;-46,655881;60;04/12/24;8
Bela Vista;MASP;-23,561414;-46,655881;60;04/12/24;8
Bela Vista;MASP;-23,561414;-46,655881;60;04/12/24;8
Bela Vista;MASP;-23,561414;-46,655881;60;04/12/24;9
Bela Vista;MASP;-23,561414;-46,655881;60;04/12/24;10
Bela Vista;MASP;-23,561414;-46,655881;60;04/12/24;10
Bela Vista;MASP;-23,561414;-46,655881;60;05/12/24;2
Bela Vista;MASP;-23,561414;-46,655881;60;05/12/24;2
Bela Vista;MASP;-23,561414;-46,655881;60;05/12/24;3
Bela Vista;MASP;-23,561414;-46,655881;60;05/12/24;3
Bela Vista;MASP;-23,561414;-46,655881;60;05/12/24;5
Bela Vista;MASP;-23,561414;-46,655881;60;05/12/24;6
Bela Vista;MASP;-23,561414;-46,655881;60;05/12/24;6
Bela Vista;MASP;-23,561414;-46,655881;60;05/12/24;6
Bela Vista;MASP;-23,561414;-46,655881;60;05/12/24;7
Bela Vista;MASP;-23,561414;-46,655881;60;05/12/24;7
Bela Vista;MASP;-23,561414;-46,655881;60;05/12/24;9
Bela Vista;MASP;-23,561414;-46,655881;60;05/12/24;9
Bela Vista;MASP;-23,561414;-46,655881;60;05/12/24;10
Bela Vista;MASP;-23,561414;-46,655881;60;05/12/24;10
Bela Vista;MASP;-23,561414;-46,655881;60;06/12/24;1
Bela Vista;MASP;-23,561414;-46,655881;60;06/12/24;2
Bela Vista;MASP;-23,561414;-46,655881;60;06/12/24;4
Bela Vista;MASP;-23,561414;-46,655881;60;06/12/24;5
Bela Vista;MASP;-23,561414;-46,655881;60;06/12/24;5
Bela Vista;MASP;-23,561414;-46,655881;60;06/12/24;6
Bela Vista;MASP;-23,561414;-46,655881;60;06/12/24;6
Bela Vista;MASP;-23,561414;-46,655881;60;06/12/24;7
Bela Vista;MASP;-23,561414;-46,655881;60;06/12/24;8
Bela Vista;MASP;-23,561414;-46,655881;60;06/12/24;9
Bela Vista;MASP;-23,561414;-46,655881;60;06/12/24;9
Bela Vista;MASP;-23,561414;-46,655881;60;07/12/24;1
Bela Vista;MASP;-23,561414;-46,655881;60;07/12/24;1
Bela Vista;MASP;-23,561414;-46,655881;60;07/12/24;1
Bela Vista;MASP;-23,561414;-46,655881;60;07/12/24;1
Bela Vista;MASP;-23,561414;-46,655881;60;07/12/24;5
Bela Vista;MASP;-23,561414;-46,655881;60;07/12/24;6
Bela Vista;MASP;-23,561414;-46,655881;60;07/12/24;7
Bela Vista;MASP;-23,561414;-46,655881;60;07/12/24;7
Bela Vista;MASP;-23,561414;-46,655881;60;07/12/24;8
Bela Vista;MASP;-23,561414;-46,655881;60;07/12/24;8
Bela Vista;MASP;-23,561414;-46,655881;60;07/12/24;9
Bela Vista;MASP;-23,561414;-46,655881;60;07/12/24;9
Bela Vista;MASP;-23,561414;-46,655881;60;07/12/24;10
Bela Vista;MASP;-23,561414;-46,655881;60;07/12/24;10
Bela Vista;MASP;-23,561414;-46,655881;60;07/12/24;10
Bela Vista;MASP;-23,561414;-46,655881;60;07/12/24;10
Bela Vista;MASP;-23,561414;-46,655881;60;07/12/24;10
Bela Vista;MASP;-23,561414;-46,655881;60;08/12/24;2
Bela Vista;MASP;-23,561414;-46,655881;60;08/12/24;2
Bela Vista;MASP;-23,561414;-46,655881;60;08/12/24;3
Bela Vista;MASP;-23,561414;-46,655881;60;08/12/24;3
Bela Vista;MASP;-23,561414;-46,655881;60;08/12/24;3
Bela Vista;MASP;-23,561414;-46,655881;60;08/12/24;4
Bela Vista;MASP;-23,561414;-46,655881;60;08/12/24;8
Bela Vista;MASP;-23,561414;-46,655881;60;08/12/24;8
Bela Vista;MASP;-23,561414;-46,655881;45;01/01/25;2
Bela Vista;MASP;-23,561414;-46,655881;45;01/01/25;3
Bela Vista;MASP;-23,561414;-46,655881;45;01/01/25;4
Bela Vista;MASP;-23,561414;-46,655881;45;01/01/25;5
Bela Vista;MASP;-23,561414;-46,655881;45;01/01/25;6
Bela Vista;MASP;-23,561414;-46,655881;45;01/01/25;10
Bela Vista;MASP;-23,561414;-46,655881;45;01/01/25;10
Bela Vista;MASP;-23,561414;-46,655881;45;02/01/25;1
Bela Vista;MASP;-23,561414;-46,655881;45;02/01/25;1
Bela Vista;MASP;-23,561414;-46,655881;45;02/01/25;1
Bela Vista;MASP;-23,561414;-46,655881;45;02/01/25;2
Bela Vista;MASP;-23,561414;-46,655881;45;02/01/25;3
Bela Vista;MASP;-23,561414;-46,655881;45;02/01/25;4
Bela Vista;MASP;-23,561414;-46,655881;45;02/01/25;5
Bela Vista;MASP;-23,561414;-46,655881;45;02/01/25;5
Bela Vista;MASP;-23,561414;-46,655881;45;02/01/25;5
Bela Vista;MASP;-23,561414;-46,655881;45;02/01/25;6
Bela Vista;MASP;-23,561414;-46,655881;45;02/01/25;7
Bela Vista;MASP;-23,561414;-46,655881;45;02/01/25;8
Bela Vista;MASP;-23,561414;-46,655881;45;02/01/25;9
Bela Vista;MASP;-23,561414;-46,655881;45;02/01/25;9
Bela Vista;MASP;-23,561414;-46,655881;45;02/01/25;10
Bela Vista;MASP;-23,561414;-46,655881;45;03/01/25;1
Bela Vista;MASP;-23,561414;-46,655881;45;03/01/25;1
Bela Vista;MASP;-23,561414;-46,655881;45;03/01/25;2
Bela Vista;MASP;-23,561414;-46,655881;45;03/01/25;2
Bela Vista;MASP;-23,561414;-46,655881;45;03/01/25;2
Bela Vista;MASP;-23,561414;-46,655881;45;03/01/25;3
Bela Vista;MASP;-23,561414;-46,655881;45;03/01/25;3
Bela Vista;MASP;-23,561414;-46,655881;45;03/01/25;3
Bela Vista;MASP;-23,561414;-46,655881;45;03/01/25;3
Bela Vista;MASP;-23,561414;-46,655881;45;03/01/25;4
Bela Vista;MASP;-23,561414;-46,655881;45;03/01/25;4
Bela Vista;MASP;-23,561414;-46,655881;45;03/01/25;5
Bela Vista;MASP;-23,561414;-46,655881;45;03/01/25;5
Bela Vista;MASP;-23,561414;-46,655881;45;03/01/25;7
Bela Vista;MASP;-23,561414;-46,655881;45;03/01/25;9
Bela Vista;MASP;-23,561414;-46,655881;45;03/01/25;9
Bela Vista;MASP;-23,561414;-46,655881;45;03/01/25;9
Bela Vista;MASP;-23,561414;-46,655881;45;03/01/25;9
Bela Vista;MASP;-23,561414;-46,655881;45;03/01/25;10
Bela Vista;MASP;-23,561414;-46,655881;45;03/01/25;10
Bela Vista;MASP;-23,561414;-46,655881;45;03/01/25;10
Bela Vista;MASP;-23,561414;-46,655881;45;04/01/25;2
Bela Vista;MASP;-23,561414;-46,655881;45;04/01/25;2
Bela Vista;MASP;-23,561414;-46,655881;45;04/01/25;4
Bela Vista;MASP;-23,561414;-46,655881;45;04/01/25;7
Bela Vista;MASP;-23,561414;-46,655881;45;04/01/25;7
Bela Vista;MASP;-23,561414;-46,655881;45;04/01/25;8
Bela Vista;MASP;-23,561414;-46,655881;45;04/01/25;9
Bela Vista;MASP;-23,561414;-46,655881;45;04/01/25;10
Bela Vista;MASP;-23,561414;-46,655881;45;05/01/25;2
Bela Vista;MASP;-23,561414;-46,655881;45;05/01/25;3
Bela Vista;MASP;-23,561414;-46,655881;45;05/01/25;3
Bela Vista;MASP;-23,561414;-46,655881;45;05/01/25;3
Bela Vista;MASP;-23,561414;-46,655881;45;05/01/25;4
Bela Vista;MASP;-23,561414;-46,655881;45;05/01/25;4
Bela Vista;MASP;-23,561414;-46,655881;45;05/01/25;4
Bela Vista;MASP;-23,561414;-46,655881;45;05/01/25;4
Bela Vista;MASP;-23,561414;-46,655881;45;05/01/25;6
Bela Vista;MASP;-23,561414;-46,655881;45;05/01/25;7
Bela Vista;MASP;-23,561414;-46,655881;45;05/01/25;7
Bela Vista;MASP;-23,561414;-46,655881;45;05/01/25;7
Bela Vista;MASP;-23,561414;-46,655881;45;05/01/25;9
Bela Vista;MASP;-23,561414;-46,655881;45;05/01/25;10
Bela Vista;MASP;-23,561414;-46,655881;45;05/01/25;10
Bela Vista;MASP;-23,561414;-46,655881;45;06/01/25;3
Bela Vista;MASP;-23,561414;-46,655881;45;06/01/25;3
Bela Vista;MASP;-23,561414;-46,655881;45;06/01/25;3
Bela Vista;MASP;-23,561414;-46,655881;45;06/01/25;3
Bela Vista;MASP;-23,561414;-46,655881;45;06/01/25;3
Bela Vista;MASP;-23,561414;-46,655881;45;06/01/25;3
Bela Vista;MASP;-23,561414;-46,655881;45;06/01/25;4
Bela Vista;MASP;-23,561414;-46,655881;45;06/01/25;5
Bela Vista;MASP;-23,561414;-46,655881;45;06/01/25;5
Bela Vista;MASP;-23,561414;-46,655881;45;06/01/25;6
Bela Vista;MASP;-23,561414;-46,655881;45;06/01/25;6
Bela Vista;MASP;-23,561414;-46,655881;45;06/01/25;7
Bela Vista;MASP;-23,561414;-46,655881;45;06/01/25;10
Bela Vista;MASP;-23,561414;-46,655881;45;06/01/25;10
Bela Vista;MASP;-23,561414;-46,655881;45;07/01/25;1
Bela Vista;MASP;-23,561414;-46,655881;45;07/01/25;1
Bela Vista;MASP;-23,561414;-46,655881;45;07/01/25;1
Bela Vista;MASP;-23,561414;-46,655881;45;07/01/25;2
Bela Vista;MASP;-23,561414;-46,655881;45;07/01/25;2
Bela Vista;MASP;-23,561414;-46,655881;45;07/01/25;2
Bela Vista;MASP;-23,561414;-46,655881;45;07/01/25;3
Bela Vista;MASP;-23,561414;-46,655881;45;07/01/25;4
Bela Vista;MASP;-23,561414;-46,655881;45;07/01/25;5
Bela Vista;MASP;-23,561414;-46,655881;45;07/01/25;6
Bela Vista;MASP;-23,561414;-46,655881;45;07/01/25;8
Bela Vista;MASP;-23,561414;-46,655881;45;07/01/25;8
Bela Vista;MASP;-23,561414;-46,655881;45;07/01/25;8
Bela Vista;MASP;-23,561414;-46,655881;45;07/01/25;9
Bela Vista;MASP;-23,561414;-46,655881;45;07/01/25;9
Bela Vista;MASP;-23,561414;-46,655881;45;07/01/25;10
Bela Vista;MASP;-23,561414;-46,655881;45;08/01/25;1
Bela Vista;MASP;-23,561414;-46,655881;45;08/01/25;2
Bela Vista;MASP;-23,561414;-46,655881;45;08/01/25;2
Bela Vista;MASP;-23,561414;-46,655881;45;08/01/25;3
Bela Vista;MASP;-23,561414;-46,655881;45;08/01/25;3
Bela Vista;MASP;-23,561414;-46,655881;45;08/01/25;4
Bela Vista;MASP;-23,561414;-46,655881;45;08/01/25;4
Bela Vista;MASP;-23,561414;-46,655881;45;08/01/25;5
Bela Vista;MASP;-23,561414;-46,655881;45;08/01/25;5
Bela Vista;MASP;-23,561414;-46,655881;45;08/01/25;7
Bela Vista;MASP;-23,561414;-46,655881;45;08/01/25;7
Bela Vista;MASP;-23,561414;-46,655881;45;08/01/25;10
Bela Vista;MASP;-23,561414;-46,655881;50;01/02/25;1
Bela Vista;MASP;-23,561414;-46,655881;50;01/02/25;1
Bela Vista;MASP;-23,561414;-46,655881;50;01/02/25;4
Bela Vista;MASP;-23,561414;-46,655881;50;01/02/25;5
Bela Vista;MASP;-23,561414;-46,655881;50;01/02/25;6
Bela Vista;MASP;-23,561414;-46,655881;50;01/02/25;6
Bela Vista;MASP;-23,561414;-46,655881;50;01/02/25;7
Bela Vista;MASP;-23,561414;-46,655881;50;01/02/25;9
Bela Vista;MASP;-23,561414;-46,655881;50;02/02/25;1
Bela Vista;MASP;-23,561414;-46,655881;50;02/02/25;2
Bela Vista;MASP;-23,561414;-46,655881;50;02/02/25;3
Bela Vista;MASP;-23,561414;-46,655881;50;02/02/25;4
Bela Vista;MASP;-23,561414;-46,655881;50;02/02/25;5
Bela Vista;MASP;-23,561414;-46,655881;50;02/02/25;7
Bela Vista;MASP;-23,561414;-46,655881;50;02/02/25;7
Bela Vista;MASP;-23,561414;-46,655881;50;02/02/25;9
Bela Vista;MASP;-23,561414;-46,655881;50;02/02/25;9
Bela Vista;MASP;-23,561414;-46,655881;50;02/02/25;10
Bela Vista;MASP;-23,561414;-46,655881;50;02/02/25;10
Bela Vista;MASP;-23,561414;-46,655881;50;03/02/25;2
Bela Vista;MASP;-23,561414;-46,655881;50;03/02/25;4
Bela Vista;MASP;-23,561414;-46,655881;50;03/02/25;6
Bela Vista;MASP;-23,561414;-46,655881;50;03/02/25;6
Bela Vista;MASP;-23,561414;-46,655881;50;03/02/25;8
Bela Vista;MASP;-23,561414;-46,655881;50;03/02/25;9
Bela Vista;MASP;-23,561414;-46,655881;50;04/02/25;1
Bela Vista;MASP;-23,561414;-46,655881;50;04/02/25;1
Bela Vista;MASP;-23,561414;-46,655881;50;04/02/25;1
Bela Vista;MASP;-23,561414;-46,655881;50;04/02/25;2
Bela Vista;MASP;-23,561414;-46,655881;50;04/02/25;2
Bela Vista;MASP;-23,561414;-46,655881;50;04/02/25;2
Bela Vista;MASP;-23,561414;-46,655881;50;04/02/25;3
Bela Vista;MASP;-23,561414;-46,655881;50;04/02/25;4
Bela Vista;MASP;-23,561414;-46,655881;50;04/02/25;4
Bela Vista;MASP;-23,561414;-46,655881;50;04/02/25;4
Bela Vista;MASP;-23,561414;-46,655881;50;04/02/25;4
Bela Vista;MASP;-23,561414;-46,655881;50;04/02/25;5
Bela Vista;MASP;-23,561414;-46,655881;50;04/02/25;7
Bela Vista;MASP;-23,561414;-46,655881;50;04/02/25;7
Bela Vista;MASP;-23,561414;-46,655881;50;04/02/25;7
Bela Vista;MASP;-23,561414;-46,655881;50;04/02/25;8
Bela Vista;MASP;-23,561414;-46,655881;50;04/02/25;8
Bela Vista;MASP;-23,561414;-46,655881;50;04/02/25;9
Bela Vista;MASP;-23,561414;-46,655881;50;05/02/25;1
Bela Vista;MASP;-23,561414;-46,655881;50;05/02/25;2
Bela Vista;MASP;-23,561414;-46,655881;50;05/02/25;3
Bela Vista;MASP;-23,561414;-46,655881;50;05/02/25;3
Bela Vista;MASP;-23,561414;-46,655881;50;05/02/25;4
Bela Vista;MASP;-23,561414;-46,655881;50;05/02/25;5
Bela Vista;MASP;-23,561414;-46,655881;50;05/02/25;5
Bela Vista;MASP;-23,561414;-46,655881;50;05/02/25;5
Bela Vista;MASP;-23,561414;-46,655881;50;05/02/25;7
Bela Vista;MASP;-23,561414;-46,655881;50;05/02/25;7
Bela Vista;MASP;-23,561414;-46,655881;50;05/02/25;8
Bela Vista;MASP;-23,561414;-46,655881;50;05/02/25;8
Bela Vista;MASP;-23,561414;-46,655881;50;05/02/25;8
Bela Vista;MASP;-23,561414;-46,655881;50;05/02/25;9
Bela Vista;MASP;-23,561414;-46,655881;50;05/02/25;10
Bela Vista;MASP;-23,561414;-46,655881;50;06/02/25;1
Bela Vista;MASP;-23,561414;-46,655881;50;06/02/25;2
Bela Vista;MASP;-23,561414;-46,655881;50;06/02/25;3
Bela Vista;MASP;-23,561414;-46,655881;50;06/02/25;4
Bela Vista;MASP;-23,561414;-46,655881;50;06/02/25;6
Bela Vista;MASP;-23,561414;-46,655881;50;06/02/25;6
Bela Vista;MASP;-23,561414;-46,655881;50;06/02/25;6
Bela Vista;MASP;-23,561414;-46,655881;50;06/02/25;6
Bela Vista;MASP;-23,561414;-46,655881;50;06/02/25;6
Bela Vista;MASP;-23,561414;-46,655881;50;06/02/25;9
Bela Vista;MASP;-23,561414;-46,655881;50;06/02/25;9
Bela Vista;MASP;-23,561414;-46,655881;50;06/02/25;10
Bela Vista;MASP;-23,561414;-46,655881;50;07/02/25;1
Bela Vista;MASP;-23,561414;-46,655881;50;07/02/25;2
Bela Vista;MASP;-23,561414;-46,655881;50;07/02/25;3
Bela Vista;MASP;-23,561414;-46,655881;50;07/02/25;4
Bela Vista;MASP;-23,561414;-46,655881;50;07/02/25;4
Bela Vista;MASP;-23,561414;-46,655881;50;07/02/25;5
Bela Vista;MASP;-23,561414;-46,655881;50;07/02/25;6
Bela Vista;MASP;-23,561414;-46,655881;50;07/02/25;7
Bela Vista;MASP;-23,561414;-46,655881;50;07/02/25;8
Bela Vista;MASP;-23,561414;-46,655881;50;07/02/25;9
Bela Vista;MASP;-23,561414;-46,655881;50;07/02/25;10
Bela Vista;MASP;-23,561414;-46,655881;50;08/02/25;1
Bela Vista;MASP;-23,561414;-46,655881;50;08/02/25;4
Bela Vista;MASP;-23,561414;-46,655881;50;08/02/25;5
Bela Vista;MASP;-23,561414;-46,655881;50;08/02/25;5
Bela Vista;MASP;-23,561414;-46,655881;50;08/02/25;5
Bela Vista;MASP;-23,561414;-46,655881;50;08/02/25;5
Bela Vista;MASP;-23,561414;-46,655881;50;08/02/25;6
Bela Vista;MASP;-23,561414;-46,655881;50;08/02/25;6
Bela Vista;MASP;-23,561414;-46,655881;50;08/02/25;7
Bela Vista;MASP;-23,561414;-46,655881;50;08/02/25;7
Bela Vista;MASP;-23,561414;-46,655881;50;08/02/25;7
Bela Vista;MASP;-23,561414;-46,655881;50;08/02/25;8
Bela Vista;MASP;-23,561414;-46,655881;50;08/02/25;9
Bela Vista;MASP;-23,561414;-46,655881;50;08/02/25;10
Bela Vista;MASP;-23,561414;-46,655881;50;08/02/25;10
Bela Vista;MASP;-23,561414;-46,655881;55;01/03/25;1
Bela Vista;MASP;-23,561414;-46,655881;55;01/03/25;2
Bela Vista;MASP;-23,561414;-46,655881;55;01/03/25;3
Bela Vista;MASP;-23,561414;-46,655881;55;01/03/25;3
Bela Vista;MASP;-23,561414;-46,655881;55;01/03/25;4
Bela Vista;MASP;-23,561414;-46,655881;55;01/03/25;5
Bela Vista;MASP;-23,561414;-46,655881;55;01/03/25;6
Bela Vista;MASP;-23,561414;-46,655881;55;01/03/25;6
Bela Vista;MASP;-23,561414;-46,655881;55;01/03/25;7
Bela Vista;MASP;-23,561414;-46,655881;55;01/03/25;7
Bela Vista;MASP;-23,561414;-46,655881;55;01/03/25;8
Bela Vista;MASP;-23,561414;-46,655881;55;01/03/25;9
Bela Vista;MASP;-23,561414;-46,655881;55;02/03/25;1
Bela Vista;MASP;-23,561414;-46,655881;55;02/03/25;1
Bela Vista;MASP;-23,561414;-46,655881;55;02/03/25;2
Bela Vista;MASP;-23,561414;-46,655881;55;02/03/25;4
Bela Vista;MASP;-23,561414;-46,655881;55;02/03/25;4
Bela Vista;MASP;-23,561414;-46,655881;55;02/03/25;4
Bela Vista;MASP;-23,561414;-46,655881;55;02/03/25;5
Bela Vista;MASP;-23,561414;-46,655881;55;02/03/25;6
Bela Vista;MASP;-23,561414;-46,655881;55;02/03/25;7
Bela Vista;MASP;-23,561414;-46,655881;55;02/03/25;9
Bela Vista;MASP;-23,561414;-46,655881;55;03/03/25;1
Bela Vista;MASP;-23,561414;-46,655881;55;03/03/25;2
Bela Vista;MASP;-23,561414;-46,655881;55;03/03/25;4
Bela Vista;MASP;-23,561414;-46,655881;55;03/03/25;6
Bela Vista;MASP;-23,561414;-46,655881;55;03/03/25;6
Bela Vista;MASP;-23,561414;-46,655881;55;03/03/25;7
Bela Vista;MASP;-23,561414;-46,655881;55;03/03/25;7
Bela Vista;MASP;-23,561414;-46,655881;55;03/03/25;7
Bela Vista;MASP;-23,561414;-46,655881;55;03/03/25;8
Bela Vista;MASP;-23,561414;-46,655881;55;03/03/25;10
Bela Vista;MASP;-23,561414;-46,655881;55;04/03/25;3
Bela Vista;MASP;-23,561414;-46,655881;55;04/03/25;5
Bela Vista;MASP;-23,561414;-46,655881;55;04/03/25;5
Bela Vista;MASP;-23,561414;-46,655881;55;04/03/25;6
Bela Vista;MASP;-23,561414;-46,655881;55;04/03/25;7
Bela Vista;MASP;-23,561414;-46,655881;55;04/03/25;8
Bela Vista;MASP;-23,561414;-46,655881;55;04/03/25;9
Bela Vista;MASP;-23,561414;-46,655881;55;04/03/25;10
Bela Vista;MASP;-23,561414;-46,655881;55;05/03/25;2
Bela Vista;MASP;-23,561414;-46,655881;55;05/03/25;2
Bela Vista;MASP;-23,561414;-46,655881;55;05/03/25;6
Bela Vista;MASP;-23,561414;-46,655881;55;05/03/25;8
Bela Vista;MASP;-23,561414;-46,655881;55;05/03/25;8
Bela Vista;MASP;-23,561414;-46,655881;55;05/03/25;9
Bela Vista;MASP;-23,561414;-46,655881;55;06/03/25;1
Bela Vista;MASP;-23,561414;-46,655881;55;06/03/25;1
Bela Vista;MASP;-23,561414;-46,655881;55;06/03/25;4
Bela Vista;MASP;-23,561414;-46,655881;55;06/03/25;4
Bela Vista;MASP;-23,561414;-46,655881;55;06/03/25;5
Bela Vista;MASP;-23,561414;-46,655881;55;06/03/25;7
Bela Vista;MASP;-23,561414;-46,655881;55;06/03/25;7
Bela Vista;MASP;-23,561414;-46,655881;55;06/03/25;8
Bela Vista;MASP;-23,561414;-46,655881;55;06/03/25;9
Bela Vista;MASP;-23,561414;-46,655881;55;06/03/25;9
Bela Vista;MASP;-23,561414;-46,655881;55;07/03/25;2
Bela Vista;MASP;-23,561414;-46,655881;55;07/03/25;2
Bela Vista;MASP;-23,561414;-46,655881;55;07/03/25;3
Bela Vista;MASP;-23,561414;-46,655881;55;07/03/25;3
Bela Vista;MASP;-23,561414;-46,655881;55;07/03/25;4
Bela Vista;MASP;-23,561414;-46,655881;55;07/03/25;5
Bela Vista;MASP;-23,561414;-46,655881;55;07/03/25;6
Bela Vista;MASP;-23,561414;-46,655881;55;07/03/25;6
Bela Vista;MASP;-23,561414;-46,655881;55;07/03/25;6
Bela Vista;MASP;-23,561414;-46,655881;55;07/03/25;8
Bela Vista;MASP;-23,561414;-46,655881;55;07/03/25;9
Bela Vista;MASP;-23,561414;-46,655881;55;07/03/25;9
Bela Vista;MASP;-23,561414;-46,655881;55;08/03/25;2
Bela Vista;MASP;-23,561414;-46,655881;55;08/03/25;2
Bela Vista;MASP;-23,561414;-46,655881;55;08/03/25;3
Bela Vista;MASP;-23,561414;-46,655881;55;08/03/25;6
Bela Vista;MASP;-23,561414;-46,655881;55;08/03/25;8
Bela Vista;MASP;-23,561414;-46,655881;55;08/03/25;8
Bela Vista;MASP;-23,561414;-46,655881;55;08/03/25;8
Bela Vista;MASP;-23,561414;-46,655881;55;08/03/25;9
Bela Vista;MASP;-23,561414;-46,655881;55;08/03/25;10
Bela Vista;MASP;-23,561414;-46,655881;40;01/04/25;2
Bela Vista;MASP;-23,561414;-46,655881;40;01/04/25;2
Bela Vista;MASP;-23,561414;-46,655881;40;01/04/25;2
Bela Vista;MASP;-23,561414;-46,655881;40;01/04/25;5
Bela Vista;MASP;-23,561414;-46,655881;40;01/04/25;5
Bela Vista;MASP;-23,561414;-46,655881;40;01/04/25;7
Bela Vista;MASP;-23,561414;-46,655881;40;01/04/25;7
Bela Vista;MASP;-23,561414;-46,655881;40;01/04/25;7
Bela Vista;MASP;-23,561414;-46,655881;40;02/04/25;1
Bela Vista;MASP;-23,561414;-46,655881;40;02/04/25;2
Bela Vista;MASP;-23,561414;-46,655881;40;02/04/25;3
Bela Vista;MASP;-23,561414;-46,655881;40;02/04/25;3
Bela Vista;MASP;-23,561414;-46,655881;40;02/04/25;4
Bela Vista;MASP;-23,561414;-46,655881;40;02/04/25;4
Bela Vista;MASP;-23,561414;-46,655881;40;02/04/25;5
Bela Vista;MASP;-23,561414;-46,655881;40;02/04/25;5
Bela Vista;MASP;-23,561414;-46,655881;40;02/04/25;10
Bela Vista;MASP;-23,561414;-46,655881;40;02/04/25;10
Bela Vista;MASP;-23,561414;-46,655881;40;03/04/25;2
Bela Vista;MASP;-23,561414;-46,655881;40;03/04/25;2
Bela Vista;MASP;-23,561414;-46,655881;40;03/04/25;2
Bela Vista;MASP;-23,561414;-46,655881;40;03/04/25;3
Bela Vista;MASP;-23,561414;-46,655881;40;03/04/25;3
Bela Vista;MASP;-23,561414;-46,655881;40;03/04/25;3
Bela Vista;MASP;-23,561414;-46,655881;40;03/04/25;4
Bela Vista;MASP;-23,561414;-46,655881;40;03/04/25;5
Bela Vista;MASP;-23,561414;-46,655881;40;03/04/25;5
Bela Vista;MASP;-23,561414;-46,655881;40;03/04/25;5
Bela Vista;MASP;-23,561414;-46,655881;40;03/04/25;6
Bela Vista;MASP;-23,561414;-46,655881;40;03/04/25;9
Bela Vista;MASP;-23,561414;-46,655881;40;03/04/25;9
Bela Vista;MASP;-23,561414;-46,655881;40;03/04/25;10
Bela Vista;MASP;-23,561414;-46,655881;40;04/04/25;2
Bela Vista;MASP;-23,561414;-46,655881;40;04/04/25;2
Bela Vista;MASP;-23,561414;-46,655881;40;04/04/25;2
Bela Vista;MASP;-23,561414;-46,655881;40;04/04/25;3
Bela Vista;MASP;-23,561414;-46,655881;40;04/04/25;4
Bela Vista;MASP;-23,561414;-46,655881;40;04/04/25;6
Bela Vista;MASP;-23,561414;-46,655881;40;04/04/25;6
Bela Vista;MASP;-23,561414;-46,655881;40;04/04/25;7
Bela Vista;MASP;-23,561414;-46,655881;40;04/04/25;7
Bela Vista;MASP;-23,561414;-46,655881;40;04/04/25;9
Bela Vista;MASP;-23,561414;-46,655881;40;04/04/25;9
Bela Vista;MASP;-23,561414;-46,655881;40;05/04/25;3
Bela Vista;MASP;-23,561414;-46,655881;40;05/04/25;3
Bela Vista;MASP;-23,561414;-46,655881;40;05/04/25;3
Bela Vista;MASP;-23,561414;-46,655881;40;05/04/25;4
Bela Vista;MASP;-23,561414;-46,655881;40;05/04/25;7
Bela Vista;MASP;-23,561414;-46,655881;40;06/04/25;3
Bela Vista;MASP;-23,561414;-46,655881;40;06/04/25;8
Bela Vista;MASP;-23,561414;-46,655881;40;06/04/25;9
Bela Vista;MASP;-23,561414;-46,655881;40;06/04/25;9
Bela Vista;MASP;-23,561414;-46,655881;40;06/04/25;9
Bela Vista;MASP;-23,561414;-46,655881;40;06/04/25;10
Bela Vista;MASP;-23,561414;-46,655881;40;06/04/25;10
Bela Vista;MASP;-23,561414;-46,655881;40;07/04/25;1
Bela Vista;MASP;-23,561414;-46,655881;40;07/04/25;1
Bela Vista;MASP;-23,561414;-46,655881;40;07/04/25;2
Bela Vista;MASP;-23,561414;-46,655881;40;07/04/25;2
Bela Vista;MASP;-23,561414;-46,655881;40;07/04/25;6
Bela Vista;MASP;-23,561414;-46,655881;40;07/04/25;7
Bela Vista;MASP;-23,561414;-46,655881;40;07/04/25;8
Bela Vista;MASP;-23,561414;-46,655881;40;07/04/25;8
Bela Vista;MASP;-23,561414;-46,655881;40;08/04/25;1
Bela Vista;MASP;-23,561414;-46,655881;40;08/04/25;1
Bela Vista;MASP;-23,561414;-46,655881;40;08/04/25;4
Bela Vista;MASP;-23,561414;-46,655881;40;08/04/25;9
Bela Vista;MASP;-23,561414;-46,655881;45;01/05/25;1
Bela Vista;MASP;-23,561414;-46,655881;45;01/05/25;3
Bela Vista;MASP;-23,561414;-46,655881;45;01/05/25;4
Bela Vista;MASP;-23,561414;-46,655881;45;01/05/25;4
Bela Vista;MASP;-23,561414;-46,655881;45;01/05/25;5
Bela Vista;MASP;-23,561414;-46,655881;45;01/05/25;5
Bela Vista;MASP;-23,561414;-46,655881;45;01/05/25;6
Bela Vista;MASP;-23,561414;-46,655881;45;01/05/25;6
Bela Vista;MASP;-23,561414;-46,655881;45;01/05/25;7
Bela Vista;MASP;-23,561414;-46,655881;45;01/05/25;8
Bela Vista;MASP;-23,561414;-46,655881;45;01/05/25;8
Bela Vista;MASP;-23,561414;-46,655881;45;01/05/25;9
Bela Vista;MASP;-23,561414;-46,655881;45;01/05/25;10
Bela Vista;MASP;-23,561414;-46,655881;45;01/05/25;10
Bela Vista;MASP;-23,561414;-46,655881;45;02/05/25;1
Bela Vista;MASP;-23,561414;-46,655881;45;02/05/25;2
Bela Vista;MASP;-23,561414;-46,655881;45;02/05/25;2
Bela Vista;MASP;-23,561414;-46,655881;45;02/05/25;4
Bela Vista;MASP;-23,561414;-46,655881;45;02/05/25;4
Bela Vista;MASP;-23,561414;-46,655881;45;02/05/25;5
Bela Vista;MASP;-23,561414;-46,655881;45;02/05/25;7
Bela Vista;MASP;-23,561414;-46,655881;45;02/05/25;8
Bela Vista;MASP;-23,561414;-46,655881;45;02/05/25;8
Bela Vista;MASP;-23,561414;-46,655881;45;02/05/25;9
Bela Vista;MASP;-23,561414;-46,655881;45;02/05/25;9
Bela Vista;MASP;-23,561414;-46,655881;45;02/05/25;10
Bela Vista;MASP;-23,561414;-46,655881;45;03/05/25;1
Bela Vista;MASP;-23,561414;-46,655881;45;03/05/25;2
Bela Vista;MASP;-23,561414;-46,655881;45;03/05/25;4
Bela Vista;MASP;-23,561414;-46,655881;45;03/05/25;5
Bela Vista;MASP;-23,561414;-46,655881;45;03/05/25;5
Bela Vista;MASP;-23,561414;-46,655881;45;03/05/25;6
Bela Vista;MASP;-23,561414;-46,655881;45;03/05/25;7
Bela Vista;MASP;-23,561414;-46,655881;45;03/05/25;7
Bela Vista;MASP;-23,561414;-46,655881;45;03/05/25;8
Bela Vista;MASP;-23,561414;-46,655881;45;03/05/25;9
Bela Vista;MASP;-23,561414;-46,655881;45;03/05/25;10
Bela Vista;MASP;-23,561414;-46,655881;45;04/05/25;1
Bela Vista;MASP;-23,561414;-46,655881;45;04/05/25;3
Bela Vista;MASP;-23,561414;-46,655881;45;04/05/25;3
Bela Vista;MASP;-23,561414;-46,655881;45;04/05/25;6
Bela Vista;MASP;-23,561414;-46,655881;45;04/05/25;6
Bela Vista;MASP;-23,561414;-46,655881;45;04/05/25;6
Bela Vista;MASP;-23,561414;-46,655881;45;04/05/25;9
Bela Vista;MASP;-23,561414;-46,655881;45;04/05/25;9
Bela Vista;MASP;-23,561414;-46,655881;45;04/05/25;10
Bela Vista;MASP;-23,561414;-46,655881;45;05/05/25;2
Bela Vista;MASP;-23,561414;-46,655881;45;05/05/25;2
Bela Vista;MASP;-23,561414;-46,655881;45;05/05/25;5
Bela Vista;MASP;-23,561414;-46,655881;45;05/05/25;6
Bela Vista;MASP;-23,561414;-46,655881;45;05/05/25;6
Bela Vista;MASP;-23,561414;-46,655881;45;05/05/25;7
Bela Vista;MASP;-23,561414;-46,655881;45;05/05/25;7
Bela Vista;MASP;-23,561414;-46,655881;45;05/05/25;8
Bela Vista;MASP;-23,561414;-46,655881;45;05/05/25;10
Bela Vista;MASP;-23,561414;-46,655881;45;06/05/25;2
Bela Vista;MASP;-23,561414;-46,655881;45;06/05/25;2
Bela Vista;MASP;-23,561414;-46,655881;45;06/05/25;2
Bela Vista;MASP;-23,561414;-46,655881;45;06/05/25;3
Bela Vista;MASP;-23,561414;-46,655881;45;06/05/25;4
Bela Vista;MASP;-23,561414;-46,655881;45;06/05/25;4
Bela Vista;MASP;-23,561414;-46,655881;45;06/05/25;4
Bela Vista;MASP;-23,561414;-46,655881;45;06/05/25;5
Bela Vista;MASP;-23,561414;-46,655881;45;06/05/25;7
Bela Vista;MASP;-23,561414;-46,655881;45;06/05/25;7
Bela Vista;MASP;-23,561414;-46,655881;45;06/05/25;7
Bela Vista;MASP;-23,561414;-46,655881;45;06/05/25;8
Bela Vista;MASP;-23,561414;-46,655881;45;06/05/25;8
Bela Vista;MASP;-23,561414;-46,655881;45;07/05/25;1
Bela Vista;MASP;-23,561414;-46,655881;45;07/05/25;2
Bela Vista;MASP;-23,561414;-46,655881;45;07/05/25;3
Bela Vista;MASP;-23,561414;-46,655881;45;07/05/25;3
Bela Vista;MASP;-23,561414;-46,655881;45;07/05/25;4
Bela Vista;MASP;-23,561414;-46,655881;45;07/05/25;6
Bela Vista;MASP;-23,561414;-46,655881;45;07/05/25;6
Bela Vista;MASP;-23,561414;-46,655881;45;07/05/25;7
Bela Vista;MASP;-23,561414;-46,655881;45;07/05/25;8
Bela Vista;MASP;-23,561414;-46,655881;45;07/05/25;8
Bela Vista;MASP;-23,561414;-46,655881;45;07/05/25;9
Bela Vista;MASP;-23,561414;-46,655881;45;07/05/25;9
Bela Vista;MASP;-23,561414;-46,655881;45;07/05/25;9
Bela Vista;MASP;-23,561414;-46,655881;45;07/05/25;10
Bela Vista;MASP;-23,561414;-46,655881;45;08/05/25;1
Bela Vista;MASP;-23,561414;-46,655881;45;08/05/25;3
Bela Vista;MASP;-23,561414;-46,655881;45;08/05/25;4
Bela Vista;MASP;-23,561414;-46,655881;45;08/05/25;4
Bela Vista;MASP;-23,561414;-46,655881;45;08/05/25;5
Bela Vista;MASP;-23,561414;-46,655881;45;08/05/25;5
Bela Vista;MASP;-23,561414;-46,655881;45;08/05/25;5
Bela Vista;MASP;-23,561414;-46,655881;45;08/05/25;6
Bela Vista;MASP;-23,561414;-46,655881;45;08/05/25;6
Bela Vista;MASP;-23,561414;-46,655881;45;08/05/25;8
Bela Vista;MASP;-23,561414;-46,655881;45;08/05/25;9
Bela Vista;MASP;-23,561414;-46,655881;50;01/06/25;2
Bela Vista;MASP;-23,561414;-46,655881;50;01/06/25;2
Bela Vista;MASP;-23,561414;-46,655881;50;01/06/25;2
Bela Vista;MASP;-23,561414;-46,655881;50;01/06/25;2
Bela Vista;MASP;-23,561414;-46,655881;50;01/06/25;3
Bela Vista;MASP;-23,561414;-46,655881;50;01/06/25;4
Bela Vista;MASP;-23,561414;-46,655881;50;01/06/25;4
Bela Vista;MASP;-23,561414;-46,655881;50;01/06/25;4
Bela Vista;MASP;-23,561414;-46,655881;50;01/06/25;5
Bela Vista;MASP;-23,561414;-46,655881;50;01/06/25;5
Bela Vista;MASP;-23,561414;-46,655881;50;01/06/25;6
Bela Vista;MASP;-23,561414;-46,655881;50;01/06/25;7
Bela Vista;MASP;-23,561414;-46,655881;50;01/06/25;7
Bela Vista;MASP;-23,561414;-46,655881;50;01/06/25;8
Bela Vista;MASP;-23,561414;-46,655881;50;02/06/25;1
Bela Vista;MASP;-23,561414;-46,655881;50;02/06/25;1
Bela Vista;MASP;-23,561414;-46,655881;50;02/06/25;1
Bela Vista;MASP;-23,561414;-46,655881;50;02/06/25;1
Bela Vista;MASP;-23,561414;-46,655881;50;02/06/25;2
Bela Vista;MASP;-23,561414;-46,655881;50;02/06/25;2
Bela Vista;MASP;-23,561414;-46,655881;50;02/06/25;2
Bela Vista;MASP;-23,561414;-46,655881;50;02/06/25;2
Bela Vista;MASP;-23,561414;-46,655881;50;02/06/25;3
Bela Vista;MASP;-23,561414;-46,655881;50;02/06/25;4
Bela Vista;MASP;-23,561414;-46,655881;50;02/06/25;5
Bela Vista;MASP;-23,561414;-46,655881;50;02/06/25;6
Bela Vista;MASP;-23,561414;-46,655881;50;02/06/25;6
Bela Vista;MASP;-23,561414;-46,655881;50;02/06/25;7
Bela Vista;MASP;-23,561414;-46,655881;50;02/06/25;8
Bela Vista;MASP;-23,561414;-46,655881;50;02/06/25;8
Bela Vista;MASP;-23,561414;-46,655881;50;02/06/25;8
Bela Vista;MASP;-23,561414;-46,655881;50;02/06/25;9
Bela Vista;MASP;-23,561414;-46,655881;50;02/06/25;9
Bela Vista;MASP;-23,561414;-46,655881;50;02/06/25;10
Bela Vista;MASP;-23,561414;-46,655881;50;03/06/25;1
Bela Vista;MASP;-23,561414;-46,655881;50;03/06/25;1
Bela Vista;MASP;-23,561414;-46,655881;50;03/06/25;5
Bela Vista;MASP;-23,561414;-46,655881;50;03/06/25;7
Bela Vista;MASP;-23,561414;-46,655881;50;03/06/25;8
Bela Vista;MASP;-23,561414;-46,655881;50;03/06/25;9
Bela Vista;MASP;-23,561414;-46,655881;50;03/06/25;10
Bela Vista;MASP;-23,561414;-46,655881;50;04/06/25;1
Bela Vista;MASP;-23,561414;-46,655881;50;04/06/25;1
Bela Vista;MASP;-23,561414;-46,655881;50;04/06/25;1
Bela Vista;MASP;-23,561414;-46,655881;50;04/06/25;3
Bela Vista;MASP;-23,561414;-46,655881;50;04/06/25;3
Bela Vista;MASP;-23,561414;-46,655881;50;04/06/25;4
Bela Vista;MASP;-23,561414;-46,655881;50;04/06/25;4
Bela Vista;MASP;-23,561414;-46,655881;50;04/06/25;4
Bela Vista;MASP;-23,561414;-46,655881;50;04/06/25;4
Bela Vista;MASP;-23,561414;-46,655881;50;04/06/25;5
Bela Vista;MASP;-23,561414;-46,655881;50;04/06/25;5
Bela Vista;MASP;-23,561414;-46,655881;50;04/06/25;6
Bela Vista;MASP;-23,561414;-46,655881;50;04/06/25;6
Bela Vista;MASP;-23,561414;-46,655881;50;04/06/25;7
Bela Vista;MASP;-23,561414;-46,655881;50;04/06/25;7
Bela Vista;MASP;-23,561414;-46,655881;50;04/06/25;7
Bela Vista;MASP;-23,561414;-46,655881;50;04/06/25;8
Bela Vista;MASP;-23,561414;-46,655881;50;04/06/25;9
Bela Vista;MASP;-23,561414;-46,655881;50;04/06/25;10
Bela Vista;MASP;-23,561414;-46,655881;50;04/06/25;10
Bela Vista;MASP;-23,561414;-46,655881;50;04/06/25;10
Bela Vista;MASP;-23,561414;-46,655881;50;04/06/25;10
Bela Vista;MASP;-23,561414;-46,655881;50;04/06/25;10
Bela Vista;MASP;-23,561414;-46,655881;50;05/06/25;2
Bela Vista;MASP;-23,561414;-46,655881;50;05/06/25;3
Bela Vista;MASP;-23,561414;-46,655881;50;05/06/25;3
Bela Vista;MASP;-23,561414;-46,655881;50;05/06/25;4
Bela Vista;MASP;-23,561414;-46,655881;50;05/06/25;4
Bela Vista;MASP;-23,561414;-46,655881;50;05/06/25;5
Bela Vista;MASP;-23,561414;-46,655881;50;05/06/25;5
Bela Vista;MASP;-23,561414;-46,655881;50;05/06/25;6
Bela Vista;MASP;-23,561414;-46,655881;50;05/06/25;6
Bela Vista;MASP;-23,561414;-46,655881;50;05/06/25;7
Bela Vista;MASP;-23,561414;-46,655881;50;05/06/25;7
Bela Vista;MASP;-23,561414;-46,655881;50;05/06/25;8
Bela Vista;MASP;-23,561414;-46,655881;50;05/06/25;9
Bela Vista;MASP;-23,561414;-46,655881;50;05/06/25;9
Bela Vista;MASP;-23,561414;-46,655881;50;05/06/25;9
Bela Vista;MASP;-23,561414;-46,655881;50;05/06/25;10
Bela Vista;MASP;-23,561414;-46,655881;50;05/06/25;10
Bela Vista;MASP;-23,561414;-46,655881;50;06/06/25;1
Bela Vista;MASP;-23,561414;-46,655881;50;06/06/25;2
Bela Vista;MASP;-23,561414;-46,655881;50;06/06/25;6
Bela Vista;MASP;-23,561414;-46,655881;50;06/06/25;6
Bela Vista;MASP;-23,561414;-46,655881;50;06/06/25;8
Bela Vista;MASP;-23,561414;-46,655881;50;06/06/25;8
Bela Vista;MASP;-23,561414;-46,655881;50;06/06/25;8
Bela Vista;MASP;-23,561414;-46,655881;50;06/06/25;9
Bela Vista;MASP;-23,561414;-46,655881;50;06/06/25;9
Bela Vista;MASP;-23,561414;-46,655881;50;06/06/25;10
Bela Vista;MASP;-23,561414;-46,655881;50;07/06/25;1
Bela Vista;MASP;-23,561414;-46,655881;50;07/06/25;1
Bela Vista;MASP;-23,561414;-46,655881;50;07/06/25;2
Bela Vista;MASP;-23,561414;-46,655881;50;07/06/25;2
Bela Vista;MASP;-23,561414;-46,655881;50;07/06/25;3
Bela Vista;MASP;-23,561414;-46,655881;50;07/06/25;4
Bela Vista;MASP;-23,561414;-46,655881;50;07/06/25;4
Bela Vista;MASP;-23,561414;-46,655881;50;07/06/25;5
Bela Vista;MASP;-23,561414;-46,655881;50;07/06/25;5
Bela Vista;MASP;-23,561414;-46,655881;50;07/06/25;8
Bela Vista;MASP;-23,561414;-46,655881;50;07/06/25;8
Bela Vista;MASP;-23,561414;-46,655881;50;07/06/25;8
Bela Vista;MASP;-23,561414;-46,655881;50;07/06/25;9
Bela Vista;MASP;-23,561414;-46,655881;50;07/06/25;9
Bela Vista;MASP;-23,561414;-46,655881;50;07/06/25;9
Bela Vista;MASP;-23,561414;-46,655881;50;07/06/25;9
Bela Vista;MASP;-23,561414;-46,655881;50;07/06/25;10
Bela Vista;MASP;-23,561414;-46,655881;50;08/06/25;2
Bela Vista;MASP;-23,561414;-46,655881;50;08/06/25;2
Bela Vista;MASP;-23,561414;-46,655881;50;08/06/25;3
Bela Vista;MASP;-23,561414;-46,655881;50;08/06/25;4
Bela Vista;MASP;-23,561414;-46,655881;50;08/06/25;5
Bela Vista;MASP;-23,561414;-46,655881;50;08/06/25;5
Bela Vista;MASP;-23,561414;-46,655881;50;08/06/25;6
Bela Vista;MASP;-23,561414;-46,655881;50;08/06/25;8
Bela Vista;MASP;-23,561414;-46,655881;50;08/06/25;9
Bela Vista;MASP;-23,561414;-46,655881;50;08/06/25;9
Bela Vista;MASP;-23,561414;-46,655881;50;08/06/25;10
Bela Vista;MASP;-23,561414;-46,655881;50;08/06/25;10
Bela Vista;MASP;-23,561414;-46,655881;50;08/06/25;10
Bela Vista;MASP;-23,561414;-46,655881;35;01/07/25;2
Bela Vista;MASP;-23,561414;-46,655881;35;01/07/25;5
Bela Vista;MASP;-23,561414;-46,655881;35;01/07/25;6
Bela Vista;MASP;-23,561414;-46,655881;35;01/07/25;6
Bela Vista;MASP;-23,561414;-46,655881;35;01/07/25;7
Bela Vista;MASP;-23,561414;-46,655881;35;01/07/25;8
Bela Vista;MASP;-23,561414;-46,655881;35;02/07/25;2
Bela Vista;MASP;-23,561414;-46,655881;35;02/07/25;3
Bela Vista;MASP;-23,561414;-46,655881;35;02/07/25;3
Bela Vista;MASP;-23,561414;-46,655881;35;02/07/25;3
Bela Vista;MASP;-23,561414;-46,655881;35;02/07/25;4
Bela Vista;MASP;-23,561414;-46,655881;35;02/07/25;4
Bela Vista;MASP;-23,561414;-46,655881;35;02/07/25;4
Bela Vista;MASP;-23,561414;-46,655881;35;02/07/25;6
Bela Vista;MASP;-23,561414;-46,655881;35;02/07/25;7
Bela Vista;MASP;-23,561414;-46,655881;35;02/07/25;8
Bela Vista;MASP;-23,561414;-46,655881;35;02/07/25;8
Bela Vista;MASP;-23,561414;-46,655881;35;02/07/25;9
Bela Vista;MASP;-23,561414;-46,655881;35;02/07/25;9
Bela Vista;MASP;-23,561414;-46,655881;35;02/07/25;10
Bela Vista;MASP;-23,561414;-46,655881;35;03/07/25;2
Bela Vista;MASP;-23,561414;-46,655881;35;03/07/25;2
Bela Vista;MASP;-23,561414;-46,655881;35;03/07/25;4
Bela Vista;MASP;-23,561414;-46,655881;35;03/07/25;4
Bela Vista;MASP;-23,561414;-46,655881;35;03/07/25;5
Bela Vista;MASP;-23,561414;-46,655881;35;03/07/25;7
Bela Vista;MASP;-23,561414;-46,655881;35;03/07/25;7
Bela Vista;MASP;-23,561414;-46,655881;35;03/07/25;7
Bela Vista;MASP;-23,561414;-46,655881;35;03/07/25;8
Bela Vista;MASP;-23,561414;-46,655881;35;03/07/25;9
Bela Vista;MASP;-23,561414;-46,655881;35;03/07/25;10
Bela Vista;MASP;-23,561414;-46,655881;35;04/07/25;1
Bela Vista;MASP;-23,561414;-46,655881;35;04/07/25;1
Bela Vista;MASP;-23,561414;-46,655881;35;04/07/25;1
Bela Vista;MASP;-23,561414;-46,655881;35;04/07/25;2
Bela Vista;MASP;-23,561414;-46,655881;35;04/07/25;3
Bela Vista;MASP;-23,561414;-46,655881;35;04/07/25;4
Bela Vista;MASP;-23,561414;-46,655881;35;04/07/25;7
Bela Vista;MASP;-23,561414;-46,655881;35;04/07/25;8
Bela Vista;MASP;-23,561414;-46,655881;35;04/07/25;8
Bela Vista;MASP;-23,561414;-46,655881;35;04/07/25;9
Bela Vista;MASP;-23,561414;-46,655881;35;04/07/25;9
Bela Vista;MASP;-23,561414;-46,655881;35;05/07/25;1
Bela Vista;MASP;-23,561414;-46,655881;35;05/07/25;2
Bela Vista;MASP;-23,561414;-46,655881;35;05/07/25;2
Bela Vista;MASP;-23,561414;-46,655881;35;05/07/25;2
Bela Vista;MASP;-23,561414;-46,655881;35;05/07/25;2
Bela Vista;MASP;-23,561414;-46,655881;35;05/07/25;2
Bela Vista;MASP;-23,561414;-46,655881;35;05/07/25;3
Bela Vista;MASP;-23,561414;-46,655881;35;05/07/25;3
Bela Vista;MASP;-23,561414;-46,655881;35;05/07/25;5
Bela Vista;MASP;-23,561414;-46,655881;35;05/07/25;5
Bela Vista;MASP;-23,561414;-46,655881;35;05/07/25;7
Bela Vista;MASP;-23,561414;-46,655881;35;05/07/25;7
Bela Vista;MASP;-23,561414;-46,655881;35;05/07/25;7
Bela Vista;MASP;-23,561414;-46,655881;35;05/07/25;8
Bela Vista;MASP;-23,561414;-46,655881;35;06/07/25;1
Bela Vista;MASP;-23,561414;-46,655881;35;06/07/25;2
Bela Vista;MASP;-23,561414;-46,655881;35;06/07/25;2
Bela Vista;MASP;-23,561414;-46,655881;35;06/07/25;4
Bela Vista;MASP;-23,561414;-46,655881;35;06/07/25;5
Bela Vista;MASP;-23,561414;-46,655881;35;06/07/25;5
Bela Vista;MASP;-23,561414;-46,655881;35;06/07/25;6
Bela Vista;MASP;-23,561414;-46,655881;35;06/07/25;7
Bela Vista;MASP;-23,561414;-46,655881;35;06/07/25;10
Bela Vista;MASP;-23,561414;-46,655881;35;06/07/25;10
Bela Vista;MASP;-23,561414;-46,655881;35;07/07/25;2
Bela Vista;MASP;-23,561414;-46,655881;35;07/07/25;3
Bela Vista;MASP;-23,561414;-46,655881;35;07/07/25;3
Bela Vista;MASP;-23,561414;-46,655881;35;07/07/25;4
Bela Vista;MASP;-23,561414;-46,655881;35;07/07/25;5
Bela Vista;MASP;-23,561414;-46,655881;35;07/07/25;5
Bela Vista;MASP;-23,561414;-46,655881;35;07/07/25;7
Bela Vista;MASP;-23,561414;-46,655881;35;07/07/25;8
Bela Vista;MASP;-23,561414;-46,655881;35;07/07/25;9
Bela Vista;MASP;-23,561414;-46,655881;35;07/07/25;9
Bela Vista;MASP;-23,561414;-46,655881;35;07/07/25;10
Bela Vista;MASP;-23,561414;-46,655881;35;08/07/25;5
Bela Vista;MASP;-23,561414;-46,655881;35;08/07/25;6
Bela Vista;MASP;-23,561414;-46,655881;35;08/07/25;10
Bela Vista;MASP;-23,561414;-46,655881;35;08/07/25;10
Bela Vista;MASP;-23,561414;-46,655881;35;08/07/25;10
Bela Vista;MASP;-23,561414;-46,655881;40;01/08/25;1
Bela Vista;MASP;-23,561414;-46,655881;40;01/08/25;2
Bela Vista;MASP;-23,561414;-46,655881;40;01/08/25;4
Bela Vista;MASP;-23,561414;-46,655881;40;01/08/25;4
Bela Vista;MASP;-23,561414;-46,655881;40;01/08/25;8
Bela Vista;MASP;-23,561414;-46,655881;40;01/08/25;10
Bela Vista;MASP;-23,561414;-46,655881;40;02/08/25;2
Bela Vista;MASP;-23,561414;-46,655881;40;02/08/25;5
Bela Vista;MASP;-23,561414;-46,655881;40;02/08/25;6
Bela Vista;MASP;-23,561414;-46,655881;40;02/08/25;7
Bela Vista;MASP;-23,561414;-46,655881;40;02/08/25;7
Bela Vista;MASP;-23,561414;-46,655881;40;02/08/25;7
Bela Vista;MASP;-23,561414;-46,655881;40;02/08/25;8
Bela Vista;MASP;-23,561414;-46,655881;40;02/08/25;9
Bela Vista;MASP;-23,561414;-46,655881;40;02/08/25;10
Bela Vista;MASP;-23,561414;-46,655881;40;03/08/25;1
Bela Vista;MASP;-23,561414;-46,655881;40;03/08/25;1
Bela Vista;MASP;-23,561414;-46,655881;40;03/08/25;2
Bela Vista;MASP;-23,561414;-46,655881;40;03/08/25;2
Bela Vista;MASP;-23,561414;-46,655881;40;03/08/25;2
Bela Vista;MASP;-23,561414;-46,655881;40;03/08/25;3
Bela Vista;MASP;-23,561414;-46,655881;40;03/08/25;3
Bela Vista;MASP;-23,561414;-46,655881;40;03/08/25;3
Bela Vista;MASP;-23,561414;-46,655881;40;03/08/25;4
Bela Vista;MASP;-23,561414;-46,655881;40;03/08/25;5
Bela Vista;MASP;-23,561414;-46,655881;40;03/08/25;5
Bela Vista;MASP;-23,561414;-46,655881;40;03/08/25;5
Bela Vista;MASP;-23,561414;-46,655881;40;03/08/25;6
Bela Vista;MASP;-23,561414;-46,655881;40;03/08/25;6
Bela Vista;MASP;-23,561414;-46,655881;40;03/08/25;7
Bela Vista;MASP;-23,561414;-46,655881;40;03/08/25;7
Bela Vista;MASP;-23,561414;-46,655881;40;03/08/25;9
Bela Vista;MASP;-23,561414;-46,655881;40;03/08/25;9
Bela Vista;MASP;-23,561414;-46,655881;40;03/08/25;10
Bela Vista;MASP;-23,561414;-46,655881;40;04/08/25;1
Bela Vista;MASP;-23,561414;-46,655881;40;04/08/25;3
Bela Vista;MASP;-23,561414;-46,655881;40;04/08/25;4
Bela Vista;MASP;-23,561414;-46,655881;40;04/08/25;5
Bela Vista;MASP;-23,561414;-46,655881;40;04/08/25;6
Bela Vista;MASP;-23,561414;-46,655881;40;04/08/25;6
Bela Vista;MASP;-23,561414;-46,655881;40;04/08/25;6
Bela Vista;MASP;-23,561414;-46,655881;40;04/08/25;6
Bela Vista;MASP;-23,561414;-46,655881;40;04/08/25;7
Bela Vista;MASP;-23,561414;-46,655881;40;04/08/25;10
Bela Vista;MASP;-23,561414;-46,655881;40;05/08/25;1
Bela Vista;MASP;-23,561414;-46,655881;40;05/08/25;4
Bela Vista;MASP;-23,561414;-46,655881;40;05/08/25;5
Bela Vista;MASP;-23,561414;-46,655881;40;05/08/25;5
Bela Vista;MASP;-23,561414;-46,655881;40;05/08/25;5
Bela Vista;MASP;-23,561414;-46,655881;40;05/08/25;5
Bela Vista;MASP;-23,561414;-46,655881;40;05/08/25;6
Bela Vista;MASP;-23,561414;-46,655881;40;05/08/25;7
Bela Vista;MASP;-23,561414;-46,655881;40;05/08/25;8
Bela Vista;MASP;-23,561414;-46,655881;40;05/08/25;9
Bela Vista;MASP;-23,561414;-46,655881;40;05/08/25;10
Bela Vista;MASP;-23,561414;-46,655881;40;05/08/25;10
Bela Vista;MASP;-23,561414;-46,655881;40;06/08/25;3
Bela Vista;MASP;-23,561414;-46,655881;40;06/08/25;4
Bela Vista;MASP;-23,561414;-46,655881;40;06/08/25;4
Bela Vista;MASP;-23,561414;-46,655881;40;06/08/25;5
Bela Vista;MASP;-23,561414;-46,655881;40;06/08/25;7
Bela Vista;MASP;-23,561414;-46,655881;40;06/08/25;8
Bela Vista;MASP;-23,561414;-46,655881;40;06/08/25;9
Bela Vista;MASP;-23,561414;-46,655881;40;06/08/25;10
Bela Vista;MASP;-23,561414;-46,655881;40;07/08/25;2
Bela Vista;MASP;-23,561414;-46,655881;40;07/08/25;2
Bela Vista;MASP;-23,561414;-46,655881;40;07/08/25;3
Bela Vista;MASP;-23,561414;-46,655881;40;07/08/25;4
Bela Vista;MASP;-23,561414;-46,655881;40;07/08/25;6
Bela Vista;MASP;-23,561414;-46,655881;40;07/08/25;6
Bela Vista;MASP;-23,561414;-46,655881;40;07/08/25;7
Bela Vista;MASP;-23,561414;-46,655881;40;07/08/25;7
Bela Vista;MASP;-23,561414;-46,655881;40;07/08/25;7
Bela Vista;MASP;-23,561414;-46,655881;40;07/08/25;8
Bela Vista;MASP;-23,561414;-46,655881;40;07/08/25;8
Bela Vista;MASP;-23,561414;-46,655881;40;07/08/25;8
Bela Vista;MASP;-23,561414;-46,655881;40;07/08/25;9
Bela Vista;MASP;-23,561414;-46,655881;40;07/08/25;9
Bela Vista;MASP;-23,561414;-46,655881;40;07/08/25;9
Bela Vista;MASP;-23,561414;-46,655881;40;07/08/25;9
Bela Vista;MASP;-23,561414;-46,655881;40;07/08/25;9
Bela Vista;MASP;-23,561414;-46,655881;40;07/08/25;10
Bela Vista;MASP;-23,561414;-46,655881;40;08/08/25;1
Bela Vista;MASP;-23,561414;-46,655881;40;08/08/25;2
Bela Vista;MASP;-23,561414;-46,655881;40;08/08/25;2
Bela Vista;MASP;-23,561414;-46,655881;40;08/08/25;4
Bela Vista;MASP;-23,561414;-46,655881;40;08/08/25;4
Bela Vista;MASP;-23,561414;-46,655881;40;08/08/25;5
Bela Vista;MASP;-23,561414;-46,655881;40;08/08/25;5
Bela Vista;MASP;-23,561414;-46,655881;40;08/08/25;6
Bela Vista;MASP;-23,561414;-46,655881;40;08/08/25;7
Bela Vista;MASP;-23,561414;-46,655881;40;08/08/25;8
Bela Vista;MASP;-23,561414;-46,655881;40;08/08/25;8
Bela Vista;MASP;-23,561414;-46,655881;40;08/08/25;8
Bela Vista;MASP;-23,561414;-46,655881;45;01/09/25;3
Bela Vista;MASP;-23,561414;-46,655881;45;01/09/25;5
Bela Vista;MASP;-23,561414;-46,655881;45;01/09/25;5
Bela Vista;MASP;-23,561414;-46,655881;45;01/09/25;6
Bela Vista;MASP;-23,561414;-46,655881;45;01/09/25;6
Bela Vista;MASP;-23,561414;-46,655881;45;01/09/25;6
Bela Vista;MASP;-23,561414;-46,655881;45;01/09/25;6
Bela Vista;MASP;-23,561414;-46,655881;45;01/09/25;7
Bela Vista;MASP;-23,561414;-46,655881;45;01/09/25;10
Bela Vista;MASP;-23,561414;-46,655881;45;01/09/25;10
Bela Vista;MASP;-23,561414;-46,655881;45;02/09/25;2
Bela Vista;MASP;-23,561414;-46,655881;45;02/09/25;3
Bela Vista;MASP;-23,561414;-46,655881;45;02/09/25;3
Bela Vista;MASP;-23,561414;-46,655881;45;02/09/25;4
Bela Vista;MASP;-23,561414;-46,655881;45;02/09/25;5
Bela Vista;MASP;-23,561414;-46,655881;45;02/09/25;5
Bela Vista;MASP;-23,561414;-46,655881;45;03/09/25;1
Bela Vista;MASP;-23,561414;-46,655881;45;03/09/25;3
Bela Vista;MASP;-23,561414;-46,655881;45;03/09/25;4
Bela Vista;MASP;-23,561414;-46,655881;45;03/09/25;4
Bela Vista;MASP;-23,561414;-46,655881;45;03/09/25;5
Bela Vista;MASP;-23,561414;-46,655881;45;03/09/25;6
Bela Vista;MASP;-23,561414;-46,655881;45;03/09/25;8
Bela Vista;MASP;-23,561414;-46,655881;45;03/09/25;10
Bela Vista;MASP;-23,561414;-46,655881;45;04/09/25;2
Bela Vista;MASP;-23,561414;-46,655881;45;04/09/25;2
Bela Vista;MASP;-23,561414;-46,655881;45;04/09/25;3
Bela Vista;MASP;-23,561414;-46,655881;45;04/09/25;3
Bela Vista;MASP;-23,561414;-46,655881;45;04/09/25;5
Bela Vista;MASP;-23,561414;-46,655881;45;04/09/25;5
Bela Vista;MASP;-23,561414;-46,655881;45;04/09/25;9
Bela Vista;MASP;-23,561414;-46,655881;45;04/09/25;9
Bela Vista;MASP;-23,561414;-46,655881;45;04/09/25;10
Bela Vista;MASP;-23,561414;-46,655881;45;04/09/25;10
Bela Vista;MASP;-23,561414;-46,655881;45;04/09/25;10
Bela Vista;MASP;-23,561414;-46,655881;45;05/09/25;3
Bela Vista;MASP;-23,561414;-46,655881;45;05/09/25;5
Bela Vista;MASP;-23,561414;-46,655881;45;05/09/25;8
Bela Vista;MASP;-23,561414;-46,655881;45;06/09/25;2
Bela Vista;MASP;-23,561414;-46,655881;45;06/09/25;4
Bela Vista;MASP;-23,561414;-46,655881;45;06/09/25;4
Bela Vista;MASP;-23,561414;-46,655881;45;06/09/25;4
Bela Vista;MASP;-23,561414;-46,655881;45;06/09/25;8
Bela Vista;MASP;-23,561414;-46,655881;45;06/09/25;9
Bela Vista;MASP;-23,561414;-46,655881;45;06/09/25;9
Bela Vista;MASP;-23,561414;-46,655881;45;06/09/25;10
Bela Vista;MASP;-23,561414;-46,655881;45;07/09/25;1
Bela Vista;MASP;-23,561414;-46,655881;45;07/09/25;1
Bela Vista;MASP;-23,561414;-46,655881;45;07/09/25;2
Bela Vista;MASP;-23,561414;-46,655881;45;07/09/25;5
Bela Vista;MASP;-23,561414;-46,655881;45;07/09/25;5
Bela Vista;MASP;-23,561414;-46,655881;45;07/09/25;6
Bela Vista;MASP;-23,561414;-46,655881;45;07/09/25;6
Bela Vista;MASP;-23,561414;-46,655881;45;07/09/25;7
Bela Vista;MASP;-23,561414;-46,655881;45;07/09/25;7
Bela Vista;MASP;-23,561414;-46,655881;45;07/09/25;7
Bela Vista;MASP;-23,561414;-46,655881;45;07/09/25;8
Bela Vista;MASP;-23,561414;-46,655881;45;07/09/25;8
Bela Vista;MASP;-23,561414;-46,655881;45;07/09/25;9
Bela Vista;MASP;-23,561414;-46,655881;45;07/09/25;10
Bela Vista;MASP;-23,561414;-46,655881;45;08/09/25;1
Bela Vista;MASP;-23,561414;-46,655881;45;08/09/25;1
Bela Vista;MASP;-23,561414;-46,655881;45;08/09/25;3
Bela Vista;MASP;-23,561414;-46,655881;45;08/09/25;3
Bela Vista;MASP;-23,561414;-46,655881;45;08/09/25;3
Bela Vista;MASP;-23,561414;-46,655881;45;08/09/25;4
Bela Vista;MASP;-23,561414;-46,655881;45;08/09/25;4
Bela Vista;MASP;-23,561414;-46,655881;45;08/09/25;5
Bela Vista;MASP;-23,561414;-46,655881;45;08/09/25;5
Bela Vista;MASP;-23,561414;-46,655881;45;08/09/25;5
Bela Vista;MASP;-23,561414;-46,655881;45;08/09/25;7
Bela Vista;MASP;-23,561414;-46,655881;45;08/09/25;7
Bela Vista;MASP;-23,561414;-46,655881;45;08/09/25;10
Bela Vista;MASP;-23,561414;-46,655881;50;01/10/25;1
Bela Vista;MASP;-23,561414;-46,655881;50;01/10/25;1
Bela Vista;MASP;-23,561414;-46,655881;50;01/10/25;3
Bela Vista;MASP;-23,561414;-46,655881;50;01/10/25;4
Bela Vista;MASP;-23,561414;-46,655881;50;01/10/25;7
Bela Vista;MASP;-23,561414;-46,655881;50;01/10/25;7
Bela Vista;MASP;-23,561414;-46,655881;50;01/10/25;8
Bela Vista;MASP;-23,561414;-46,655881;50;01/10/25;8
Bela Vista;MASP;-23,561414;-46,655881;50;01/10/25;10
Bela Vista;MASP;-23,561414;-46,655881;50;01/10/25;10
Bela Vista;MASP;-23,561414;-46,655881;50;02/10/25;2
Bela Vista;MASP;-23,561414;-46,655881;50;02/10/25;3
Bela Vista;MASP;-23,561414;-46,655881;50;02/10/25;3
Bela Vista;MASP;-23,561414;-46,655881;50;02/10/25;3
Bela Vista;MASP;-23,561414;-46,655881;50;02/10/25;4
Bela Vista;MASP;-23,561414;-46,655881;50;02/10/25;5
Bela Vista;MASP;-23,561414;-46,655881;50;02/10/25;5
Bela Vista;MASP;-23,561414;-46,655881;50;02/10/25;7
Bela Vista;MASP;-23,561414;-46,655881;50;02/10/25;9
Bela Vista;MASP;-23,561414;-46,655881;50;02/10/25;9
Bela Vista;MASP;-23,561414;-46,655881;50;03/10/25;1
Bela Vista;MASP;-23,561414;-46,655881;50;03/10/25;1
Bela Vista;MASP;-23,561414;-46,655881;50;03/10/25;4
Bela Vista;MASP;-23,561414;-46,655881;50;03/10/25;5
Bela Vista;MASP;-23,561414;-46,655881;50;03/10/25;6
Bela Vista;MASP;-23,561414;-46,655881;50;03/10/25;7
Bela Vista;MASP;-23,561414;-46,655881;50;03/10/25;7
Bela Vista;MASP;-23,561414;-46,655881;50;03/10/25;10
Bela Vista;MASP;-23,561414;-46,655881;50;04/10/25;1
Bela Vista;MASP;-23,561414;-46,655881;50;04/10/25;1
Bela Vista;MASP;-23,561414;-46,655881;50;04/10/25;2
Bela Vista;MASP;-23,561414;-46,655881;50;04/10/25;2
Bela Vista;MASP;-23,561414;-46,655881;50;04/10/25;3
Bela Vista;MASP;-23,561414;-46,655881;50;04/10/25;5
Bela Vista;MASP;-23,561414;-46,655881;50;04/10/25;6
Bela Vista;MASP;-23,561414;-46,655881;50;04/10/25;6
Bela Vista;MASP;-23,561414;-46,655881;50;04/10/25;7
Bela Vista;MASP;-23,561414;-46,655881;50;04/10/25;8
Bela Vista;MASP;-23,561414;-46,655881;50;04/10/25;8
Bela Vista;MASP;-23,561414;-46,655881;50;04/10/25;9
Bela Vista;MASP;-23,561414;-46,655881;50;05/10/25;1
Bela Vista;MASP;-23,561414;-46,655881;50;05/10/25;1
Bela Vista;MASP;-23,561414;-46,655881;50;05/10/25;1
Bela Vista;MASP;-23,561414;-46,655881;50;05/10/25;2
Bela Vista;MASP;-23,561414;-46,655881;50;05/10/25;2
Bela Vista;MASP;-23,561414;-46,655881;50;05/10/25;2
Bela Vista;MASP;-23,561414;-46,655881;50;05/10/25;4
Bela Vista;MASP;-23,561414;-46,655881;50;05/10/25;6
Bela Vista;MASP;-23,561414;-46,655881;50;05/10/25;6
Bela Vista;MASP;-23,561414;-46,655881;50;05/10/25;9
Bela Vista;MASP;-23,561414;-46,655881;50;05/10/25;10
Bela Vista;MASP;-23,561414;-46,655881;50;05/10/25;10
Bela Vista;MASP;-23,561414;-46,655881;50;06/10/25;3
Bela Vista;MASP;-23,561414;-46,655881;50;06/10/25;4
Bela Vista;MASP;-23,561414;-46,655881;50;06/10/25;4
Bela Vista;MASP;-23,561414;-46,655881;50;06/10/25;5
Bela Vista;MASP;-23,561414;-46,655881;50;06/10/25;5
Bela Vista;MASP;-23,561414;-46,655881;50;06/10/25;6
Bela Vista;MASP;-23,561414;-46,655881;50;06/10/25;6
Bela Vista;MASP;-23,561414;-46,655881;50;06/10/25;7
Bela Vista;MASP;-23,561414;-46,655881;50;06/10/25;7
Bela Vista;MASP;-23,561414;-46,655881;50;06/10/25;7
Bela Vista;MASP;-23,561414;-46,655881;50;07/10/25;1
Bela Vista;MASP;-23,561414;-46,655881;50;07/10/25;1
Bela Vista;MASP;-23,561414;-46,655881;50;07/10/25;2
Bela Vista;MASP;-23,561414;-46,655881;50;07/10/25;2
Bela Vista;MASP;-23,561414;-46,655881;50;07/10/25;2
Bela Vista;MASP;-23,561414;-46,655881;50;07/10/25;3
Bela Vista;MASP;-23,561414;-46,655881;50;07/10/25;3
Bela Vista;MASP;-23,561414;-46,655881;50;07/10/25;3
Bela Vista;MASP;-23,561414;-46,655881;50;07/10/25;4
Bela Vista;MASP;-23,561414;-46,655881;50;07/10/25;4
Bela Vista;MASP;-23,561414;-46,655881;50;07/10/25;4
Bela Vista;MASP;-23,561414;-46,655881;50;07/10/25;4
Bela Vista;MASP;-23,561414;-46,655881;50;07/10/25;5
Bela Vista;MASP;-23,561414;-46,655881;50;07/10/25;5
Bela Vista;MASP;-23,561414;-46,655881;50;07/10/25;5
Bela Vista;MASP;-23,561414;-46,655881;50;07/10/25;6
Bela Vista;MASP;-23,561414;-46,655881;50;07/10/25;7
Bela Vista;MASP;-23,561414;-46,655881;50;07/10/25;8
Bela Vista;MASP;-23,561414;-46,655881;50;07/10/25;10
Bela Vista;MASP;-23,561414;-46,655881;50;08/10/25;1
Bela Vista;MASP;-23,561414;-46,655881;50;08/10/25;2
Bela Vista;MASP;-23,561414;-46,655881;50;08/10/25;2
Bela Vista;MASP;-23,561414;-46,655881;50;08/10/25;2
Bela Vista;MASP;-23,561414;-46,655881;50;08/10/25;2
Bela Vista;MASP;-23,561414;-46,655881;50;08/10/25;3
Bela Vista;MASP;-23,561414;-46,655881;50;08/10/25;3
Bela Vista;MASP;-23,561414;-46,655881;50;08/10/25;3
Bela Vista;MASP;-23,561414;-46,655881;50;08/10/25;3
Bela Vista;MASP;-23,561414;-46,655881;50;08/10/25;5
Bela Vista;MASP;-23,561414;-46,655881;50;08/10/25;6
Bela Vista;MASP;-23,561414;-46,655881;50;08/10/25;6
Bela Vista;MASP;-23,561414;-46,655881;50;08/10/25;7
Bela Vista;MASP;-23,561414;-46,655881;50;08/10/25;7
Bela Vista;MASP;-23,561414;-46,655881;50;08/10/25;7
Bela Vista;MASP;-23,561414;-46,655881;50;08/10/25;7
Bela Vista;MASP;-23,561414;-46,655881;50;08/10/25;7
Bela Vista;MASP;-23,561414;-46,655881;50;08/10/25;8
Bela Vista;MASP;-23,561414;-46,655881;50;08/10/25;8
Bela Vista;MASP;-23,561414;-46,655881;50;08/10/25;8
Bela Vista;MASP;-23,561414;-46,655881;55;01/11/25;1
Bela Vista;MASP;-23,561414;-46,655881;55;01/11/25;1
Bela Vista;MASP;-23,561414;-46,655881;55;01/11/25;2
Bela Vista;MASP;-23,561414;-46,655881;55;01/11/25;5
Bela Vista;MASP;-23,561414;-46,655881;55;01/11/25;6
Bela Vista;MASP;-23,561414;-46,655881;55;01/11/25;6
Bela Vista;MASP;-23,561414;-46,655881;55;01/11/25;7
Bela Vista;MASP;-23,561414;-46,655881;55;01/11/25;7
Bela Vista;MASP;-23,561414;-46,655881;55;01/11/25;8
Bela Vista;MASP;-23,561414;-46,655881;55;01/11/25;9
Bela Vista;MASP;-23,561414;-46,655881;55;01/11/25;9
Bela Vista;MASP;-23,561414;-46,655881;55;01/11/25;10
Bela Vista;MASP;-23,561414;-46,655881;55;02/11/25;1
Bela Vista;MASP;-23,561414;-46,655881;55;02/11/25;2
Bela Vista;MASP;-23,561414;-46,655881;55;02/11/25;3
Bela Vista;MASP;-23,561414;-46,655881;55;02/11/25;3
Bela Vista;MASP;-23,561414;-46,655881;55;02/11/25;6
Bela Vista;MASP;-23,561414;-46,655881;55;02/11/25;7
Bela Vista;MASP;-23,561414;-46,655881;55;02/11/25;7
Bela Vista;MASP;-23,561414;-46,655881;55;02/11/25;8
Bela Vista;MASP;-23,561414;-46,655881;55;02/11/25;10
Bela Vista;MASP;-23,561414;-46,655881;55;02/11/25;10
Bela Vista;MASP;-23,561414;-46,655881;55;03/11/25;1
Bela Vista;MASP;-23,561414;-46,655881;55;03/11/25;2
Bela Vista;MASP;-23,561414;-46,655881;55;03/11/25;3
Bela Vista;MASP;-23,561414;-46,655881;55;03/11/25;5
Bela Vista;MASP;-23,561414;-46,655881;55;03/11/25;5
Bela Vista;MASP;-23,561414;-46,655881;55;03/11/25;7
Bela Vista;MASP;-23,561414;-46,655881;55;03/11/25;7
Bela Vista;MASP;-23,561414;-46,655881;55;03/11/25;9
Bela Vista;MASP;-23,561414;-46,655881;55;03/11/25;9
Bela Vista;MASP;-23,561414;-46,655881;55;03/11/25;9
Bela Vista;MASP;-23,561414;-46,655881;55;04/11/25;1
Bela Vista;MASP;-23,561414;-46,655881;55;04/11/25;2
Bela Vista;MASP;-23,561414;-46,655881;55;04/11/25;3
Bela Vista;MASP;-23,561414;-46,655881;55;04/11/25;5
Bela Vista;MASP;-23,561414;-46,655881;55;04/11/25;7
Bela Vista;MASP;-23,561414;-46,655881;55;04/11/25;7
Bela Vista;MASP;-23,561414;-46,655881;55;04/11/25;8
Bela Vista;MASP;-23,561414;-46,655881;55;04/11/25;10
Bela Vista;MASP;-23,561414;-46,655881;55;05/11/25;1
Bela Vista;MASP;-23,561414;-46,655881;55;05/11/25;4
Bela Vista;MASP;-23,561414;-46,655881;55;05/11/25;4
Bela Vista;MASP;-23,561414;-46,655881;55;05/11/25;4
Bela Vista;MASP;-23,561414;-46,655881;55;05/11/25;4
Bela Vista;MASP;-23,561414;-46,655881;55;05/11/25;4
Bela Vista;MASP;-23,561414;-46,655881;55;05/11/25;6
Bela Vista;MASP;-23,561414;-46,655881;55;05/11/25;8
Bela Vista;MASP;-23,561414;-46,655881;55;05/11/25;8
Bela Vista;MASP;-23,561414;-46,655881;55;05/11/25;9
Bela Vista;MASP;-23,561414;-46,655881;55;05/11/25;9
Bela Vista;MASP;-23,561414;-46,655881;55;06/11/25;1
Bela Vista;MASP;-23,561414;-46,655881;55;06/11/25;2
Bela Vista;MASP;-23,561414;-46,655881;55;06/11/25;3
Bela Vista;MASP;-23,561414;-46,655881;55;06/11/25;4
Bela Vista;MASP;-23,561414;-46,655881;55;06/11/25;4
Bela Vista;MASP;-23,561414;-46,655881;55;06/11/25;4
Bela Vista;MASP;-23,561414;-46,655881;55;06/11/25;5
Bela Vista;MASP;-23,561414;-46,655881;55;06/11/25;7
Bela Vista;MASP;-23,561414;-46,655881;55;06/11/25;7
Bela Vista;MASP;-23,561414;-46,655881;55;06/11/25;8
Bela Vista;MASP;-23,561414;-46,655881;55;07/11/25;1
Bela Vista;MASP;-23,561414;-46,655881;55;07/11/25;2
Bela Vista;MASP;-23,561414;-46,655881;55;07/11/25;3
Bela Vista;MASP;-23,561414;-46,655881;55;07/11/25;3
Bela Vista;MASP;-23,561414;-46,655881;55;07/11/25;5
Bela Vista;MASP;-23,561414;-46,655881;55;07/11/25;5
Bela Vista;MASP;-23,561414;-46,655881;55;07/11/25;6
Bela Vista;MASP;-23,561414;-46,655881;55;07/11/25;7
Bela Vista;MASP;-23,561414;-46,655881;55;07/11/25;8
Bela Vista;MASP;-23,561414;-46,655881;55;07/11/25;8
Bela Vista;MASP;-23,561414;-46,655881;55;07/11/25;8
Bela Vista;MASP;-23,561414;-46,655881;55;07/11/25;9
Bela Vista;MASP;-23,561414;-46,655881;55;07/11/25;10
Bela Vista;MASP;-23,561414;-46,655881;55;07/11/25;10
Bela Vista;MASP;-23,561414;-46,655881;55;08/11/25;1
Bela Vista;MASP;-23,561414;-46,655881;55;08/11/25;3
Bela Vista;MASP;-23,561414;-46,655881;55;08/11/25;4
Bela Vista;MASP;-23,561414;-46,655881;55;08/11/25;4
Bela Vista;MASP;-23,561414;-46,655881;55;08/11/25;6
Bela Vista;MASP;-23,561414;-46,655881;55;08/11/25;7
Bela Vista;MASP;-23,561414;-46,655881;55;08/11/25;7
Bela Vista;MASP;-23,561414;-46,655881;55;08/11/25;10
Bela Vista;MASP;-23,561414;-46,655881;55;08/11/25;10
Bela Vista;MASP;-23,561414;-46,655881;60;01/12/25;1
Bela Vista;MASP;-23,561414;-46,655881;60;01/12/25;1
Bela Vista;MASP;-23,561414;-46,655881;60;01/12/25;2
Bela Vista;MASP;-23,561414;-46,655881;60;01/12/25;3
Bela Vista;MASP;-23,561414;-46,655881;60;01/12/25;3
Bela Vista;MASP;-23,561414;-46,655881;60;01/12/25;4
Bela Vista;MASP;-23,561414;-46,655881;60;01/12/25;5
Bela Vista;MASP;-23,561414;-46,655881;60;01/12/25;8
Bela Vista;MASP;-23,561414;-46,655881;60;02/12/25;1
Bela Vista;MASP;-23,561414;-46,655881;60;02/12/25;2
Bela Vista;MASP;-23,561414;-46,655881;60;02/12/25;3
Bela Vista;MASP;-23,561414;-46,655881;60;02/12/25;3
Bela Vista;MASP;-23,561414;-46,655881;60;02/12/25;5
Bela Vista;MASP;-23,561414;-46,655881;60;02/12/25;8
Bela Vista;MASP;-23,561414;-46,655881;60;02/12/25;8
Bela Vista;MASP;-23,561414;-46,655881;60;02/12/25;9
Bela Vista;MASP;-23,561414;-46,655881;60;02/12/25;9
Bela Vista;MASP;-23,561414;-46,655881;60;02/12/25;10
Bela Vista;MASP;-23,561414;-46,655881;60;03/12/25;2
Bela Vista;MASP;-23,561414;-46,655881;60;03/12/25;3
Bela Vista;MASP;-23,561414;-46,655881;60;03/12/25;3
Bela Vista;MASP;-23,561414;-46,655881;60;03/12/25;3
Bela Vista;MASP;-23,561414;-46,655881;60;03/12/25;3
Bela Vista;MASP;-23,561414;-46,655881;60;03/12/25;6
Bela Vista;MASP;-23,561414;-46,655881;60;03/12/25;7
Bela Vista;MASP;-23,561414;-46,655881;60;03/12/25;8
Bela Vista;MASP;-23,561414;-46,655881;60;03/12/25;10
Bela Vista;MASP;-23,561414;-46,655881;60;04/12/25;1
Bela Vista;MASP;-23,561414;-46,655881;60;04/12/25;1
Bela Vista;MASP;-23,561414;-46,655881;60;04/12/25;1
Bela Vista;MASP;-23,561414;-46,655881;60;04/12/25;2
Bela Vista;MASP;-23,561414;-46,655881;60;04/12/25;2
Bela Vista;MASP;-23,561414;-46,655881;60;04/12/25;2
Bela Vista;MASP;-23,561414;-46,655881;60;04/12/25;2
Bela Vista;MASP;-23,561414;-46,655881;60;04/12/25;3
Bela Vista;MASP;-23,561414;-46,655881;60;04/12/25;3
Bela Vista;MASP;-23,561414;-46,655881;60;04/12/25;3
Bela Vista;MASP;-23,561414;-46,655881;60;04/12/25;4
Bela Vista;MASP;-23,561414;-46,655881;60;04/12/25;4
Bela Vista;MASP;-23,561414;-46,655881;60;04/12/25;4
Bela Vista;MASP;-23,561414;-46,655881;60;04/12/25;5
Bela Vista;MASP;-23,561414;-46,655881;60;04/12/25;7
Bela Vista;MASP;-23,561414;-46,655881;60;04/12/25;8
Bela Vista;MASP;-23,561414;-46,655881;60;04/12/25;8
Bela Vista;MASP;-23,561414;-46,655881;60;04/12/25;9
Bela Vista;MASP;-23,561414;-46,655881;60;04/12/25;9
Bela Vista;MASP;-23,561414;-46,655881;60;04/12/25;9
Bela Vista;MASP;-23,561414;-46,655881;60;04/12/25;10
Bela Vista;MASP;-23,561414;-46,655881;60;05/12/25;1
Bela Vista;MASP;-23,561414;-46,655881;60;05/12/25;1
Bela Vista;MASP;-23,561414;-46,655881;60;05/12/25;2
Bela Vista;MASP;-23,561414;-46,655881;60;05/12/25;3
Bela Vista;MASP;-23,561414;-46,655881;60;05/12/25;3
Bela Vista;MASP;-23,561414;-46,655881;60;05/12/25;3
Bela Vista;MASP;-23,561414;-46,655881;60;05/12/25;3
Bela Vista;MASP;-23,561414;-46,655881;60;05/12/25;7
Bela Vista;MASP;-23,561414;-46,655881;60;05/12/25;8
Bela Vista;MASP;-23,561414;-46,655881;60;05/12/25;9
Bela Vista;MASP;-23,561414;-46,655881;60;05/12/25;9
Bela Vista;MASP;-23,561414;-46,655881;60;06/12/25;1
Bela Vista;MASP;-23,561414;-46,655881;60;06/12/25;2
Bela Vista;MASP;-23,561414;-46,655881;60;06/12/25;2
Bela Vista;MASP;-23,561414;-46,655881;60;06/12/25;4
Bela Vista;MASP;-23,561414;-46,655881;60;06/12/25;4
Bela Vista;MASP;-23,561414;-46,655881;60;06/12/25;5
Bela Vista;MASP;-23,561414;-46,655881;60;06/12/25;5
Bela Vista;MASP;-23,561414;-46,655881;60;06/12/25;5
Bela Vista;MASP;-23,561414;-46,655881;60;06/12/25;6
Bela Vista;MASP;-23,561414;-46,655881;60;06/12/25;7
Bela Vista;MASP;-23,561414;-46,655881;60;06/12/25;7
Bela Vista;MASP;-23,561414;-46,655881;60;06/12/25;7
Bela Vista;MASP;-23,561414;-46,655881;60;06/12/25;8
Bela Vista;MASP;-23,561414;-46,655881;60;06/12/25;8
Bela Vista;MASP;-23,561414;-46,655881;60;06/12/25;8
Bela Vista;MASP;-23,561414;-46,655881;60;06/12/25;10
Bela Vista;MASP;-23,561414;-46,655881;60;07/12/25;1
Bela Vista;MASP;-23,561414;-46,655881;60;07/12/25;2
Bela Vista;MASP;-23,561414;-46,655881;60;07/12/25;3
Bela Vista;MASP;-23,561414;-46,655881;60;07/12/25;3
Bela Vista;MASP;-23,561414;-46,655881;60;07/12/25;3
Bela Vista;MASP;-23,561414;-46,655881;60;07/12/25;3
Bela Vista;MASP;-23,561414;-46,655881;60;07/12/25;4
Bela Vista;MASP;-23,561414;-46,655881;60;07/12/25;4
Bela Vista;MASP;-23,561414;-46,655881;60;07/12/25;5
Bela Vista;MASP;-23,561414;-46,655881;60;07/12/25;5
Bela Vista;MASP;-23,561414;-46,655881;60;07/12/25;10
Bela Vista;MASP;-23,561414;-46,655881;60;07/12/25;10
Bela Vista;MASP;-23,561414;-46,655881;60;08/12/25;2
Bela Vista;MASP;-23,561414;-46,655881;60;08/12/25;2
Bela Vista;MASP;-23,561414;-46,655881;60;08/12/25;2
Bela Vista;MASP;-23,561414;-46,655881;60;08/12/25;4
Bela Vista;MASP;-23,561414;-46,655881;60;08/12/25;4
Bela Vista;MASP;-23,561414;-46,655881;60;08/12/25;5
Bela Vista;MASP;-23,561414;-46,655881;60;08/12/25;5
Bela Vista;MASP;-23,561414;-46,655881;60;08/12/25;6
Bela Vista;MASP;-23,561414;-46,655881;60;08/12/25;8
Bela Vista;MASP;-23,561414;-46,655881;60;08/12/25;9
Bela Vista;MASP;-23,561414;-46,655881;60;08/12/25;10
Bela Vista;MASP;-23,561414;-46,655881;60;08/12/25;10
Bela Vista;MASP;-23,561414;-46,655881;40;01/01/26;3
Bela Vista;MASP;-23,561414;-46,655881;40;01/01/26;3
Bela Vista;MASP;-23,561414;-46,655881;40;01/01/26;5
Bela Vista;MASP;-23,561414;-46,655881;40;01/01/26;5
Bela Vista;MASP;-23,561414;-46,655881;40;01/01/26;5
Bela Vista;MASP;-23,561414;-46,655881;40;01/01/26;6
Bela Vista;MASP;-23,561414;-46,655881;40;01/01/26;8
Bela Vista;MASP;-23,561414;-46,655881;40;01/01/26;9
Bela Vista;MASP;-23,561414;-46,655881;40;01/01/26;10
Bela Vista;MASP;-23,561414;-46,655881;40;02/01/26;2
Bela Vista;MASP;-23,561414;-46,655881;40;02/01/26;3
Bela Vista;MASP;-23,561414;-46,655881;40;02/01/26;4
Bela Vista;MASP;-23,561414;-46,655881;40;02/01/26;4
Bela Vista;MASP;-23,561414;-46,655881;40;02/01/26;5
Bela Vista;MASP;-23,561414;-46,655881;40;02/01/26;5
Bela Vista;MASP;-23,561414;-46,655881;40;02/01/26;7
Bela Vista;MASP;-23,561414;-46,655881;40;02/01/26;8
Bela Vista;MASP;-23,561414;-46,655881;40;02/01/26;9
Bela Vista;MASP;-23,561414;-46,655881;40;02/01/26;9
Bela Vista;MASP;-23,561414;-46,655881;40;03/01/26;1
Bela Vista;MASP;-23,561414;-46,655881;40;03/01/26;2
Bela Vista;MASP;-23,561414;-46,655881;40;03/01/26;2
Bela Vista;MASP;-23,561414;-46,655881;40;03/01/26;3
Bela Vista;MASP;-23,561414;-46,655881;40;03/01/26;4
Bela Vista;MASP;-23,561414;-46,655881;40;03/01/26;4
Bela Vista;MASP;-23,561414;-46,655881;40;03/01/26;5
Bela Vista;MASP;-23,561414;-46,655881;40;03/01/26;9
Bela Vista;MASP;-23,561414;-46,655881;40;03/01/26;10
Bela Vista;MASP;-23,561414;-46,655881;40;03/01/26;10
Bela Vista;MASP;-23,561414;-46,655881;40;04/01/26;1
Bela Vista;MASP;-23,561414;-46,655881;40;04/01/26;3
Bela Vista;MASP;-23,561414;-46,655881;40;04/01/26;3
Bela Vista;MASP;-23,561414;-46,655881;40;04/01/26;3
Bela Vista;MASP;-23,561414;-46,655881;40;04/01/26;5
Bela Vista;MASP;-23,561414;-46,655881;40;04/01/26;6
Bela Vista;MASP;-23,561414;-46,655881;40;04/01/26;6
Bela Vista;MASP;-23,561414;-46,655881;40;04/01/26;7
Bela Vista;MASP;-23,561414;-46,655881;40;04/01/26;10
Bela Vista;MASP;-23,561414;-46,655881;40;05/01/26;2
Bela Vista;MASP;-23,561414;-46,655881;40;05/01/26;3
Bela Vista;MASP;-23,561414;-46,655881;40;05/01/26;3
Bela Vista;MASP;-23,561414;-46,655881;40;05/01/26;4
Bela Vista;MASP;-23,561414;-46,655881;40;05/01/26;4
Bela Vista;MASP;-23,561414;-46,655881;40;05/01/26;7
Bela Vista;MASP;-23,561414;-46,655881;40;06/01/26;1
Bela Vista;MASP;-23,561414;-46,655881;40;06/01/26;1
Bela Vista;MASP;-23,561414;-46,655881;40;06/01/26;2
Bela Vista;MASP;-23,561414;-46,655881;40;06/01/26;2
Bela Vista;MASP;-23,561414;-46,655881;40;06/01/26;2
Bela Vista;MASP;-23,561414;-46,655881;40;06/01/26;5
Bela Vista;MASP;-23,561414;-46,655881;40;06/01/26;5
Bela Vista;MASP;-23,561414;-46,655881;40;06/01/26;5
Bela Vista;MASP;-23,561414;-46,655881;40;06/01/26;6
Bela Vista;MASP;-23,561414;-46,655881;40;06/01/26;6
Bela Vista;MASP;-23,561414;-46,655881;40;06/01/26;6
Bela Vista;MASP;-23,561414;-46,655881;40;06/01/26;8
Bela Vista;MASP;-23,561414;-46,655881;40;06/01/26;9
Bela Vista;MASP;-23,561414;-46,655881;40;06/01/26;9
Bela Vista;MASP;-23,561414;-46,655881;40;06/01/26;9
Bela Vista;MASP;-23,561414;-46,655881;40;06/01/26;10
Bela Vista;MASP;-23,561414;-46,655881;40;07/01/26;1
Bela Vista;MASP;-23,561414;-46,655881;40;07/01/26;1
Bela Vista;MASP;-23,561414;-46,655881;40;07/01/26;3
Bela Vista;MASP;-23,561414;-46,655881;40;07/01/26;3
Bela Vista;MASP;-23,561414;-46,655881;40;07/01/26;4
Bela Vista;MASP;-23,561414;-46,655881;40;07/01/26;4
Bela Vista;MASP;-23,561414;-46,655881;40;07/01/26;4
Bela Vista;MASP;-23,561414;-46,655881;40;07/01/26;4
Bela Vista;MASP;-23,561414;-46,655881;40;07/01/26;5
Bela Vista;MASP;-23,561414;-46,655881;40;07/01/26;7
Bela Vista;MASP;-23,561414;-46,655881;40;07/01/26;7
Bela Vista;MASP;-23,561414;-46,655881;40;07/01/26;8
Bela Vista;MASP;-23,561414;-46,655881;40;07/01/26;9
Bela Vista;MASP;-23,561414;-46,655881;40;07/01/26;10
Bela Vista;MASP;-23,561414;-46,655881;40;08/01/26;1
Bela Vista;MASP;-23,561414;-46,655881;40;08/01/26;1
Bela Vista;MASP;-23,561414;-46,655881;40;08/01/26;2
Bela Vista;MASP;-23,561414;-46,655881;40;08/01/26;2
Bela Vista;MASP;-23,561414;-46,655881;40;08/01/26;3
Bela Vista;MASP;-23,561414;-46,655881;40;08/01/26;3
Bela Vista;MASP;-23,561414;-46,655881;40;08/01/26;4
Bela Vista;MASP;-23,561414;-46,655881;40;08/01/26;4
Bela Vista;MASP;-23,561414;-46,655881;40;08/01/26;5
Bela Vista;MASP;-23,561414;-46,655881;40;08/01/26;6
Bela Vista;MASP;-23,561414;-46,655881;40;08/01/26;6
Bela Vista;MASP;-23,561414;-46,655881;40;08/01/26;7
Bela Vista;MASP;-23,561414;-46,655881;40;08/01/26;7
Bela Vista;MASP;-23,561414;-46,655881;40;08/01/26;10
Bela Vista;MASP;-23,561414;-46,655881;40;08/01/26;10
Bela Vista;MASP;-23,561414;-46,655881;50;01/02/26;1
Bela Vista;MASP;-23,561414;-46,655881;50;01/02/26;3
Bela Vista;MASP;-23,561414;-46,655881;50;01/02/26;3
Bela Vista;MASP;-23,561414;-46,655881;50;01/02/26;4
Bela Vista;MASP;-23,561414;-46,655881;50;01/02/26;6
Bela Vista;MASP;-23,561414;-46,655881;50;01/02/26;8
Bela Vista;MASP;-23,561414;-46,655881;50;01/02/26;8
Bela Vista;MASP;-23,561414;-46,655881;50;01/02/26;10
Bela Vista;MASP;-23,561414;-46,655881;50;02/02/26;1
Bela Vista;MASP;-23,561414;-46,655881;50;02/02/26;1
Bela Vista;MASP;-23,561414;-46,655881;50;02/02/26;2
Bela Vista;MASP;-23,561414;-46,655881;50;02/02/26;2
Bela Vista;MASP;-23,561414;-46,655881;50;02/02/26;4
Bela Vista;MASP;-23,561414;-46,655881;50;02/02/26;6
Bela Vista;MASP;-23,561414;-46,655881;50;02/02/26;8
Bela Vista;MASP;-23,561414;-46,655881;50;02/02/26;10
Bela Vista;MASP;-23,561414;-46,655881;50;03/02/26;1
Bela Vista;MASP;-23,561414;-46,655881;50;03/02/26;1
Bela Vista;MASP;-23,561414;-46,655881;50;03/02/26;5
Bela Vista;MASP;-23,561414;-46,655881;50;03/02/26;7
Bela Vista;MASP;-23,561414;-46,655881;50;03/02/26;10
Bela Vista;MASP;-23,561414;-46,655881;50;03/02/26;10
Bela Vista;MASP;-23,561414;-46,655881;50;04/02/26;1
Bela Vista;MASP;-23,561414;-46,655881;50;04/02/26;1
Bela Vista;MASP;-23,561414;-46,655881;50;04/02/26;1
Bela Vista;MASP;-23,561414;-46,655881;50;04/02/26;2
Bela Vista;MASP;-23,561414;-46,655881;50;04/02/26;3
Bela Vista;MASP;-23,561414;-46,655881;50;04/02/26;4
Bela Vista;MASP;-23,561414;-46,655881;50;04/02/26;4
Bela Vista;MASP;-23,561414;-46,655881;50;04/02/26;6
Bela Vista;MASP;-23,561414;-46,655881;50;04/02/26;6
Bela Vista;MASP;-23,561414;-46,655881;50;04/02/26;6
Bela Vista;MASP;-23,561414;-46,655881;50;04/02/26;6
Bela Vista;MASP;-23,561414;-46,655881;50;04/02/26;7
Bela Vista;MASP;-23,561414;-46,655881;50;04/02/26;8
Bela Vista;MASP;-23,561414;-46,655881;50;05/02/26;1
Bela Vista;MASP;-23,561414;-46,655881;50;05/02/26;2
Bela Vista;MASP;-23,561414;-46,655881;50;05/02/26;4
Bela Vista;MASP;-23,561414;-46,655881;50;05/02/26;4
Bela Vista;MASP;-23,561414;-46,655881;50;05/02/26;6
Bela Vista;MASP;-23,561414;-46,655881;50;05/02/26;7
Bela Vista;MASP;-23,561414;-46,655881;50;05/02/26;8
Bela Vista;MASP;-23,561414;-46,655881;50;06/02/26;1
Bela Vista;MASP;-23,561414;-46,655881;50;06/02/26;1
Bela Vista;MASP;-23,561414;-46,655881;50;06/02/26;5
Bela Vista;MASP;-23,561414;-46,655881;50;06/02/26;6
Bela Vista;MASP;-23,561414;-46,655881;50;06/02/26;6
Bela Vista;MASP;-23,561414;-46,655881;50;06/02/26;7
Bela Vista;MASP;-23,561414;-46,655881;50;06/02/26;8
Bela Vista;MASP;-23,561414;-46,655881;50;06/02/26;9
Bela Vista;MASP;-23,561414;-46,655881;50;07/02/26;3
Bela Vista;MASP;-23,561414;-46,655881;50;07/02/26;4
Bela Vista;MASP;-23,561414;-46,655881;50;07/02/26;4
Bela Vista;MASP;-23,561414;-46,655881;50;07/02/26;5
Bela Vista;MASP;-23,561414;-46,655881;50;07/02/26;5
Bela Vista;MASP;-23,561414;-46,655881;50;07/02/26;6
Bela Vista;MASP;-23,561414;-46,655881;50;07/02/26;6
Bela Vista;MASP;-23,561414;-46,655881;50;07/02/26;7
Bela Vista;MASP;-23,561414;-46,655881;50;07/02/26;7
Bela Vista;MASP;-23,561414;-46,655881;50;07/02/26;7
Bela Vista;MASP;-23,561414;-46,655881;50;07/02/26;8
Bela Vista;MASP;-23,561414;-46,655881;50;07/02/26;8
Bela Vista;MASP;-23,561414;-46,655881;50;07/02/26;9
Bela Vista;MASP;-23,561414;-46,655881;50;08/02/26;1
Bela Vista;MASP;-23,561414;-46,655881;50;08/02/26;2
Bela Vista;MASP;-23,561414;-46,655881;50;08/02/26;4
Bela Vista;MASP;-23,561414;-46,655881;50;08/02/26;5
Bela Vista;MASP;-23,561414;-46,655881;50;08/02/26;6
Bela Vista;MASP;-23,561414;-46,655881;50;08/02/26;6
Bela Vista;MASP;-23,561414;-46,655881;50;08/02/26;8
Bela Vista;MASP;-23,561414;-46,655881;50;08/02/26;9
Bela Vista;MASP;-23,561414;-46,655881;50;08/02/26;10
Bela Vista;MASP;-23,561414;-46,655881;45;01/03/26;1
Bela Vista;MASP;-23,561414;-46,655881;45;01/03/26;2
Bela Vista;MASP;-23,561414;-46,655881;45;01/03/26;3
Bela Vista;MASP;-23,561414;-46,655881;45;01/03/26;4
Bela Vista;MASP;-23,561414;-46,655881;45;01/03/26;4
Bela Vista;MASP;-23,561414;-46,655881;45;01/03/26;5
Bela Vista;MASP;-23,561414;-46,655881;45;01/03/26;6
Bela Vista;MASP;-23,561414;-46,655881;45;01/03/26;7
Bela Vista;MASP;-23,561414;-46,655881;45;01/03/26;8
Bela Vista;MASP;-23,561414;-46,655881;45;01/03/26;8
Bela Vista;MASP;-23,561414;-46,655881;45;01/03/26;9
Bela Vista;MASP;-23,561414;-46,655881;45;01/03/26;9
Bela Vista;MASP;-23,561414;-46,655881;45;01/03/26;10
Bela Vista;MASP;-23,561414;-46,655881;45;01/03/26;10
Bela Vista;MASP;-23,561414;-46,655881;45;01/03/26;10
Bela Vista;MASP;-23,561414;-46,655881;45;01/03/26;10
Bela Vista;MASP;-23,561414;-46,655881;45;02/03/26;1
Bela Vista;MASP;-23,561414;-46,655881;45;02/03/26;1
Bela Vista;MASP;-23,561414;-46,655881;45;02/03/26;5
Bela Vista;MASP;-23,561414;-46,655881;45;02/03/26;6
Bela Vista;MASP;-23,561414;-46,655881;45;02/03/26;6
Bela Vista;MASP;-23,561414;-46,655881;45;02/03/26;6
Bela Vista;MASP;-23,561414;-46,655881;45;02/03/26;8
Bela Vista;MASP;-23,561414;-46,655881;45;02/03/26;9
Bela Vista;MASP;-23,561414;-46,655881;45;03/03/26;1
Bela Vista;MASP;-23,561414;-46,655881;45;03/03/26;2
Bela Vista;MASP;-23,561414;-46,655881;45;03/03/26;2
Bela Vista;MASP;-23,561414;-46,655881;45;03/03/26;3
Bela Vista;MASP;-23,561414;-46,655881;45;03/03/26;3
Bela Vista;MASP;-23,561414;-46,655881;45;03/03/26;4
Bela Vista;MASP;-23,561414;-46,655881;45;03/03/26;5
Bela Vista;MASP;-23,561414;-46,655881;45;03/03/26;5
Bela Vista;MASP;-23,561414;-46,655881;45;03/03/26;6
Bela Vista;MASP;-23,561414;-46,655881;45;03/03/26;6
Bela Vista;MASP;-23,561414;-46,655881;45;03/03/26;6
Bela Vista;MASP;-23,561414;-46,655881;45;03/03/26;7
Bela Vista;MASP;-23,561414;-46,655881;45;03/03/26;9
Bela Vista;MASP;-23,561414;-46,655881;45;03/03/26;9
Bela Vista;MASP;-23,561414;-46,655881;45;03/03/26;9
Bela Vista;MASP;-23,561414;-46,655881;45;04/03/26;1
Bela Vista;MASP;-23,561414;-46,655881;45;04/03/26;1
Bela Vista;MASP;-23,561414;-46,655881;45;04/03/26;2
Bela Vista;MASP;-23,561414;-46,655881;45;04/03/26;2
Bela Vista;MASP;-23,561414;-46,655881;45;04/03/26;5
Bela Vista;MASP;-23,561414;-46,655881;45;04/03/26;5
Bela Vista;MASP;-23,561414;-46,655881;45;04/03/26;5
Bela Vista;MASP;-23,561414;-46,655881;45;04/03/26;5
Bela Vista;MASP;-23,561414;-46,655881;45;04/03/26;5
Bela Vista;MASP;-23,561414;-46,655881;45;04/03/26;7
Bela Vista;MASP;-23,561414;-46,655881;45;04/03/26;7
Bela Vista;MASP;-23,561414;-46,655881;45;04/03/26;8
Bela Vista;MASP;-23,561414;-46,655881;45;04/03/26;10
Bela Vista;MASP;-23,561414;-46,655881;45;04/03/26;10
Bela Vista;MASP;-23,561414;-46,655881;45;04/03/26;10
Bela Vista;MASP;-23,561414;-46,655881;45;05/03/26;1
Bela Vista;MASP;-23,561414;-46,655881;45;05/03/26;1
Bela Vista;MASP;-23,561414;-46,655881;45;05/03/26;2
Bela Vista;MASP;-23,561414;-46,655881;45;05/03/26;2
Bela Vista;MASP;-23,561414;-46,655881;45;05/03/26;2
Bela Vista;MASP;-23,561414;-46,655881;45;05/03/26;2
Bela Vista;MASP;-23,561414;-46,655881;45;05/03/26;3
Bela Vista;MASP;-23,561414;-46,655881;45;05/03/26;3
Bela Vista;MASP;-23,561414;-46,655881;45;05/03/26;3
Bela Vista;MASP;-23,561414;-46,655881;45;05/03/26;3
Bela Vista;MASP;-23,561414;-46,655881;45;05/03/26;3
Bela Vista;MASP;-23,561414;-46,655881;45;05/03/26;4
Bela Vista;MASP;-23,561414;-46,655881;45;05/03/26;5
Bela Vista;MASP;-23,561414;-46,655881;45;05/03/26;5
Bela Vista;MASP;-23,561414;-46,655881;45;05/03/26;6
Bela Vista;MASP;-23,561414;-46,655881;45;05/03/26;6
Bela Vista;MASP;-23,561414;-46,655881;45;05/03/26;7
Bela Vista;MASP;-23,561414;-46,655881;45;05/03/26;9
Bela Vista;MASP;-23,561414;-46,655881;45;05/03/26;9
Bela Vista;MASP;-23,561414;-46,655881;45;06/03/26;1
Bela Vista;MASP;-23,561414;-46,655881;45;06/03/26;1
Bela Vista;MASP;-23,561414;-46,655881;45;06/03/26;1
Bela Vista;MASP;-23,561414;-46,655881;45;06/03/26;3
Bela Vista;MASP;-23,561414;-46,655881;45;06/03/26;4
Bela Vista;MASP;-23,561414;-46,655881;45;06/03/26;5
Bela Vista;MASP;-23,561414;-46,655881;45;06/03/26;6
Bela Vista;MASP;-23,561414;-46,655881;45;06/03/26;6
Bela Vista;MASP;-23,561414;-46,655881;45;06/03/26;6
Bela Vista;MASP;-23,561414;-46,655881;45;06/03/26;8
Bela Vista;MASP;-23,561414;-46,655881;45;06/03/26;8
Bela Vista;MASP;-23,561414;-46,655881;45;06/03/26;8
Bela Vista;MASP;-23,561414;-46,655881;45;06/03/26;10
Bela Vista;MASP;-23,561414;-46,655881;45;07/03/26;1
Bela Vista;MASP;-23,561414;-46,655881;45;07/03/26;1
Bela Vista;MASP;-23,561414;-46,655881;45;07/03/26;2
Bela Vista;MASP;-23,561414;-46,655881;45;07/03/26;2
Bela Vista;MASP;-23,561414;-46,655881;45;07/03/26;2
Bela Vista;MASP;-23,561414;-46,655881;45;07/03/26;3
Bela Vista;MASP;-23,561414;-46,655881;45;07/03/26;4
Bela Vista;MASP;-23,561414;-46,655881;45;07/03/26;5
Bela Vista;MASP;-23,561414;-46,655881;45;07/03/26;5
Bela Vista;MASP;-23,561414;-46,655881;45;07/03/26;6
Bela Vista;MASP;-23,561414;-46,655881;45;07/03/26;7
Bela Vista;MASP;-23,561414;-46,655881;45;07/03/26;7
Bela Vista;MASP;-23,561414;-46,655881;45;07/03/26;8
Bela Vista;MASP;-23,561414;-46,655881;45;07/03/26;8
Bela Vista;MASP;-23,561414;-46,655881;45;07/03/26;8
Bela Vista;MASP;-23,561414;-46,655881;45;07/03/26;8
Bela Vista;MASP;-23,561414;-46,655881;45;07/03/26;8
Bela Vista;MASP;-23,561414;-46,655881;45;07/03/26;9
Bela Vista;MASP;-23,561414;-46,655881;45;07/03/26;9
Bela Vista;MASP;-23,561414;-46,655881;45;08/03/26;1
Bela Vista;MASP;-23,561414;-46,655881;45;08/03/26;2
Bela Vista;MASP;-23,561414;-46,655881;45;08/03/26;3
Bela Vista;MASP;-23,561414;-46,655881;45;08/03/26;6
Bela Vista;MASP;-23,561414;-46,655881;45;08/03/26;6
Bela Vista;MASP;-23,561414;-46,655881;45;08/03/26;7
Bela Vista;MASP;-23,561414;-46,655881;45;08/03/26;7
Bela Vista;MASP;-23,561414;-46,655881;45;08/03/26;9
Bela Vista;MASP;-23,561414;-46,655881;45;08/03/26;10
Bela Vista;MASP;-23,561414;-46,655881;55;01/04/26;4
Bela Vista;MASP;-23,561414;-46,655881;55;01/04/26;7
Bela Vista;MASP;-23,561414;-46,655881;55;01/04/26;7
Bela Vista;MASP;-23,561414;-46,655881;55;01/04/26;7
Bela Vista;MASP;-23,561414;-46,655881;55;01/04/26;8
Bela Vista;MASP;-23,561414;-46,655881;55;01/04/26;8
Bela Vista;MASP;-23,561414;-46,655881;55;01/04/26;8
Bela Vista;MASP;-23,561414;-46,655881;55;01/04/26;9
Bela Vista;MASP;-23,561414;-46,655881;55;02/04/26;1
Bela Vista;MASP;-23,561414;-46,655881;55;02/04/26;2
Bela Vista;MASP;-23,561414;-46,655881;55;02/04/26;3
Bela Vista;MASP;-23,561414;-46,655881;55;02/04/26;3
Bela Vista;MASP;-23,561414;-46,655881;55;02/04/26;4
Bela Vista;MASP;-23,561414;-46,655881;55;02/04/26;5
Bela Vista;MASP;-23,561414;-46,655881;55;02/04/26;6
Bela Vista;MASP;-23,561414;-46,655881;55;02/04/26;7
Bela Vista;MASP;-23,561414;-46,655881;55;02/04/26;9
Bela Vista;MASP;-23,561414;-46,655881;55;02/04/26;9
Bela Vista;MASP;-23,561414;-46,655881;55;02/04/26;9
Bela Vista;MASP;-23,561414;-46,655881;55;03/04/26;1
Bela Vista;MASP;-23,561414;-46,655881;55;03/04/26;1
Bela Vista;MASP;-23,561414;-46,655881;55;03/04/26;2
Bela Vista;MASP;-23,561414;-46,655881;55;03/04/26;4
Bela Vista;MASP;-23,561414;-46,655881;55;03/04/26;6
Bela Vista;MASP;-23,561414;-46,655881;55;03/04/26;7
Bela Vista;MASP;-23,561414;-46,655881;55;03/04/26;9
Bela Vista;MASP;-23,561414;-46,655881;55;04/04/26;2
Bela Vista;MASP;-23,561414;-46,655881;55;04/04/26;2
Bela Vista;MASP;-23,561414;-46,655881;55;04/04/26;3
Bela Vista;MASP;-23,561414;-46,655881;55;04/04/26;3
Bela Vista;MASP;-23,561414;-46,655881;55;04/04/26;7
Bela Vista;MASP;-23,561414;-46,655881;55;04/04/26;8
Bela Vista;MASP;-23,561414;-46,655881;55;04/04/26;8
Bela Vista;MASP;-23,561414;-46,655881;55;04/04/26;8
Bela Vista;MASP;-23,561414;-46,655881;55;04/04/26;10
Bela Vista;MASP;-23,561414;-46,655881;55;04/04/26;10
Bela Vista;MASP;-23,561414;-46,655881;55;05/04/26;1
Bela Vista;MASP;-23,561414;-46,655881;55;05/04/26;2
Bela Vista;MASP;-23,561414;-46,655881;55;05/04/26;5
Bela Vista;MASP;-23,561414;-46,655881;55;05/04/26;5
Bela Vista;MASP;-23,561414;-46,655881;55;05/04/26;5
Bela Vista;MASP;-23,561414;-46,655881;55;05/04/26;5
Bela Vista;MASP;-23,561414;-46,655881;55;05/04/26;5
Bela Vista;MASP;-23,561414;-46,655881;55;05/04/26;6
Bela Vista;MASP;-23,561414;-46,655881;55;05/04/26;6
Bela Vista;MASP;-23,561414;-46,655881;55;05/04/26;6
Bela Vista;MASP;-23,561414;-46,655881;55;05/04/26;7
Bela Vista;MASP;-23,561414;-46,655881;55;05/04/26;7
Bela Vista;MASP;-23,561414;-46,655881;55;05/04/26;8
Bela Vista;MASP;-23,561414;-46,655881;55;05/04/26;9
Bela Vista;MASP;-23,561414;-46,655881;55;05/04/26;9
Bela Vista;MASP;-23,561414;-46,655881;55;05/04/26;10
Bela Vista;MASP;-23,561414;-46,655881;55;06/04/26;1
Bela Vista;MASP;-23,561414;-46,655881;55;06/04/26;2
Bela Vista;MASP;-23,561414;-46,655881;55;06/04/26;3
Bela Vista;MASP;-23,561414;-46,655881;55;06/04/26;4
Bela Vista;MASP;-23,561414;-46,655881;55;06/04/26;5
Bela Vista;MASP;-23,561414;-46,655881;55;06/04/26;6
Bela Vista;MASP;-23,561414;-46,655881;55;06/04/26;6
Bela Vista;MASP;-23,561414;-46,655881;55;06/04/26;9
Bela Vista;MASP;-23,561414;-46,655881;55;06/04/26;9
Bela Vista;MASP;-23,561414;-46,655881;55;06/04/26;10
Bela Vista;MASP;-23,561414;-46,655881;55;07/04/26;2
Bela Vista;MASP;-23,561414;-46,655881;55;07/04/26;3
Bela Vista;MASP;-23,561414;-46,655881;55;07/04/26;4
Bela Vista;MASP;-23,561414;-46,655881;55;07/04/26;4
Bela Vista;MASP;-23,561414;-46,655881;55;07/04/26;5
Bela Vista;MASP;-23,561414;-46,655881;55;07/04/26;7
Bela Vista;MASP;-23,561414;-46,655881;55;07/04/26;7
Bela Vista;MASP;-23,561414;-46,655881;55;07/04/26;8
Bela Vista;MASP;-23,561414;-46,655881;55;07/04/26;9
Bela Vista;MASP;-23,561414;-46,655881;55;08/04/26;4
Bela Vista;MASP;-23,561414;-46,655881;55;08/04/26;6
Bela Vista;MASP;-23,561414;-46,655881;55;08/04/26;6
Bela Vista;MASP;-23,561414;-46,655881;55;08/04/26;7
Bela Vista;MASP;-23,561414;-46,655881;55;08/04/26;7
Bela Vista;MASP;-23,561414;-46,655881;55;08/04/26;7
Bela Vista;MASP;-23,561414;-46,655881;55;08/04/26;7
Bela Vista;MASP;-23,561414;-46,655881;55;08/04/26;8
Bela Vista;MASP;-23,561414;-46,655881;55;08/04/26;9
Bela Vista;MASP;-23,561414;-46,655881;55;08/04/26;9
Bela Vista;MASP;-23,561414;-46,655881;55;08/04/26;10
Bela Vista;MASP;-23,561414;-46,655881;60;01/05/26;1
Bela Vista;MASP;-23,561414;-46,655881;60;01/05/26;1
Bela Vista;MASP;-23,561414;-46,655881;60;01/05/26;5
Bela Vista;MASP;-23,561414;-46,655881;60;01/05/26;6
Bela Vista;MASP;-23,561414;-46,655881;60;01/05/26;7
Bela Vista;MASP;-23,561414;-46,655881;60;01/05/26;8
Bela Vista;MASP;-23,561414;-46,655881;60;01/05/26;8
Bela Vista;MASP;-23,561414;-46,655881;60;01/05/26;10
Bela Vista;MASP;-23,561414;-46,655881;60;01/05/26;10
Bela Vista;MASP;-23,561414;-46,655881;60;01/05/26;10
Bela Vista;MASP;-23,561414;-46,655881;60;02/05/26;2
Bela Vista;MASP;-23,561414;-46,655881;60;02/05/26;2
Bela Vista;MASP;-23,561414;-46,655881;60;02/05/26;2
Bela Vista;MASP;-23,561414;-46,655881;60;02/05/26;2
Bela Vista;MASP;-23,561414;-46,655881;60;02/05/26;3
Bela Vista;MASP;-23,561414;-46,655881;60;02/05/26;4
Bela Vista;MASP;-23,561414;-46,655881;60;02/05/26;4
Bela Vista;MASP;-23,561414;-46,655881;60;02/05/26;4
Bela Vista;MASP;-23,561414;-46,655881;60;02/05/26;5
Bela Vista;MASP;-23,561414;-46,655881;60;02/05/26;6
Bela Vista;MASP;-23,561414;-46,655881;60;02/05/26;7
Bela Vista;MASP;-23,561414;-46,655881;60;02/05/26;7
Bela Vista;MASP;-23,561414;-46,655881;60;02/05/26;7
Bela Vista;MASP;-23,561414;-46,655881;60;02/05/26;8
Bela Vista;MASP;-23,561414;-46,655881;60;02/05/26;9
Bela Vista;MASP;-23,561414;-46,655881;60;02/05/26;9
Bela Vista;MASP;-23,561414;-46,655881;60;02/05/26;10
Bela Vista;MASP;-23,561414;-46,655881;60;02/05/26;10
Bela Vista;MASP;-23,561414;-46,655881;60;02/05/26;10
Bela Vista;MASP;-23,561414;-46,655881;60;03/05/26;1
Bela Vista;MASP;-23,561414;-46,655881;60;03/05/26;2
Bela Vista;MASP;-23,561414;-46,655881;60;03/05/26;3
Bela Vista;MASP;-23,561414;-46,655881;60;03/05/26;3
Bela Vista;MASP;-23,561414;-46,655881;60;03/05/26;3
Bela Vista;MASP;-23,561414;-46,655881;60;03/05/26;3
Bela Vista;MASP;-23,561414;-46,655881;60;03/05/26;3
Bela Vista;MASP;-23,561414;-46,655881;60;03/05/26;4
Bela Vista;MASP;-23,561414;-46,655881;60;03/05/26;5
Bela Vista;MASP;-23,561414;-46,655881;60;03/05/26;6
Bela Vista;MASP;-23,561414;-46,655881;60;03/05/26;8
Bela Vista;MASP;-23,561414;-46,655881;60;03/05/26;8
Bela Vista;MASP;-23,561414;-46,655881;60;03/05/26;9
Bela Vista;MASP;-23,561414;-46,655881;60;03/05/26;9
Bela Vista;MASP;-23,561414;-46,655881;60;04/05/26;1
Bela Vista;MASP;-23,561414;-46,655881;60;04/05/26;2
Bela Vista;MASP;-23,561414;-46,655881;60;04/05/26;2
Bela Vista;MASP;-23,561414;-46,655881;60;04/05/26;4
Bela Vista;MASP;-23,561414;-46,655881;60;04/05/26;4
Bela Vista;MASP;-23,561414;-46,655881;60;04/05/26;4
Bela Vista;MASP;-23,561414;-46,655881;60;04/05/26;4
Bela Vista;MASP;-23,561414;-46,655881;60;04/05/26;4
Bela Vista;MASP;-23,561414;-46,655881;60;04/05/26;4
Bela Vista;MASP;-23,561414;-46,655881;60;04/05/26;5
Bela Vista;MASP;-23,561414;-46,655881;60;04/05/26;5
Bela Vista;MASP;-23,561414;-46,655881;60;04/05/26;6
Bela Vista;MASP;-23,561414;-46,655881;60;04/05/26;6
Bela Vista;MASP;-23,561414;-46,655881;60;04/05/26;7
Bela Vista;MASP;-23,561414;-46,655881;60;04/05/26;8
Bela Vista;MASP;-23,561414;-46,655881;60;04/05/26;8
Bela Vista;MASP;-23,561414;-46,655881;60;04/05/26;9
Bela Vista;MASP;-23,561414;-46,655881;60;04/05/26;10
Bela Vista;MASP;-23,561414;-46,655881;60;04/05/26;10
Bela Vista;MASP;-23,561414;-46,655881;60;05/05/26;4
Bela Vista;MASP;-23,561414;-46,655881;60;05/05/26;4
Bela Vista;MASP;-23,561414;-46,655881;60;05/05/26;4
Bela Vista;MASP;-23,561414;-46,655881;60;05/05/26;4
Bela Vista;MASP;-23,561414;-46,655881;60;05/05/26;5
Bela Vista;MASP;-23,561414;-46,655881;60;05/05/26;5
Bela Vista;MASP;-23,561414;-46,655881;60;05/05/26;6
Bela Vista;MASP;-23,561414;-46,655881;60;05/05/26;7
Bela Vista;MASP;-23,561414;-46,655881;60;05/05/26;8
Bela Vista;MASP;-23,561414;-46,655881;60;05/05/26;9
Bela Vista;MASP;-23,561414;-46,655881;60;05/05/26;10
Bela Vista;MASP;-23,561414;-46,655881;60;05/05/26;10
Bela Vista;MASP;-23,561414;-46,655881;60;05/05/26;10
Bela Vista;MASP;-23,561414;-46,655881;60;06/05/26;1
Bela Vista;MASP;-23,561414;-46,655881;60;06/05/26;2
Bela Vista;MASP;-23,561414;-46,655881;60;06/05/26;3
Bela Vista;MASP;-23,561414;-46,655881;60;06/05/26;3
Bela Vista;MASP;-23,561414;-46,655881;60;06/05/26;3
Bela Vista;MASP;-23,561414;-46,655881;60;06/05/26;4
Bela Vista;MASP;-23,561414;-46,655881;60;06/05/26;5
Bela Vista;MASP;-23,561414;-46,655881;60;06/05/26;5
Bela Vista;MASP;-23,561414;-46,655881;60;06/05/26;5
Bela Vista;MASP;-23,561414;-46,655881;60;06/05/26;6
Bela Vista;MASP;-23,561414;-46,655881;60;06/05/26;7
Bela Vista;MASP;-23,561414;-46,655881;60;06/05/26;9
Bela Vista;MASP;-23,561414;-46,655881;60;06/05/26;10
Bela Vista;MASP;-23,561414;-46,655881;60;06/05/26;10
Bela Vista;MASP;-23,561414;-46,655881;60;06/05/26;10
Bela Vista;MASP;-23,561414;-46,655881;60;06/05/26;10
Bela Vista;MASP;-23,561414;-46,655881;60;07/05/26;1
Bela Vista;MASP;-23,561414;-46,655881;60;07/05/26;1
Bela Vista;MASP;-23,561414;-46,655881;60;07/05/26;2
Bela Vista;MASP;-23,561414;-46,655881;60;07/05/26;2
Bela Vista;MASP;-23,561414;-46,655881;60;07/05/26;4
Bela Vista;MASP;-23,561414;-46,655881;60;07/05/26;4
Bela Vista;MASP;-23,561414;-46,655881;60;07/05/26;6
Bela Vista;MASP;-23,561414;-46,655881;60;07/05/26;6
Bela Vista;MASP;-23,561414;-46,655881;60;07/05/26;6
Bela Vista;MASP;-23,561414;-46,655881;60;07/05/26;7
Bela Vista;MASP;-23,561414;-46,655881;60;07/05/26;7
Bela Vista;MASP;-23,561414;-46,655881;60;07/05/26;9
Bela Vista;MASP;-23,561414;-46,655881;60;07/05/26;10
Bela Vista;MASP;-23,561414;-46,655881;60;07/05/26;10
Bela Vista;MASP;-23,561414;-46,655881;60;08/05/26;1
Bela Vista;MASP;-23,561414;-46,655881;60;08/05/26;1
Bela Vista;MASP;-23,561414;-46,655881;60;08/05/26;1
Bela Vista;MASP;-23,561414;-46,655881;60;08/05/26;1
Bela Vista;MASP;-23,561414;-46,655881;60;08/05/26;3
Bela Vista;MASP;-23,561414;-46,655881;60;08/05/26;3
Bela Vista;MASP;-23,561414;-46,655881;60;08/05/26;3
Bela Vista;MASP;-23,561414;-46,655881;60;08/05/26;3
Bela Vista;MASP;-23,561414;-46,655881;60;08/05/26;4
Bela Vista;MASP;-23,561414;-46,655881;60;08/05/26;4
Bela Vista;MASP;-23,561414;-46,655881;60;08/05/26;4
Bela Vista;MASP;-23,561414;-46,655881;60;08/05/26;5
Bela Vista;MASP;-23,561414;-46,655881;60;08/05/26;6
Bela Vista;MASP;-23,561414;-46,655881;60;08/05/26;7
Bela Vista;MASP;-23,561414;-46,655881;60;08/05/26;7
Bela Vista;MASP;-23,561414;-46,655881;60;08/05/26;7
Bela Vista;MASP;-23,561414;-46,655881;60;08/05/26;8
Bela Vista;MASP;-23,561414;-46,655881;60;08/05/26;8
Bela Vista;MASP;-23,561414;-46,655881;60;08/05/26;9
Bela Vista;Shopping Cidade Sao Paulo;-23,56354;-46,65258;0;01/01/24;1
Bela Vista;Shopping Cidade Sao Paulo;-23,56354;-46,65258;0;01/01/24;1
Bela Vista;Shopping Cidade Sao Paulo;-23,56354;-46,65258;0;01/01/24;1
Bela Vista;Shopping Cidade Sao Paulo;-23,56354;-46,65258;0;01/01/24;2
Bela Vista;Shopping Cidade Sao Paulo;-23,56354;-46,65258;0;01/01/24;2
Bela Vista;Shopping Cidade Sao Paulo;-23,56354;-46,65258;0;01/01/24;4
Bela Vista;Shopping Cidade Sao Paulo;-23,56354;-46,65258;0;01/01/24;4
Bela Vista;Shopping Cidade Sao Paulo;-23,56354;-46,65258;0;01/01/24;5
Bela Vista;Shopping Cidade Sao Paulo;-23,56354;-46,65258;0;01/01/24;6
Bela Vista;Shopping Cidade Sao Paulo;-23,56354;-46,65258;0;01/01/24;6
Bela Vista;Shopping Cidade Sao Paulo;-23,56354;-46,65258;0;01/01/24;6
Bela Vista;Shopping Cidade Sao Paulo;-23,56354;-46,65258;0;01/01/24;8
Bela Vista;Shopping Cidade Sao Paulo;-23,56354;-46,65258;0;01/01/24;10
Bela Vista;Shopping Cidade Sao Paulo;-23,56354;-46,65258;0;02/01/24;1
Bela Vista;Shopping Cidade Sao Paulo;-23,56354;-46,65258;0;02/01/24;2
Bela Vista;Shopping Cidade Sao Paulo;-23,56354;-46,65258;0;02/01/24;2
Bela Vista;Shopping Cidade Sao Paulo;-23,56354;-46,65258;0;02/01/24;2
Bela Vista;Shopping Cidade Sao Paulo;-23,56354;-46,65258;0;02/01/24;3
Bela Vista;Shopping Cidade Sao Paulo;-23,56354;-46,65258;0;02/01/24;4
Bela Vista;Shopping Cidade Sao Paulo;-23,56354;-46,65258;0;02/01/24;5
Bela Vista;Shopping Cidade Sao Paulo;-23,56354;-46,65258;0;02/01/24;5
Bela Vista;Shopping Cidade Sao Paulo;-23,56354;-46,65258;0;02/01/24;6
Bela Vista;Shopping Cidade Sao Paulo;-23,56354;-46,65258;0;02/01/24;6
Bela Vista;Shopping Cidade Sao Paulo;-23,56354;-46,65258;0;02/01/24;6
Bela Vista;Shopping Cidade Sao Paulo;-23,56354;-46,65258;0;02/01/24;7
Bela Vista;Shopping Cidade Sao Paulo;-23,56354;-46,65258;0;02/01/24;8
Bela Vista;Shopping Cidade Sao Paulo;-23,56354;-46,65258;0;02/01/24;8
Bela Vista;Shopping Cidade Sao Paulo;-23,56354;-46,65258;0;02/01/24;9
Bela Vista;Shopping Cidade Sao Paulo;-23,56354;-46,65258;0;02/01/24;10
Bela Vista;Shopping Cidade Sao Paulo;-23,56354;-46,65258;0;02/01/24;10
Bela Vista;Shopping Cidade Sao Paulo;-23,56354;-46,65258;0;03/01/24;1
Bela Vista;Shopping Cidade Sao Paulo;-23,56354;-46,65258;0;03/01/24;2
Bela Vista;Shopping Cidade Sao Paulo;-23,56354;-46,65258;0;03/01/24;4
Bela Vista;Shopping Cidade Sao Paulo;-23,56354;-46,65258;0;03/01/24;4
Bela Vista;Shopping Cidade Sao Paulo;-23,56354;-46,65258;0;03/01/24;4
Bela Vista;Shopping Cidade Sao Paulo;-23,56354;-46,65258;0;03/01/24;4
Bela Vista;Shopping Cidade Sao Paulo;-23,56354;-46,65258;0;03/01/24;4
Bela Vista;Shopping Cidade Sao Paulo;-23,56354;-46,65258;0;03/01/24;5
Bela Vista;Shopping Cidade Sao Paulo;-23,56354;-46,65258;0;03/01/24;5
Bela Vista;Shopping Cidade Sao Paulo;-23,56354;-46,65258;0;03/01/24;7
Bela Vista;Shopping Cidade Sao Paulo;-23,56354;-46,65258;0;03/01/24;7
Bela Vista;Shopping Cidade Sao Paulo;-23,56354;-46,65258;0;03/01/24;8
Bela Vista;Shopping Cidade Sao Paulo;-23,56354;-46,65258;0;03/01/24;8
Bela Vista;Shopping Cidade Sao Paulo;-23,56354;-46,65258;0;03/01/24;8
Bela Vista;Shopping Cidade Sao Paulo;-23,56354;-46,65258;0;03/01/24;9
Bela Vista;Shopping Cidade Sao Paulo;-23,56354;-46,65258;0;03/01/24;9
Bela Vista;Shopping Cidade Sao Paulo;-23,56354;-46,65258;0;03/01/24;9
Bela Vista;Shopping Cidade Sao Paulo;-23,56354;-46,65258;0;03/01/24;9
Bela Vista;Shopping Cidade Sao Paulo;-23,56354;-46,65258;0;03/01/24;9
Bela Vista;Shopping Cidade Sao Paulo;-23,56354;-46,65258;0;03/01/24;10
Bela Vista;Shopping Cidade Sao Paulo;-23,56354;-46,65258;0;04/01/24;1
Bela Vista;Shopping Cidade Sao Paulo;-23,56354;-46,65258;0;04/01/24;1
Bela Vista;Shopping Cidade Sao Paulo;-23,56354;-46,65258;0;04/01/24;2
Bela Vista;Shopping Cidade Sao Paulo;-23,56354;-46,65258;0;04/01/24;4
Bela Vista;Shopping Cidade Sao Paulo;-23,56354;-46,65258;0;04/01/24;4
Bela Vista;Shopping Cidade Sao Paulo;-23,56354;-46,65258;0;04/01/24;4
Bela Vista;Shopping Cidade Sao Paulo;-23,56354;-46,65258;0;04/01/24;5
Bela Vista;Shopping Cidade Sao Paulo;-23,56354;-46,65258;0;04/01/24;5
Bela Vista;Shopping Cidade Sao Paulo;-23,56354;-46,65258;0;04/01/24;5
Bela Vista;Shopping Cidade Sao Paulo;-23,56354;-46,65258;0;04/01/24;5
Bela Vista;Shopping Cidade Sao Paulo;-23,56354;-46,65258;0;04/01/24;6
Bela Vista;Shopping Cidade Sao Paulo;-23,56354;-46,65258;0;04/01/24;6
Bela Vista;Shopping Cidade Sao Paulo;-23,56354;-46,65258;0;04/01/24;6
Bela Vista;Shopping Cidade Sao Paulo;-23,56354;-46,65258;0;04/01/24;6
Bela Vista;Shopping Cidade Sao Paulo;-23,56354;-46,65258;0;04/01/24;7
Bela Vista;Shopping Cidade Sao Paulo;-23,56354;-46,65258;0;04/01/24;8
Bela Vista;Shopping Cidade Sao Paulo;-23,56354;-46,65258;0;04/01/24;9
Bela Vista;Shopping Cidade Sao Paulo;-23,56354;-46,65258;0;04/01/24;9
Bela Vista;Shopping Cidade Sao Paulo;-23,56354;-46,65258;0;05/01/24;1
Bela Vista;Shopping Cidade Sao Paulo;-23,56354;-46,65258;0;05/01/24;2
Bela Vista;Shopping Cidade Sao Paulo;-23,56354;-46,65258;0;05/01/24;3
Bela Vista;Shopping Cidade Sao Paulo;-23,56354;-46,65258;0;05/01/24;4
Bela Vista;Shopping Cidade Sao Paulo;-23,56354;-46,65258;0;05/01/24;4
Bela Vista;Shopping Cidade Sao Paulo;-23,56354;-46,65258;0;05/01/24;5
Bela Vista;Shopping Cidade Sao Paulo;-23,56354;-46,65258;0;05/01/24;6
Bela Vista;Shopping Cidade Sao Paulo;-23,56354;-46,65258;0;05/01/24;6
Bela Vista;Shopping Cidade Sao Paulo;-23,56354;-46,65258;0;05/01/24;6
Bela Vista;Shopping Cidade Sao Paulo;-23,56354;-46,65258;0;05/01/24;7
Bela Vista;Shopping Cidade Sao Paulo;-23,56354;-46,65258;0;05/01/24;7
Bela Vista;Shopping Cidade Sao Paulo;-23,56354;-46,65258;0;05/01/24;9
Bela Vista;Shopping Cidade Sao Paulo;-23,56354;-46,65258;0;06/01/24;1
Bela Vista;Shopping Cidade Sao Paulo;-23,56354;-46,65258;0;06/01/24;1
Bela Vista;Shopping Cidade Sao Paulo;-23,56354;-46,65258;0;06/01/24;1
Bela Vista;Shopping Cidade Sao Paulo;-23,56354;-46,65258;0;06/01/24;2
Bela Vista;Shopping Cidade Sao Paulo;-23,56354;-46,65258;0;06/01/24;2
Bela Vista;Shopping Cidade Sao Paulo;-23,56354;-46,65258;0;06/01/24;3
Bela Vista;Shopping Cidade Sao Paulo;-23,56354;-46,65258;0;06/01/24;3
Bela Vista;Shopping Cidade Sao Paulo;-23,56354;-46,65258;0;06/01/24;4
Bela Vista;Shopping Cidade Sao Paulo;-23,56354;-46,65258;0;06/01/24;4
Bela Vista;Shopping Cidade Sao Paulo;-23,56354;-46,65258;0;06/01/24;5
Bela Vista;Shopping Cidade Sao Paulo;-23,56354;-46,65258;0;06/01/24;5
Bela Vista;Shopping Cidade Sao Paulo;-23,56354;-46,65258;0;06/01/24;5
Bela Vista;Shopping Cidade Sao Paulo;-23,56354;-46,65258;0;06/01/24;7
Bela Vista;Shopping Cidade Sao Paulo;-23,56354;-46,65258;0;06/01/24;8
Bela Vista;Shopping Cidade Sao Paulo;-23,56354;-46,65258;0;06/01/24;8
Bela Vista;Shopping Cidade Sao Paulo;-23,56354;-46,65258;0;06/01/24;9
Bela Vista;Shopping Cidade Sao Paulo;-23,56354;-46,65258;0;06/01/24;9
Bela Vista;Shopping Cidade Sao Paulo;-23,56354;-46,65258;0;06/01/24;9
Bela Vista;Shopping Cidade Sao Paulo;-23,56354;-46,65258;0;06/01/24;9
Bela Vista;Shopping Cidade Sao Paulo;-23,56354;-46,65258;0;06/01/24;9
Bela Vista;Shopping Cidade Sao Paulo;-23,56354;-46,65258;0;06/01/24;9
Bela Vista;Shopping Cidade Sao Paulo;-23,56354;-46,65258;0;06/01/24;10
Bela Vista;Shopping Cidade Sao Paulo;-23,56354;-46,65258;0;07/01/24;1
Bela Vista;Shopping Cidade Sao Paulo;-23,56354;-46,65258;0;07/01/24;2
Bela Vista;Shopping Cidade Sao Paulo;-23,56354;-46,65258;0;07/01/24;2
Bela Vista;Shopping Cidade Sao Paulo;-23,56354;-46,65258;0;07/01/24;2
Bela Vista;Shopping Cidade Sao Paulo;-23,56354;-46,65258;0;07/01/24;3
Bela Vista;Shopping Cidade Sao Paulo;-23,56354;-46,65258;0;07/01/24;3
Bela Vista;Shopping Cidade Sao Paulo;-23,56354;-46,65258;0;07/01/24;4
Bela Vista;Shopping Cidade Sao Paulo;-23,56354;-46,65258;0;07/01/24;4
Bela Vista;Shopping Cidade Sao Paulo;-23,56354;-46,65258;0;07/01/24;4
Bela Vista;Shopping Cidade Sao Paulo;-23,56354;-46,65258;0;07/01/24;4
Bela Vista;Shopping Cidade Sao Paulo;-23,56354;-46,65258;0;07/01/24;5
Bela Vista;Shopping Cidade Sao Paulo;-23,56354;-46,65258;0;07/01/24;5
Bela Vista;Shopping Cidade Sao Paulo;-23,56354;-46,65258;0;07/01/24;7
Bela Vista;Shopping Cidade Sao Paulo;-23,56354;-46,65258;0;07/01/24;7
Bela Vista;Shopping Cidade Sao Paulo;-23,56354;-46,65258;0;07/01/24;7
Bela Vista;Shopping Cidade Sao Paulo;-23,56354;-46,65258;0;07/01/24;8
Bela Vista;Shopping Cidade Sao Paulo;-23,56354;-46,65258;0;07/01/24;10
Bela Vista;Shopping Cidade Sao Paulo;-23,56354;-46,65258;0;07/01/24;10
Bela Vista;Shopping Cidade Sao Paulo;-23,56354;-46,65258;0;08/01/24;1
Bela Vista;Shopping Cidade Sao Paulo;-23,56354;-46,65258;0;08/01/24;3
Bela Vista;Shopping Cidade Sao Paulo;-23,56354;-46,65258;0;08/01/24;3
Bela Vista;Shopping Cidade Sao Paulo;-23,56354;-46,65258;0;08/01/24;5
Bela Vista;Shopping Cidade Sao Paulo;-23,56354;-46,65258;0;08/01/24;6
Bela Vista;Shopping Cidade Sao Paulo;-23,56354;-46,65258;0;08/01/24;7
Bela Vista;Shopping Cidade Sao Paulo;-23,56354;-46,65258;0;08/01/24;8
Bela Vista;Shopping Cidade Sao Paulo;-23,56354;-46,65258;0;08/01/24;8
Bela Vista;Shopping Cidade Sao Paulo;-23,56354;-46,65258;0;08/01/24;9
Bela Vista;Shopping Cidade Sao Paulo;-23,56354;-46,65258;0;08/01/24;9
Bela Vista;Shopping Cidade Sao Paulo;-23,56354;-46,65258;0;08/01/24;9
Bela Vista;Shopping Cidade Sao Paulo;-23,56354;-46,65258;0;08/01/24;10
Bela Vista;Shopping Cidade Sao Paulo;-23,56354;-46,65258;0;08/01/24;10
Bela Vista;Shopping Patio Paulista;-23,5989;-46,6976;0;01/01/24;1
Bela Vista;Shopping Patio Paulista;-23,5989;-46,6976;0;01/01/24;1
Bela Vista;Shopping Patio Paulista;-23,5989;-46,6976;0;01/01/24;2
Bela Vista;Shopping Patio Paulista;-23,5989;-46,6976;0;01/01/24;3
Bela Vista;Shopping Patio Paulista;-23,5989;-46,6976;0;01/01/24;4
Bela Vista;Shopping Patio Paulista;-23,5989;-46,6976;0;01/01/24;5
Bela Vista;Shopping Patio Paulista;-23,5989;-46,6976;0;01/01/24;5
Bela Vista;Shopping Patio Paulista;-23,5989;-46,6976;0;01/01/24;6
Bela Vista;Shopping Patio Paulista;-23,5989;-46,6976;0;01/01/24;6
Bela Vista;Shopping Patio Paulista;-23,5989;-46,6976;0;01/01/24;6
Bela Vista;Shopping Patio Paulista;-23,5989;-46,6976;0;01/01/24;6
Bela Vista;Shopping Patio Paulista;-23,5989;-46,6976;0;01/01/24;8
Bela Vista;Shopping Patio Paulista;-23,5989;-46,6976;0;01/01/24;8
Bela Vista;Shopping Patio Paulista;-23,5989;-46,6976;0;01/01/24;9
Bela Vista;Shopping Patio Paulista;-23,5989;-46,6976;0;01/01/24;10
Bela Vista;Shopping Patio Paulista;-23,5989;-46,6976;0;01/01/24;10
Bela Vista;Shopping Patio Paulista;-23,5989;-46,6976;0;02/01/24;1
Bela Vista;Shopping Patio Paulista;-23,5989;-46,6976;0;02/01/24;2
Bela Vista;Shopping Patio Paulista;-23,5989;-46,6976;0;02/01/24;2
Bela Vista;Shopping Patio Paulista;-23,5989;-46,6976;0;02/01/24;2
Bela Vista;Shopping Patio Paulista;-23,5989;-46,6976;0;02/01/24;2
Bela Vista;Shopping Patio Paulista;-23,5989;-46,6976;0;02/01/24;2
Bela Vista;Shopping Patio Paulista;-23,5989;-46,6976;0;02/01/24;3
Bela Vista;Shopping Patio Paulista;-23,5989;-46,6976;0;02/01/24;3
Bela Vista;Shopping Patio Paulista;-23,5989;-46,6976;0;02/01/24;4
Bela Vista;Shopping Patio Paulista;-23,5989;-46,6976;0;02/01/24;6
Bela Vista;Shopping Patio Paulista;-23,5989;-46,6976;0;02/01/24;6
Bela Vista;Shopping Patio Paulista;-23,5989;-46,6976;0;02/01/24;7
Bela Vista;Shopping Patio Paulista;-23,5989;-46,6976;0;02/01/24;7
Bela Vista;Shopping Patio Paulista;-23,5989;-46,6976;0;02/01/24;7
Bela Vista;Shopping Patio Paulista;-23,5989;-46,6976;0;02/01/24;8
Bela Vista;Shopping Patio Paulista;-23,5989;-46,6976;0;02/01/24;10
Bela Vista;Shopping Patio Paulista;-23,5989;-46,6976;0;02/01/24;10
Bela Vista;Shopping Patio Paulista;-23,5989;-46,6976;0;03/01/24;1
Bela Vista;Shopping Patio Paulista;-23,5989;-46,6976;0;03/01/24;2
Bela Vista;Shopping Patio Paulista;-23,5989;-46,6976;0;03/01/24;2
Bela Vista;Shopping Patio Paulista;-23,5989;-46,6976;0;03/01/24;2
Bela Vista;Shopping Patio Paulista;-23,5989;-46,6976;0;03/01/24;3
Bela Vista;Shopping Patio Paulista;-23,5989;-46,6976;0;03/01/24;3
Bela Vista;Shopping Patio Paulista;-23,5989;-46,6976;0;03/01/24;3
Bela Vista;Shopping Patio Paulista;-23,5989;-46,6976;0;03/01/24;3
Bela Vista;Shopping Patio Paulista;-23,5989;-46,6976;0;03/01/24;4
Bela Vista;Shopping Patio Paulista;-23,5989;-46,6976;0;03/01/24;4
Bela Vista;Shopping Patio Paulista;-23,5989;-46,6976;0;03/01/24;8
Bela Vista;Shopping Patio Paulista;-23,5989;-46,6976;0;03/01/24;8
Bela Vista;Shopping Patio Paulista;-23,5989;-46,6976;0;03/01/24;10
Bela Vista;Shopping Patio Paulista;-23,5989;-46,6976;0;04/01/24;1
Bela Vista;Shopping Patio Paulista;-23,5989;-46,6976;0;04/01/24;2
Bela Vista;Shopping Patio Paulista;-23,5989;-46,6976;0;04/01/24;3
Bela Vista;Shopping Patio Paulista;-23,5989;-46,6976;0;04/01/24;4
Bela Vista;Shopping Patio Paulista;-23,5989;-46,6976;0;04/01/24;4
Bela Vista;Shopping Patio Paulista;-23,5989;-46,6976;0;04/01/24;5
Bela Vista;Shopping Patio Paulista;-23,5989;-46,6976;0;04/01/24;6
Bela Vista;Shopping Patio Paulista;-23,5989;-46,6976;0;04/01/24;6
Bela Vista;Shopping Patio Paulista;-23,5989;-46,6976;0;04/01/24;6
Bela Vista;Shopping Patio Paulista;-23,5989;-46,6976;0;04/01/24;7
Bela Vista;Shopping Patio Paulista;-23,5989;-46,6976;0;04/01/24;8
Bela Vista;Shopping Patio Paulista;-23,5989;-46,6976;0;04/01/24;10
Bela Vista;Shopping Patio Paulista;-23,5989;-46,6976;0;04/01/24;10
Bela Vista;Shopping Patio Paulista;-23,5989;-46,6976;0;04/01/24;10
Bela Vista;Shopping Patio Paulista;-23,5989;-46,6976;0;05/01/24;1
Bela Vista;Shopping Patio Paulista;-23,5989;-46,6976;0;05/01/24;1
Bela Vista;Shopping Patio Paulista;-23,5989;-46,6976;0;05/01/24;2
Bela Vista;Shopping Patio Paulista;-23,5989;-46,6976;0;05/01/24;3
Bela Vista;Shopping Patio Paulista;-23,5989;-46,6976;0;05/01/24;3
Bela Vista;Shopping Patio Paulista;-23,5989;-46,6976;0;05/01/24;4
Bela Vista;Shopping Patio Paulista;-23,5989;-46,6976;0;05/01/24;5
Bela Vista;Shopping Patio Paulista;-23,5989;-46,6976;0;05/01/24;7
Bela Vista;Shopping Patio Paulista;-23,5989;-46,6976;0;05/01/24;7
Bela Vista;Shopping Patio Paulista;-23,5989;-46,6976;0;05/01/24;9
Bela Vista;Shopping Patio Paulista;-23,5989;-46,6976;0;06/01/24;1
Bela Vista;Shopping Patio Paulista;-23,5989;-46,6976;0;06/01/24;1
Bela Vista;Shopping Patio Paulista;-23,5989;-46,6976;0;06/01/24;2
Bela Vista;Shopping Patio Paulista;-23,5989;-46,6976;0;06/01/24;3
Bela Vista;Shopping Patio Paulista;-23,5989;-46,6976;0;06/01/24;3
Bela Vista;Shopping Patio Paulista;-23,5989;-46,6976;0;06/01/24;4
Bela Vista;Shopping Patio Paulista;-23,5989;-46,6976;0;06/01/24;5
Bela Vista;Shopping Patio Paulista;-23,5989;-46,6976;0;06/01/24;5
Bela Vista;Shopping Patio Paulista;-23,5989;-46,6976;0;06/01/24;6
Bela Vista;Shopping Patio Paulista;-23,5989;-46,6976;0;06/01/24;8
Bela Vista;Shopping Patio Paulista;-23,5989;-46,6976;0;06/01/24;8
Bela Vista;Shopping Patio Paulista;-23,5989;-46,6976;0;06/01/24;8
Bela Vista;Shopping Patio Paulista;-23,5989;-46,6976;0;06/01/24;8
Bela Vista;Shopping Patio Paulista;-23,5989;-46,6976;0;06/01/24;8
Bela Vista;Shopping Patio Paulista;-23,5989;-46,6976;0;06/01/24;9
Bela Vista;Shopping Patio Paulista;-23,5989;-46,6976;0;06/01/24;9
Bela Vista;Shopping Patio Paulista;-23,5989;-46,6976;0;06/01/24;10
Bela Vista;Shopping Patio Paulista;-23,5989;-46,6976;0;06/01/24;10
Bela Vista;Shopping Patio Paulista;-23,5989;-46,6976;0;06/01/24;10
Bela Vista;Shopping Patio Paulista;-23,5989;-46,6976;0;06/01/24;10
Bela Vista;Shopping Patio Paulista;-23,5989;-46,6976;0;07/01/24;1
Bela Vista;Shopping Patio Paulista;-23,5989;-46,6976;0;07/01/24;1
Bela Vista;Shopping Patio Paulista;-23,5989;-46,6976;0;07/01/24;3
Bela Vista;Shopping Patio Paulista;-23,5989;-46,6976;0;07/01/24;4
Bela Vista;Shopping Patio Paulista;-23,5989;-46,6976;0;07/01/24;5
Bela Vista;Shopping Patio Paulista;-23,5989;-46,6976;0;07/01/24;7
Bela Vista;Shopping Patio Paulista;-23,5989;-46,6976;0;07/01/24;7
Bela Vista;Shopping Patio Paulista;-23,5989;-46,6976;0;07/01/24;7
Bela Vista;Shopping Patio Paulista;-23,5989;-46,6976;0;07/01/24;7
Bela Vista;Shopping Patio Paulista;-23,5989;-46,6976;0;07/01/24;7
Bela Vista;Shopping Patio Paulista;-23,5989;-46,6976;0;07/01/24;9
Bela Vista;Shopping Patio Paulista;-23,5989;-46,6976;0;07/01/24;9
Bela Vista;Shopping Patio Paulista;-23,5989;-46,6976;0;07/01/24;9
Bela Vista;Shopping Patio Paulista;-23,5989;-46,6976;0;07/01/24;10
Bela Vista;Shopping Patio Paulista;-23,5989;-46,6976;0;08/01/24;1
Bela Vista;Shopping Patio Paulista;-23,5989;-46,6976;0;08/01/24;2
Bela Vista;Shopping Patio Paulista;-23,5989;-46,6976;0;08/01/24;2
Bela Vista;Shopping Patio Paulista;-23,5989;-46,6976;0;08/01/24;2
Bela Vista;Shopping Patio Paulista;-23,5989;-46,6976;0;08/01/24;3
Bela Vista;Shopping Patio Paulista;-23,5989;-46,6976;0;08/01/24;3
Bela Vista;Shopping Patio Paulista;-23,5989;-46,6976;0;08/01/24;3
Bela Vista;Shopping Patio Paulista;-23,5989;-46,6976;0;08/01/24;4
Bela Vista;Shopping Patio Paulista;-23,5989;-46,6976;0;08/01/24;4
Bela Vista;Shopping Patio Paulista;-23,5989;-46,6976;0;08/01/24;5
Bela Vista;Shopping Patio Paulista;-23,5989;-46,6976;0;08/01/24;6
Bela Vista;Shopping Patio Paulista;-23,5989;-46,6976;0;08/01/24;7
Bela Vista;Shopping Patio Paulista;-23,5989;-46,6976;0;08/01/24;8
Bela Vista;Shopping Patio Paulista;-23,5989;-46,6976;0;08/01/24;9
Bela Vista;Shopping Patio Paulista;-23,5989;-46,6976;0;08/01/24;10
Bras;Feira do Bras;-23,542;-46,61;0;01/01/24;3
Bras;Feira do Bras;-23,542;-46,61;0;01/01/24;5
Bras;Feira do Bras;-23,542;-46,61;0;01/01/24;6
Bras;Feira do Bras;-23,542;-46,61;0;02/01/24;1
Bras;Feira do Bras;-23,542;-46,61;0;02/01/24;2
Bras;Feira do Bras;-23,542;-46,61;0;02/01/24;8
Bras;Feira do Bras;-23,542;-46,61;0;02/01/24;8
Bras;Feira do Bras;-23,542;-46,61;0;02/01/24;10
Bras;Feira do Bras;-23,542;-46,61;0;03/01/24;2
Bras;Feira do Bras;-23,542;-46,61;0;04/01/24;1
Bras;Feira do Bras;-23,542;-46,61;0;04/01/24;1
Bras;Feira do Bras;-23,542;-46,61;0;04/01/24;2
Bras;Feira do Bras;-23,542;-46,61;0;04/01/24;6
Bras;Feira do Bras;-23,542;-46,61;0;04/01/24;7
Bras;Feira do Bras;-23,542;-46,61;0;04/01/24;7
Bras;Feira do Bras;-23,542;-46,61;0;05/01/24;3
Bras;Feira do Bras;-23,542;-46,61;0;05/01/24;5
Bras;Feira do Bras;-23,542;-46,61;0;05/01/24;5
Bras;Feira do Bras;-23,542;-46,61;0;05/01/24;6
Bras;Feira do Bras;-23,542;-46,61;0;05/01/24;6
Bras;Feira do Bras;-23,542;-46,61;0;06/01/24;1
Bras;Feira do Bras;-23,542;-46,61;0;06/01/24;2
Bras;Feira do Bras;-23,542;-46,61;0;06/01/24;2
Bras;Feira do Bras;-23,542;-46,61;0;06/01/24;4
Bras;Feira do Bras;-23,542;-46,61;0;06/01/24;5
Bras;Feira do Bras;-23,542;-46,61;0;06/01/24;5
Bras;Feira do Bras;-23,542;-46,61;0;06/01/24;7
Bras;Feira do Bras;-23,542;-46,61;0;06/01/24;8
Bras;Feira do Bras;-23,542;-46,61;0;07/01/24;1
Bras;Feira do Bras;-23,542;-46,61;0;07/01/24;5
Bras;Feira do Bras;-23,542;-46,61;0;08/01/24;4
Bras;Feira do Bras;-23,542;-46,61;0;08/01/24;5
Bras;Feira do Bras;-23,542;-46,61;0;08/01/24;5
Bras;Feira do Bras;-23,542;-46,61;0;08/01/24;6
Bras;Feira do Bras;-23,542;-46,61;0;08/01/24;7
Bras;Feira do Bras;-23,542;-46,61;0;08/01/24;9
Brooklin;Cinema Berrini;-23,61;-46,7;45;01/01/24;1
Brooklin;Cinema Berrini;-23,61;-46,7;45;01/01/24;1
Brooklin;Cinema Berrini;-23,61;-46,7;45;01/01/24;2
Brooklin;Cinema Berrini;-23,61;-46,7;45;01/01/24;3
Brooklin;Cinema Berrini;-23,61;-46,7;45;01/01/24;4
Brooklin;Cinema Berrini;-23,61;-46,7;45;01/01/24;6
Brooklin;Cinema Berrini;-23,61;-46,7;45;01/01/24;6
Brooklin;Cinema Berrini;-23,61;-46,7;45;01/01/24;7
Brooklin;Cinema Berrini;-23,61;-46,7;45;01/01/24;8
Brooklin;Cinema Berrini;-23,61;-46,7;45;01/01/24;8
Brooklin;Cinema Berrini;-23,61;-46,7;45;01/01/24;8
Brooklin;Cinema Berrini;-23,61;-46,7;45;01/01/24;8
Brooklin;Cinema Berrini;-23,61;-46,7;45;01/01/24;9
Brooklin;Cinema Berrini;-23,61;-46,7;45;02/01/24;2
Brooklin;Cinema Berrini;-23,61;-46,7;45;02/01/24;2
Brooklin;Cinema Berrini;-23,61;-46,7;45;02/01/24;4
Brooklin;Cinema Berrini;-23,61;-46,7;45;02/01/24;6
Brooklin;Cinema Berrini;-23,61;-46,7;45;02/01/24;7
Brooklin;Cinema Berrini;-23,61;-46,7;45;02/01/24;9
Brooklin;Cinema Berrini;-23,61;-46,7;45;03/01/24;1
Brooklin;Cinema Berrini;-23,61;-46,7;45;03/01/24;7
Brooklin;Cinema Berrini;-23,61;-46,7;45;03/01/24;9
Brooklin;Cinema Berrini;-23,61;-46,7;45;04/01/24;1
Brooklin;Cinema Berrini;-23,61;-46,7;45;04/01/24;2
Brooklin;Cinema Berrini;-23,61;-46,7;45;04/01/24;5
Brooklin;Cinema Berrini;-23,61;-46,7;45;04/01/24;5
Brooklin;Cinema Berrini;-23,61;-46,7;45;04/01/24;8
Brooklin;Cinema Berrini;-23,61;-46,7;45;04/01/24;9
Brooklin;Cinema Berrini;-23,61;-46,7;45;04/01/24;10
Brooklin;Cinema Berrini;-23,61;-46,7;45;05/01/24;3
Brooklin;Cinema Berrini;-23,61;-46,7;45;05/01/24;4
Brooklin;Cinema Berrini;-23,61;-46,7;45;05/01/24;4
Brooklin;Cinema Berrini;-23,61;-46,7;45;05/01/24;5
Brooklin;Cinema Berrini;-23,61;-46,7;45;05/01/24;8
Brooklin;Cinema Berrini;-23,61;-46,7;45;05/01/24;8
Brooklin;Cinema Berrini;-23,61;-46,7;45;05/01/24;10
Brooklin;Cinema Berrini;-23,61;-46,7;45;06/01/24;2
Brooklin;Cinema Berrini;-23,61;-46,7;45;06/01/24;2
Brooklin;Cinema Berrini;-23,61;-46,7;45;06/01/24;3
Brooklin;Cinema Berrini;-23,61;-46,7;45;06/01/24;3
Brooklin;Cinema Berrini;-23,61;-46,7;45;06/01/24;4
Brooklin;Cinema Berrini;-23,61;-46,7;45;06/01/24;4
Brooklin;Cinema Berrini;-23,61;-46,7;45;06/01/24;5
Brooklin;Cinema Berrini;-23,61;-46,7;45;06/01/24;7
Brooklin;Cinema Berrini;-23,61;-46,7;45;06/01/24;9
Brooklin;Cinema Berrini;-23,61;-46,7;45;06/01/24;10
Brooklin;Cinema Berrini;-23,61;-46,7;45;07/01/24;2
Brooklin;Cinema Berrini;-23,61;-46,7;45;07/01/24;3
Brooklin;Cinema Berrini;-23,61;-46,7;45;07/01/24;3
Brooklin;Cinema Berrini;-23,61;-46,7;45;07/01/24;3
Brooklin;Cinema Berrini;-23,61;-46,7;45;07/01/24;7
Brooklin;Cinema Berrini;-23,61;-46,7;45;07/01/24;7
Brooklin;Cinema Berrini;-23,61;-46,7;45;07/01/24;8
Brooklin;Cinema Berrini;-23,61;-46,7;45;07/01/24;8
Brooklin;Cinema Berrini;-23,61;-46,7;45;07/01/24;10
Brooklin;Cinema Berrini;-23,61;-46,7;45;08/01/24;2
Brooklin;Cinema Berrini;-23,61;-46,7;45;08/01/24;3
Brooklin;Cinema Berrini;-23,61;-46,7;45;08/01/24;4
Brooklin;Cinema Berrini;-23,61;-46,7;45;08/01/24;5
Brooklin;Cinema Berrini;-23,61;-46,7;45;08/01/24;7
Butanta;Parque da USP;-23,559;-46,73;0;01/01/24;1
Butanta;Parque da USP;-23,559;-46,73;0;01/01/24;2
Butanta;Parque da USP;-23,559;-46,73;0;01/01/24;6
Butanta;Parque da USP;-23,559;-46,73;0;01/01/24;6
Butanta;Parque da USP;-23,559;-46,73;0;01/01/24;8
Butanta;Parque da USP;-23,559;-46,73;0;01/01/24;8
Butanta;Parque da USP;-23,559;-46,73;0;01/01/24;10
Butanta;Parque da USP;-23,559;-46,73;0;02/01/24;1
Butanta;Parque da USP;-23,559;-46,73;0;02/01/24;6
Butanta;Parque da USP;-23,559;-46,73;0;02/01/24;9
Butanta;Parque da USP;-23,559;-46,73;0;02/01/24;9
Butanta;Parque da USP;-23,559;-46,73;0;03/01/24;1
Butanta;Parque da USP;-23,559;-46,73;0;03/01/24;2
Butanta;Parque da USP;-23,559;-46,73;0;03/01/24;3
Butanta;Parque da USP;-23,559;-46,73;0;03/01/24;5
Butanta;Parque da USP;-23,559;-46,73;0;03/01/24;5
Butanta;Parque da USP;-23,559;-46,73;0;03/01/24;9
Butanta;Parque da USP;-23,559;-46,73;0;03/01/24;9
Butanta;Parque da USP;-23,559;-46,73;0;04/01/24;3
Butanta;Parque da USP;-23,559;-46,73;0;04/01/24;4
Butanta;Parque da USP;-23,559;-46,73;0;04/01/24;5
Butanta;Parque da USP;-23,559;-46,73;0;04/01/24;6
Butanta;Parque da USP;-23,559;-46,73;0;04/01/24;6
Butanta;Parque da USP;-23,559;-46,73;0;04/01/24;6
Butanta;Parque da USP;-23,559;-46,73;0;04/01/24;6
Butanta;Parque da USP;-23,559;-46,73;0;04/01/24;8
Butanta;Parque da USP;-23,559;-46,73;0;04/01/24;8
Butanta;Parque da USP;-23,559;-46,73;0;04/01/24;9
Butanta;Parque da USP;-23,559;-46,73;0;05/01/24;1
Butanta;Parque da USP;-23,559;-46,73;0;05/01/24;2
Butanta;Parque da USP;-23,559;-46,73;0;05/01/24;4
Butanta;Parque da USP;-23,559;-46,73;0;05/01/24;8
Butanta;Parque da USP;-23,559;-46,73;0;06/01/24;1
Butanta;Parque da USP;-23,559;-46,73;0;06/01/24;1
Butanta;Parque da USP;-23,559;-46,73;0;06/01/24;2
Butanta;Parque da USP;-23,559;-46,73;0;06/01/24;3
Butanta;Parque da USP;-23,559;-46,73;0;06/01/24;6
Butanta;Parque da USP;-23,559;-46,73;0;06/01/24;7
Butanta;Parque da USP;-23,559;-46,73;0;06/01/24;10
Butanta;Parque da USP;-23,559;-46,73;0;07/01/24;1
Butanta;Parque da USP;-23,559;-46,73;0;07/01/24;3
Butanta;Parque da USP;-23,559;-46,73;0;07/01/24;7
Butanta;Parque da USP;-23,559;-46,73;0;07/01/24;7
Butanta;Parque da USP;-23,559;-46,73;0;07/01/24;10
Butanta;Parque da USP;-23,559;-46,73;0;08/01/24;5
Butanta;Parque da USP;-23,559;-46,73;0;08/01/24;7
Butanta;Parque da USP;-23,559;-46,73;0;08/01/24;7
Butanta;Parque da USP;-23,559;-46,73;0;08/01/24;10
Campo Belo;Restaurante Campo Belo;-23,63;-46,67;80;01/01/24;1
Campo Belo;Restaurante Campo Belo;-23,63;-46,67;80;01/01/24;1
Campo Belo;Restaurante Campo Belo;-23,63;-46,67;80;01/01/24;1
Campo Belo;Restaurante Campo Belo;-23,63;-46,67;80;01/01/24;2
Campo Belo;Restaurante Campo Belo;-23,63;-46,67;80;01/01/24;2
Campo Belo;Restaurante Campo Belo;-23,63;-46,67;80;01/01/24;2
Campo Belo;Restaurante Campo Belo;-23,63;-46,67;80;01/01/24;3
Campo Belo;Restaurante Campo Belo;-23,63;-46,67;80;01/01/24;3
Campo Belo;Restaurante Campo Belo;-23,63;-46,67;80;01/01/24;5
Campo Belo;Restaurante Campo Belo;-23,63;-46,67;80;01/01/24;8
Campo Belo;Restaurante Campo Belo;-23,63;-46,67;80;01/01/24;8
Campo Belo;Restaurante Campo Belo;-23,63;-46,67;80;01/01/24;10
Campo Belo;Restaurante Campo Belo;-23,63;-46,67;80;01/01/24;10
Campo Belo;Restaurante Campo Belo;-23,63;-46,67;80;02/01/24;1
Campo Belo;Restaurante Campo Belo;-23,63;-46,67;80;02/01/24;2
Campo Belo;Restaurante Campo Belo;-23,63;-46,67;80;02/01/24;2
Campo Belo;Restaurante Campo Belo;-23,63;-46,67;80;02/01/24;3
Campo Belo;Restaurante Campo Belo;-23,63;-46,67;80;02/01/24;3
Campo Belo;Restaurante Campo Belo;-23,63;-46,67;80;02/01/24;4
Campo Belo;Restaurante Campo Belo;-23,63;-46,67;80;02/01/24;5
Campo Belo;Restaurante Campo Belo;-23,63;-46,67;80;02/01/24;5
Campo Belo;Restaurante Campo Belo;-23,63;-46,67;80;02/01/24;7
Campo Belo;Restaurante Campo Belo;-23,63;-46,67;80;02/01/24;7
Campo Belo;Restaurante Campo Belo;-23,63;-46,67;80;02/01/24;9
Campo Belo;Restaurante Campo Belo;-23,63;-46,67;80;02/01/24;10
Campo Belo;Restaurante Campo Belo;-23,63;-46,67;80;02/01/24;10
Campo Belo;Restaurante Campo Belo;-23,63;-46,67;80;03/01/24;2
Campo Belo;Restaurante Campo Belo;-23,63;-46,67;80;03/01/24;2
Campo Belo;Restaurante Campo Belo;-23,63;-46,67;80;03/01/24;4
Campo Belo;Restaurante Campo Belo;-23,63;-46,67;80;03/01/24;4
Campo Belo;Restaurante Campo Belo;-23,63;-46,67;80;03/01/24;6
Campo Belo;Restaurante Campo Belo;-23,63;-46,67;80;03/01/24;7
Campo Belo;Restaurante Campo Belo;-23,63;-46,67;80;03/01/24;8
Campo Belo;Restaurante Campo Belo;-23,63;-46,67;80;03/01/24;8
Campo Belo;Restaurante Campo Belo;-23,63;-46,67;80;03/01/24;8
Campo Belo;Restaurante Campo Belo;-23,63;-46,67;80;03/01/24;9
Campo Belo;Restaurante Campo Belo;-23,63;-46,67;80;04/01/24;4
Campo Belo;Restaurante Campo Belo;-23,63;-46,67;80;04/01/24;5
Campo Belo;Restaurante Campo Belo;-23,63;-46,67;80;04/01/24;7
Campo Belo;Restaurante Campo Belo;-23,63;-46,67;80;04/01/24;8
Campo Belo;Restaurante Campo Belo;-23,63;-46,67;80;04/01/24;10
Campo Belo;Restaurante Campo Belo;-23,63;-46,67;80;05/01/24;1
Campo Belo;Restaurante Campo Belo;-23,63;-46,67;80;05/01/24;2
Campo Belo;Restaurante Campo Belo;-23,63;-46,67;80;05/01/24;5
Campo Belo;Restaurante Campo Belo;-23,63;-46,67;80;05/01/24;6
Campo Belo;Restaurante Campo Belo;-23,63;-46,67;80;05/01/24;8
Campo Belo;Restaurante Campo Belo;-23,63;-46,67;80;05/01/24;9
Campo Belo;Restaurante Campo Belo;-23,63;-46,67;80;05/01/24;10
Campo Belo;Restaurante Campo Belo;-23,63;-46,67;80;06/01/24;2
Campo Belo;Restaurante Campo Belo;-23,63;-46,67;80;06/01/24;3
Campo Belo;Restaurante Campo Belo;-23,63;-46,67;80;06/01/24;4
Campo Belo;Restaurante Campo Belo;-23,63;-46,67;80;06/01/24;5
Campo Belo;Restaurante Campo Belo;-23,63;-46,67;80;06/01/24;5
Campo Belo;Restaurante Campo Belo;-23,63;-46,67;80;06/01/24;6
Campo Belo;Restaurante Campo Belo;-23,63;-46,67;80;06/01/24;7
Campo Belo;Restaurante Campo Belo;-23,63;-46,67;80;06/01/24;7
Campo Belo;Restaurante Campo Belo;-23,63;-46,67;80;06/01/24;7
Campo Belo;Restaurante Campo Belo;-23,63;-46,67;80;06/01/24;8
Campo Belo;Restaurante Campo Belo;-23,63;-46,67;80;06/01/24;8
Campo Belo;Restaurante Campo Belo;-23,63;-46,67;80;07/01/24;3
Campo Belo;Restaurante Campo Belo;-23,63;-46,67;80;07/01/24;3
Campo Belo;Restaurante Campo Belo;-23,63;-46,67;80;07/01/24;3
Campo Belo;Restaurante Campo Belo;-23,63;-46,67;80;07/01/24;6
Campo Belo;Restaurante Campo Belo;-23,63;-46,67;80;07/01/24;10
Campo Belo;Restaurante Campo Belo;-23,63;-46,67;80;08/01/24;1
Campo Belo;Restaurante Campo Belo;-23,63;-46,67;80;08/01/24;1
Campo Belo;Restaurante Campo Belo;-23,63;-46,67;80;08/01/24;2
Campo Belo;Restaurante Campo Belo;-23,63;-46,67;80;08/01/24;3
Campo Belo;Restaurante Campo Belo;-23,63;-46,67;80;08/01/24;5
Campo Belo;Restaurante Campo Belo;-23,63;-46,67;80;08/01/24;6
Campo Belo;Restaurante Campo Belo;-23,63;-46,67;80;08/01/24;6
Campo Belo;Restaurante Campo Belo;-23,63;-46,67;80;08/01/24;6
Campo Belo;Restaurante Campo Belo;-23,63;-46,67;80;08/01/24;8
Centro;Mercadao de Sao Paulo;-23,541;-46,629;95;01/01/24;1
Centro;Mercadao de Sao Paulo;-23,541;-46,629;95;01/01/24;2
Centro;Mercadao de Sao Paulo;-23,541;-46,629;95;01/01/24;4
Centro;Mercadao de Sao Paulo;-23,541;-46,629;95;01/01/24;5
Centro;Mercadao de Sao Paulo;-23,541;-46,629;95;01/01/24;6
Centro;Mercadao de Sao Paulo;-23,541;-46,629;95;01/01/24;6
Centro;Mercadao de Sao Paulo;-23,541;-46,629;95;01/01/24;7
Centro;Mercadao de Sao Paulo;-23,541;-46,629;95;01/01/24;10
Centro;Mercadao de Sao Paulo;-23,541;-46,629;95;02/01/24;1
Centro;Mercadao de Sao Paulo;-23,541;-46,629;95;02/01/24;1
Centro;Mercadao de Sao Paulo;-23,541;-46,629;95;02/01/24;2
Centro;Mercadao de Sao Paulo;-23,541;-46,629;95;02/01/24;8
Centro;Mercadao de Sao Paulo;-23,541;-46,629;95;03/01/24;1
Centro;Mercadao de Sao Paulo;-23,541;-46,629;95;03/01/24;1
Centro;Mercadao de Sao Paulo;-23,541;-46,629;95;03/01/24;1
Centro;Mercadao de Sao Paulo;-23,541;-46,629;95;03/01/24;3
Centro;Mercadao de Sao Paulo;-23,541;-46,629;95;03/01/24;3
Centro;Mercadao de Sao Paulo;-23,541;-46,629;95;03/01/24;5
Centro;Mercadao de Sao Paulo;-23,541;-46,629;95;03/01/24;5
Centro;Mercadao de Sao Paulo;-23,541;-46,629;95;03/01/24;6
Centro;Mercadao de Sao Paulo;-23,541;-46,629;95;03/01/24;8
Centro;Mercadao de Sao Paulo;-23,541;-46,629;95;03/01/24;10
Centro;Mercadao de Sao Paulo;-23,541;-46,629;95;04/01/24;4
Centro;Mercadao de Sao Paulo;-23,541;-46,629;95;04/01/24;4
Centro;Mercadao de Sao Paulo;-23,541;-46,629;95;04/01/24;5
Centro;Mercadao de Sao Paulo;-23,541;-46,629;95;04/01/24;7
Centro;Mercadao de Sao Paulo;-23,541;-46,629;95;04/01/24;8
Centro;Mercadao de Sao Paulo;-23,541;-46,629;95;04/01/24;8
Centro;Mercadao de Sao Paulo;-23,541;-46,629;95;04/01/24;9
Centro;Mercadao de Sao Paulo;-23,541;-46,629;95;05/01/24;2
Centro;Mercadao de Sao Paulo;-23,541;-46,629;95;05/01/24;3
Centro;Mercadao de Sao Paulo;-23,541;-46,629;95;05/01/24;5
Centro;Mercadao de Sao Paulo;-23,541;-46,629;95;05/01/24;7
Centro;Mercadao de Sao Paulo;-23,541;-46,629;95;05/01/24;8
Centro;Mercadao de Sao Paulo;-23,541;-46,629;95;06/01/24;1
Centro;Mercadao de Sao Paulo;-23,541;-46,629;95;06/01/24;2
Centro;Mercadao de Sao Paulo;-23,541;-46,629;95;06/01/24;4
Centro;Mercadao de Sao Paulo;-23,541;-46,629;95;06/01/24;6
Centro;Mercadao de Sao Paulo;-23,541;-46,629;95;06/01/24;7
Centro;Mercadao de Sao Paulo;-23,541;-46,629;95;06/01/24;9
Centro;Mercadao de Sao Paulo;-23,541;-46,629;95;07/01/24;1
Centro;Mercadao de Sao Paulo;-23,541;-46,629;95;07/01/24;1
Centro;Mercadao de Sao Paulo;-23,541;-46,629;95;07/01/24;2
Centro;Mercadao de Sao Paulo;-23,541;-46,629;95;07/01/24;3
Centro;Mercadao de Sao Paulo;-23,541;-46,629;95;07/01/24;5
Centro;Mercadao de Sao Paulo;-23,541;-46,629;95;07/01/24;6
Centro;Mercadao de Sao Paulo;-23,541;-46,629;95;07/01/24;8
Centro;Mercadao de Sao Paulo;-23,541;-46,629;95;07/01/24;9
Centro;Mercadao de Sao Paulo;-23,541;-46,629;95;07/01/24;9
Centro;Mercadao de Sao Paulo;-23,541;-46,629;95;08/01/24;1
Centro;Mercadao de Sao Paulo;-23,541;-46,629;95;08/01/24;4
Centro;Mercadao de Sao Paulo;-23,541;-46,629;95;08/01/24;9
Centro;Mercadao de Sao Paulo;-23,541;-46,629;95;08/01/24;10
Cerqueira Cesar;Parque do Trianon;-23,3347;-46,3915;0;01/01/24;1
Cerqueira Cesar;Parque do Trianon;-23,3347;-46,3915;0;01/01/24;2
Cerqueira Cesar;Parque do Trianon;-23,3347;-46,3915;0;01/01/24;5
Cerqueira Cesar;Parque do Trianon;-23,3347;-46,3915;0;01/01/24;5
Cerqueira Cesar;Parque do Trianon;-23,3347;-46,3915;0;01/01/24;6
Cerqueira Cesar;Parque do Trianon;-23,3347;-46,3915;0;01/01/24;7
Cerqueira Cesar;Parque do Trianon;-23,3347;-46,3915;0;01/01/24;7
Cerqueira Cesar;Parque do Trianon;-23,3347;-46,3915;0;01/01/24;7
Cerqueira Cesar;Parque do Trianon;-23,3347;-46,3915;0;01/01/24;8
Cerqueira Cesar;Parque do Trianon;-23,3347;-46,3915;0;01/01/24;10
Cerqueira Cesar;Parque do Trianon;-23,3347;-46,3915;0;02/01/24;1
Cerqueira Cesar;Parque do Trianon;-23,3347;-46,3915;0;02/01/24;2
Cerqueira Cesar;Parque do Trianon;-23,3347;-46,3915;0;02/01/24;3
Cerqueira Cesar;Parque do Trianon;-23,3347;-46,3915;0;02/01/24;3
Cerqueira Cesar;Parque do Trianon;-23,3347;-46,3915;0;02/01/24;3
Cerqueira Cesar;Parque do Trianon;-23,3347;-46,3915;0;02/01/24;5
Cerqueira Cesar;Parque do Trianon;-23,3347;-46,3915;0;02/01/24;6
Cerqueira Cesar;Parque do Trianon;-23,3347;-46,3915;0;02/01/24;6
Cerqueira Cesar;Parque do Trianon;-23,3347;-46,3915;0;02/01/24;6
Cerqueira Cesar;Parque do Trianon;-23,3347;-46,3915;0;02/01/24;6
Cerqueira Cesar;Parque do Trianon;-23,3347;-46,3915;0;02/01/24;8
Cerqueira Cesar;Parque do Trianon;-23,3347;-46,3915;0;03/01/24;2
Cerqueira Cesar;Parque do Trianon;-23,3347;-46,3915;0;03/01/24;5
Cerqueira Cesar;Parque do Trianon;-23,3347;-46,3915;0;03/01/24;5
Cerqueira Cesar;Parque do Trianon;-23,3347;-46,3915;0;03/01/24;5
Cerqueira Cesar;Parque do Trianon;-23,3347;-46,3915;0;03/01/24;7
Cerqueira Cesar;Parque do Trianon;-23,3347;-46,3915;0;03/01/24;8
Cerqueira Cesar;Parque do Trianon;-23,3347;-46,3915;0;03/01/24;9
Cerqueira Cesar;Parque do Trianon;-23,3347;-46,3915;0;03/01/24;9
Cerqueira Cesar;Parque do Trianon;-23,3347;-46,3915;0;03/01/24;9
Cerqueira Cesar;Parque do Trianon;-23,3347;-46,3915;0;03/01/24;9
Cerqueira Cesar;Parque do Trianon;-23,3347;-46,3915;0;04/01/24;2
Cerqueira Cesar;Parque do Trianon;-23,3347;-46,3915;0;04/01/24;2
Cerqueira Cesar;Parque do Trianon;-23,3347;-46,3915;0;04/01/24;4
Cerqueira Cesar;Parque do Trianon;-23,3347;-46,3915;0;04/01/24;4
Cerqueira Cesar;Parque do Trianon;-23,3347;-46,3915;0;04/01/24;4
Cerqueira Cesar;Parque do Trianon;-23,3347;-46,3915;0;04/01/24;5
Cerqueira Cesar;Parque do Trianon;-23,3347;-46,3915;0;04/01/24;6
Cerqueira Cesar;Parque do Trianon;-23,3347;-46,3915;0;04/01/24;6
Cerqueira Cesar;Parque do Trianon;-23,3347;-46,3915;0;04/01/24;6
Cerqueira Cesar;Parque do Trianon;-23,3347;-46,3915;0;04/01/24;9
Cerqueira Cesar;Parque do Trianon;-23,3347;-46,3915;0;04/01/24;9
Cerqueira Cesar;Parque do Trianon;-23,3347;-46,3915;0;04/01/24;9
Cerqueira Cesar;Parque do Trianon;-23,3347;-46,3915;0;04/01/24;9
Cerqueira Cesar;Parque do Trianon;-23,3347;-46,3915;0;04/01/24;9
Cerqueira Cesar;Parque do Trianon;-23,3347;-46,3915;0;04/01/24;10
Cerqueira Cesar;Parque do Trianon;-23,3347;-46,3915;0;05/01/24;1
Cerqueira Cesar;Parque do Trianon;-23,3347;-46,3915;0;05/01/24;1
Cerqueira Cesar;Parque do Trianon;-23,3347;-46,3915;0;05/01/24;1
Cerqueira Cesar;Parque do Trianon;-23,3347;-46,3915;0;05/01/24;1
Cerqueira Cesar;Parque do Trianon;-23,3347;-46,3915;0;05/01/24;2
Cerqueira Cesar;Parque do Trianon;-23,3347;-46,3915;0;05/01/24;2
Cerqueira Cesar;Parque do Trianon;-23,3347;-46,3915;0;05/01/24;4
Cerqueira Cesar;Parque do Trianon;-23,3347;-46,3915;0;05/01/24;4
Cerqueira Cesar;Parque do Trianon;-23,3347;-46,3915;0;05/01/24;4
Cerqueira Cesar;Parque do Trianon;-23,3347;-46,3915;0;05/01/24;4
Cerqueira Cesar;Parque do Trianon;-23,3347;-46,3915;0;05/01/24;4
Cerqueira Cesar;Parque do Trianon;-23,3347;-46,3915;0;05/01/24;5
Cerqueira Cesar;Parque do Trianon;-23,3347;-46,3915;0;05/01/24;6
Cerqueira Cesar;Parque do Trianon;-23,3347;-46,3915;0;05/01/24;7
Cerqueira Cesar;Parque do Trianon;-23,3347;-46,3915;0;05/01/24;8
Cerqueira Cesar;Parque do Trianon;-23,3347;-46,3915;0;05/01/24;8
Cerqueira Cesar;Parque do Trianon;-23,3347;-46,3915;0;05/01/24;9
Cerqueira Cesar;Parque do Trianon;-23,3347;-46,3915;0;05/01/24;9
Cerqueira Cesar;Parque do Trianon;-23,3347;-46,3915;0;05/01/24;9
Cerqueira Cesar;Parque do Trianon;-23,3347;-46,3915;0;05/01/24;10
Cerqueira Cesar;Parque do Trianon;-23,3347;-46,3915;0;05/01/24;10
Cerqueira Cesar;Parque do Trianon;-23,3347;-46,3915;0;06/01/24;4
Cerqueira Cesar;Parque do Trianon;-23,3347;-46,3915;0;06/01/24;4
Cerqueira Cesar;Parque do Trianon;-23,3347;-46,3915;0;06/01/24;6
Cerqueira Cesar;Parque do Trianon;-23,3347;-46,3915;0;06/01/24;7
Cerqueira Cesar;Parque do Trianon;-23,3347;-46,3915;0;06/01/24;7
Cerqueira Cesar;Parque do Trianon;-23,3347;-46,3915;0;06/01/24;8
Cerqueira Cesar;Parque do Trianon;-23,3347;-46,3915;0;06/01/24;8
Cerqueira Cesar;Parque do Trianon;-23,3347;-46,3915;0;06/01/24;9
Cerqueira Cesar;Parque do Trianon;-23,3347;-46,3915;0;07/01/24;2
Cerqueira Cesar;Parque do Trianon;-23,3347;-46,3915;0;07/01/24;4
Cerqueira Cesar;Parque do Trianon;-23,3347;-46,3915;0;07/01/24;5
Cerqueira Cesar;Parque do Trianon;-23,3347;-46,3915;0;07/01/24;7
Cerqueira Cesar;Parque do Trianon;-23,3347;-46,3915;0;07/01/24;8
Cerqueira Cesar;Parque do Trianon;-23,3347;-46,3915;0;07/01/24;8
Cerqueira Cesar;Parque do Trianon;-23,3347;-46,3915;0;07/01/24;9
Cerqueira Cesar;Parque do Trianon;-23,3347;-46,3915;0;07/01/24;9
Cerqueira Cesar;Parque do Trianon;-23,3347;-46,3915;0;07/01/24;10
Cerqueira Cesar;Parque do Trianon;-23,3347;-46,3915;0;07/01/24;10
Cerqueira Cesar;Parque do Trianon;-23,3347;-46,3915;0;07/01/24;10
Cerqueira Cesar;Parque do Trianon;-23,3347;-46,3915;0;07/01/24;10
Cerqueira Cesar;Parque do Trianon;-23,3347;-46,3915;0;08/01/24;1
Cerqueira Cesar;Parque do Trianon;-23,3347;-46,3915;0;08/01/24;1
Cerqueira Cesar;Parque do Trianon;-23,3347;-46,3915;0;08/01/24;4
Cerqueira Cesar;Parque do Trianon;-23,3347;-46,3915;0;08/01/24;5
Cerqueira Cesar;Parque do Trianon;-23,3347;-46,3915;0;08/01/24;6
Cerqueira Cesar;Parque do Trianon;-23,3347;-46,3915;0;08/01/24;6
Cerqueira Cesar;Parque do Trianon;-23,3347;-46,3915;0;08/01/24;6
Cerqueira Cesar;Parque do Trianon;-23,3347;-46,3915;0;08/01/24;6
Cerqueira Cesar;Parque do Trianon;-23,3347;-46,3915;0;08/01/24;6
Cerqueira Cesar;Parque do Trianon;-23,3347;-46,3915;0;08/01/24;7
Cerqueira Cesar;Parque do Trianon;-23,3347;-46,3915;0;08/01/24;7
Cerqueira Cesar;Parque do Trianon;-23,3347;-46,3915;0;08/01/24;8
Cerqueira Cesar;Parque do Trianon;-23,3347;-46,3915;0;08/01/24;9
Cerqueira Cesar;Parque do Trianon;-23,3347;-46,3915;0;08/01/24;9
Consolacao;Rua Frei Caneca;-23,553;-46,655;0;01/01/24;1
Consolacao;Rua Frei Caneca;-23,553;-46,655;0;01/01/24;2
Consolacao;Rua Frei Caneca;-23,553;-46,655;0;01/01/24;3
Consolacao;Rua Frei Caneca;-23,553;-46,655;0;01/01/24;4
Consolacao;Rua Frei Caneca;-23,553;-46,655;0;01/01/24;4
Consolacao;Rua Frei Caneca;-23,553;-46,655;0;01/01/24;4
Consolacao;Rua Frei Caneca;-23,553;-46,655;0;01/01/24;4
Consolacao;Rua Frei Caneca;-23,553;-46,655;0;01/01/24;5
Consolacao;Rua Frei Caneca;-23,553;-46,655;0;01/01/24;7
Consolacao;Rua Frei Caneca;-23,553;-46,655;0;01/01/24;7
Consolacao;Rua Frei Caneca;-23,553;-46,655;0;01/01/24;9
Consolacao;Rua Frei Caneca;-23,553;-46,655;0;01/01/24;10
Consolacao;Rua Frei Caneca;-23,553;-46,655;0;02/01/24;1
Consolacao;Rua Frei Caneca;-23,553;-46,655;0;02/01/24;1
Consolacao;Rua Frei Caneca;-23,553;-46,655;0;02/01/24;1
Consolacao;Rua Frei Caneca;-23,553;-46,655;0;02/01/24;1
Consolacao;Rua Frei Caneca;-23,553;-46,655;0;02/01/24;1
Consolacao;Rua Frei Caneca;-23,553;-46,655;0;02/01/24;2
Consolacao;Rua Frei Caneca;-23,553;-46,655;0;02/01/24;3
Consolacao;Rua Frei Caneca;-23,553;-46,655;0;02/01/24;4
Consolacao;Rua Frei Caneca;-23,553;-46,655;0;02/01/24;4
Consolacao;Rua Frei Caneca;-23,553;-46,655;0;02/01/24;4
Consolacao;Rua Frei Caneca;-23,553;-46,655;0;02/01/24;6
Consolacao;Rua Frei Caneca;-23,553;-46,655;0;02/01/24;7
Consolacao;Rua Frei Caneca;-23,553;-46,655;0;02/01/24;7
Consolacao;Rua Frei Caneca;-23,553;-46,655;0;02/01/24;8
Consolacao;Rua Frei Caneca;-23,553;-46,655;0;02/01/24;10
Consolacao;Rua Frei Caneca;-23,553;-46,655;0;02/01/24;10
Consolacao;Rua Frei Caneca;-23,553;-46,655;0;03/01/24;1
Consolacao;Rua Frei Caneca;-23,553;-46,655;0;03/01/24;2
Consolacao;Rua Frei Caneca;-23,553;-46,655;0;03/01/24;3
Consolacao;Rua Frei Caneca;-23,553;-46,655;0;03/01/24;3
Consolacao;Rua Frei Caneca;-23,553;-46,655;0;03/01/24;4
Consolacao;Rua Frei Caneca;-23,553;-46,655;0;03/01/24;4
Consolacao;Rua Frei Caneca;-23,553;-46,655;0;03/01/24;6
Consolacao;Rua Frei Caneca;-23,553;-46,655;0;03/01/24;6
Consolacao;Rua Frei Caneca;-23,553;-46,655;0;03/01/24;7
Consolacao;Rua Frei Caneca;-23,553;-46,655;0;03/01/24;7
Consolacao;Rua Frei Caneca;-23,553;-46,655;0;03/01/24;7
Consolacao;Rua Frei Caneca;-23,553;-46,655;0;03/01/24;7
Consolacao;Rua Frei Caneca;-23,553;-46,655;0;03/01/24;9
Consolacao;Rua Frei Caneca;-23,553;-46,655;0;03/01/24;9
Consolacao;Rua Frei Caneca;-23,553;-46,655;0;03/01/24;9
Consolacao;Rua Frei Caneca;-23,553;-46,655;0;03/01/24;10
Consolacao;Rua Frei Caneca;-23,553;-46,655;0;04/01/24;1
Consolacao;Rua Frei Caneca;-23,553;-46,655;0;04/01/24;3
Consolacao;Rua Frei Caneca;-23,553;-46,655;0;04/01/24;5
Consolacao;Rua Frei Caneca;-23,553;-46,655;0;04/01/24;5
Consolacao;Rua Frei Caneca;-23,553;-46,655;0;04/01/24;8
Consolacao;Rua Frei Caneca;-23,553;-46,655;0;04/01/24;8
Consolacao;Rua Frei Caneca;-23,553;-46,655;0;04/01/24;8
Consolacao;Rua Frei Caneca;-23,553;-46,655;0;04/01/24;9
Consolacao;Rua Frei Caneca;-23,553;-46,655;0;04/01/24;10
Consolacao;Rua Frei Caneca;-23,553;-46,655;0;04/01/24;10
Consolacao;Rua Frei Caneca;-23,553;-46,655;0;04/01/24;10
Consolacao;Rua Frei Caneca;-23,553;-46,655;0;04/01/24;10
Consolacao;Rua Frei Caneca;-23,553;-46,655;0;05/01/24;1
Consolacao;Rua Frei Caneca;-23,553;-46,655;0;05/01/24;2
Consolacao;Rua Frei Caneca;-23,553;-46,655;0;05/01/24;2
Consolacao;Rua Frei Caneca;-23,553;-46,655;0;05/01/24;3
Consolacao;Rua Frei Caneca;-23,553;-46,655;0;05/01/24;4
Consolacao;Rua Frei Caneca;-23,553;-46,655;0;05/01/24;5
Consolacao;Rua Frei Caneca;-23,553;-46,655;0;05/01/24;6
Consolacao;Rua Frei Caneca;-23,553;-46,655;0;05/01/24;8
Consolacao;Rua Frei Caneca;-23,553;-46,655;0;05/01/24;9
Consolacao;Rua Frei Caneca;-23,553;-46,655;0;05/01/24;9
Consolacao;Rua Frei Caneca;-23,553;-46,655;0;06/01/24;1
Consolacao;Rua Frei Caneca;-23,553;-46,655;0;06/01/24;1
Consolacao;Rua Frei Caneca;-23,553;-46,655;0;06/01/24;1
Consolacao;Rua Frei Caneca;-23,553;-46,655;0;06/01/24;2
Consolacao;Rua Frei Caneca;-23,553;-46,655;0;06/01/24;2
Consolacao;Rua Frei Caneca;-23,553;-46,655;0;06/01/24;3
Consolacao;Rua Frei Caneca;-23,553;-46,655;0;06/01/24;4
Consolacao;Rua Frei Caneca;-23,553;-46,655;0;06/01/24;4
Consolacao;Rua Frei Caneca;-23,553;-46,655;0;06/01/24;5
Consolacao;Rua Frei Caneca;-23,553;-46,655;0;06/01/24;6
Consolacao;Rua Frei Caneca;-23,553;-46,655;0;06/01/24;7
Consolacao;Rua Frei Caneca;-23,553;-46,655;0;06/01/24;8
Consolacao;Rua Frei Caneca;-23,553;-46,655;0;06/01/24;8
Consolacao;Rua Frei Caneca;-23,553;-46,655;0;06/01/24;9
Consolacao;Rua Frei Caneca;-23,553;-46,655;0;06/01/24;10
Consolacao;Rua Frei Caneca;-23,553;-46,655;0;07/01/24;1
Consolacao;Rua Frei Caneca;-23,553;-46,655;0;07/01/24;1
Consolacao;Rua Frei Caneca;-23,553;-46,655;0;07/01/24;1
Consolacao;Rua Frei Caneca;-23,553;-46,655;0;07/01/24;1
Consolacao;Rua Frei Caneca;-23,553;-46,655;0;07/01/24;2
Consolacao;Rua Frei Caneca;-23,553;-46,655;0;07/01/24;3
Consolacao;Rua Frei Caneca;-23,553;-46,655;0;07/01/24;3
Consolacao;Rua Frei Caneca;-23,553;-46,655;0;07/01/24;4
Consolacao;Rua Frei Caneca;-23,553;-46,655;0;07/01/24;4
Consolacao;Rua Frei Caneca;-23,553;-46,655;0;07/01/24;9
Consolacao;Rua Frei Caneca;-23,553;-46,655;0;07/01/24;9
Consolacao;Rua Frei Caneca;-23,553;-46,655;0;07/01/24;10
Consolacao;Rua Frei Caneca;-23,553;-46,655;0;07/01/24;10
Consolacao;Rua Frei Caneca;-23,553;-46,655;0;07/01/24;10
Consolacao;Rua Frei Caneca;-23,553;-46,655;0;08/01/24;1
Consolacao;Rua Frei Caneca;-23,553;-46,655;0;08/01/24;1
Consolacao;Rua Frei Caneca;-23,553;-46,655;0;08/01/24;3
Consolacao;Rua Frei Caneca;-23,553;-46,655;0;08/01/24;3
Consolacao;Rua Frei Caneca;-23,553;-46,655;0;08/01/24;4
Consolacao;Rua Frei Caneca;-23,553;-46,655;0;08/01/24;4
Consolacao;Rua Frei Caneca;-23,553;-46,655;0;08/01/24;5
Consolacao;Rua Frei Caneca;-23,553;-46,655;0;08/01/24;7
Consolacao;Rua Frei Caneca;-23,553;-46,655;0;08/01/24;8
Consolacao;Rua Frei Caneca;-23,553;-46,655;0;08/01/24;8
Consolacao;Rua Frei Caneca;-23,553;-46,655;0;08/01/24;9
Consolacao;Rua Frei Caneca;-23,553;-46,655;0;08/01/24;9
Consolacao;Rua Frei Caneca;-23,553;-46,655;0;08/01/24;9
Consolacao;Rua Frei Caneca;-23,553;-46,655;0;08/01/24;9
Consolacao;Rua Frei Caneca;-23,553;-46,655;0;08/01/24;9
Consolacao;Rua Frei Caneca;-23,553;-46,655;0;08/01/24;10
Consolacao;Rua Frei Caneca;-23,553;-46,655;0;08/01/24;10
Ipiranga;Aquario de Sao Paulo;-23,3536;-46,3651;50;01/01/24;1
Ipiranga;Aquario de Sao Paulo;-23,3536;-46,3651;50;01/01/24;2
Ipiranga;Aquario de Sao Paulo;-23,3536;-46,3651;50;01/01/24;3
Ipiranga;Aquario de Sao Paulo;-23,3536;-46,3651;50;01/01/24;3
Ipiranga;Aquario de Sao Paulo;-23,3536;-46,3651;50;01/01/24;5
Ipiranga;Aquario de Sao Paulo;-23,3536;-46,3651;50;01/01/24;7
Ipiranga;Aquario de Sao Paulo;-23,3536;-46,3651;50;01/01/24;8
Ipiranga;Aquario de Sao Paulo;-23,3536;-46,3651;50;01/01/24;9
Ipiranga;Aquario de Sao Paulo;-23,3536;-46,3651;50;01/01/24;9
Ipiranga;Aquario de Sao Paulo;-23,3536;-46,3651;50;01/01/24;9
Ipiranga;Aquario de Sao Paulo;-23,3536;-46,3651;50;02/01/24;2
Ipiranga;Aquario de Sao Paulo;-23,3536;-46,3651;50;02/01/24;2
Ipiranga;Aquario de Sao Paulo;-23,3536;-46,3651;50;02/01/24;2
Ipiranga;Aquario de Sao Paulo;-23,3536;-46,3651;50;02/01/24;3
Ipiranga;Aquario de Sao Paulo;-23,3536;-46,3651;50;02/01/24;4
Ipiranga;Aquario de Sao Paulo;-23,3536;-46,3651;50;02/01/24;5
Ipiranga;Aquario de Sao Paulo;-23,3536;-46,3651;50;02/01/24;5
Ipiranga;Aquario de Sao Paulo;-23,3536;-46,3651;50;02/01/24;6
Ipiranga;Aquario de Sao Paulo;-23,3536;-46,3651;50;02/01/24;7
Ipiranga;Aquario de Sao Paulo;-23,3536;-46,3651;50;02/01/24;7
Ipiranga;Aquario de Sao Paulo;-23,3536;-46,3651;50;02/01/24;10
Ipiranga;Aquario de Sao Paulo;-23,3536;-46,3651;50;03/01/24;1
Ipiranga;Aquario de Sao Paulo;-23,3536;-46,3651;50;03/01/24;1
Ipiranga;Aquario de Sao Paulo;-23,3536;-46,3651;50;03/01/24;2
Ipiranga;Aquario de Sao Paulo;-23,3536;-46,3651;50;03/01/24;3
Ipiranga;Aquario de Sao Paulo;-23,3536;-46,3651;50;03/01/24;4
Ipiranga;Aquario de Sao Paulo;-23,3536;-46,3651;50;03/01/24;5
Ipiranga;Aquario de Sao Paulo;-23,3536;-46,3651;50;03/01/24;6
Ipiranga;Aquario de Sao Paulo;-23,3536;-46,3651;50;03/01/24;8
Ipiranga;Aquario de Sao Paulo;-23,3536;-46,3651;50;03/01/24;8
Ipiranga;Aquario de Sao Paulo;-23,3536;-46,3651;50;03/01/24;10
Ipiranga;Aquario de Sao Paulo;-23,3536;-46,3651;50;03/01/24;10
Ipiranga;Aquario de Sao Paulo;-23,3536;-46,3651;50;04/01/24;2
Ipiranga;Aquario de Sao Paulo;-23,3536;-46,3651;50;04/01/24;3
Ipiranga;Aquario de Sao Paulo;-23,3536;-46,3651;50;04/01/24;4
Ipiranga;Aquario de Sao Paulo;-23,3536;-46,3651;50;04/01/24;5
Ipiranga;Aquario de Sao Paulo;-23,3536;-46,3651;50;04/01/24;6
Ipiranga;Aquario de Sao Paulo;-23,3536;-46,3651;50;04/01/24;6
Ipiranga;Aquario de Sao Paulo;-23,3536;-46,3651;50;04/01/24;8
Ipiranga;Aquario de Sao Paulo;-23,3536;-46,3651;50;05/01/24;1
Ipiranga;Aquario de Sao Paulo;-23,3536;-46,3651;50;05/01/24;2
Ipiranga;Aquario de Sao Paulo;-23,3536;-46,3651;50;05/01/24;3
Ipiranga;Aquario de Sao Paulo;-23,3536;-46,3651;50;05/01/24;4
Ipiranga;Aquario de Sao Paulo;-23,3536;-46,3651;50;05/01/24;5
Ipiranga;Aquario de Sao Paulo;-23,3536;-46,3651;50;05/01/24;6
Ipiranga;Aquario de Sao Paulo;-23,3536;-46,3651;50;05/01/24;10
Ipiranga;Aquario de Sao Paulo;-23,3536;-46,3651;50;06/01/24;1
Ipiranga;Aquario de Sao Paulo;-23,3536;-46,3651;50;06/01/24;2
Ipiranga;Aquario de Sao Paulo;-23,3536;-46,3651;50;06/01/24;3
Ipiranga;Aquario de Sao Paulo;-23,3536;-46,3651;50;06/01/24;4
Ipiranga;Aquario de Sao Paulo;-23,3536;-46,3651;50;06/01/24;4
Ipiranga;Aquario de Sao Paulo;-23,3536;-46,3651;50;06/01/24;5
Ipiranga;Aquario de Sao Paulo;-23,3536;-46,3651;50;06/01/24;6
Ipiranga;Aquario de Sao Paulo;-23,3536;-46,3651;50;06/01/24;6
Ipiranga;Aquario de Sao Paulo;-23,3536;-46,3651;50;06/01/24;6
Ipiranga;Aquario de Sao Paulo;-23,3536;-46,3651;50;06/01/24;7
Ipiranga;Aquario de Sao Paulo;-23,3536;-46,3651;50;06/01/24;9
Ipiranga;Aquario de Sao Paulo;-23,3536;-46,3651;50;07/01/24;1
Ipiranga;Aquario de Sao Paulo;-23,3536;-46,3651;50;07/01/24;4
Ipiranga;Aquario de Sao Paulo;-23,3536;-46,3651;50;07/01/24;4
Ipiranga;Aquario de Sao Paulo;-23,3536;-46,3651;50;07/01/24;4
Ipiranga;Aquario de Sao Paulo;-23,3536;-46,3651;50;07/01/24;6
Ipiranga;Aquario de Sao Paulo;-23,3536;-46,3651;50;07/01/24;6
Ipiranga;Aquario de Sao Paulo;-23,3536;-46,3651;50;07/01/24;7
Ipiranga;Aquario de Sao Paulo;-23,3536;-46,3651;50;07/01/24;8
Ipiranga;Aquario de Sao Paulo;-23,3536;-46,3651;50;07/01/24;8
Ipiranga;Aquario de Sao Paulo;-23,3536;-46,3651;50;07/01/24;9
Ipiranga;Aquario de Sao Paulo;-23,3536;-46,3651;50;07/01/24;10
Ipiranga;Aquario de Sao Paulo;-23,3536;-46,3651;50;07/01/24;10
Ipiranga;Aquario de Sao Paulo;-23,3536;-46,3651;50;08/01/24;2
Ipiranga;Aquario de Sao Paulo;-23,3536;-46,3651;50;08/01/24;4
Ipiranga;Aquario de Sao Paulo;-23,3536;-46,3651;50;08/01/24;4
Ipiranga;Aquario de Sao Paulo;-23,3536;-46,3651;50;08/01/24;5
Ipiranga;Aquario de Sao Paulo;-23,3536;-46,3651;50;08/01/24;5
Ipiranga;Aquario de Sao Paulo;-23,3536;-46,3651;50;08/01/24;5
Ipiranga;Aquario de Sao Paulo;-23,3536;-46,3651;50;08/01/24;6
Ipiranga;Aquario de Sao Paulo;-23,3536;-46,3651;50;08/01/24;8
Ipiranga;Aquario de Sao Paulo;-23,3536;-46,3651;50;08/01/24;8
Ipiranga;Aquario de Sao Paulo;-23,3536;-46,3651;50;08/01/24;9
Ipiranga;Aquario de Sao Paulo;-23,3536;-46,3651;50;08/01/24;10
Ipiranga;Museu do Ipiranga;-23,585797;-46,609848;10;01/01/24;3
Ipiranga;Museu do Ipiranga;-23,585797;-46,609848;10;01/01/24;3
Ipiranga;Museu do Ipiranga;-23,585797;-46,609848;10;01/01/24;4
Ipiranga;Museu do Ipiranga;-23,585797;-46,609848;10;01/01/24;4
Ipiranga;Museu do Ipiranga;-23,585797;-46,609848;10;01/01/24;5
Ipiranga;Museu do Ipiranga;-23,585797;-46,609848;10;01/01/24;9
Ipiranga;Museu do Ipiranga;-23,585797;-46,609848;10;02/01/24;1
Ipiranga;Museu do Ipiranga;-23,585797;-46,609848;10;02/01/24;4
Ipiranga;Museu do Ipiranga;-23,585797;-46,609848;10;02/01/24;4
Ipiranga;Museu do Ipiranga;-23,585797;-46,609848;10;02/01/24;5
Ipiranga;Museu do Ipiranga;-23,585797;-46,609848;10;02/01/24;5
Ipiranga;Museu do Ipiranga;-23,585797;-46,609848;10;02/01/24;8
Ipiranga;Museu do Ipiranga;-23,585797;-46,609848;10;02/01/24;9
Ipiranga;Museu do Ipiranga;-23,585797;-46,609848;10;02/01/24;10
Ipiranga;Museu do Ipiranga;-23,585797;-46,609848;10;03/01/24;1
Ipiranga;Museu do Ipiranga;-23,585797;-46,609848;10;03/01/24;3
Ipiranga;Museu do Ipiranga;-23,585797;-46,609848;10;03/01/24;3
Ipiranga;Museu do Ipiranga;-23,585797;-46,609848;10;03/01/24;4
Ipiranga;Museu do Ipiranga;-23,585797;-46,609848;10;03/01/24;4
Ipiranga;Museu do Ipiranga;-23,585797;-46,609848;10;03/01/24;6
Ipiranga;Museu do Ipiranga;-23,585797;-46,609848;10;03/01/24;8
Ipiranga;Museu do Ipiranga;-23,585797;-46,609848;10;03/01/24;8
Ipiranga;Museu do Ipiranga;-23,585797;-46,609848;10;03/01/24;9
Ipiranga;Museu do Ipiranga;-23,585797;-46,609848;10;03/01/24;10
Ipiranga;Museu do Ipiranga;-23,585797;-46,609848;10;04/01/24;1
Ipiranga;Museu do Ipiranga;-23,585797;-46,609848;10;04/01/24;3
Ipiranga;Museu do Ipiranga;-23,585797;-46,609848;10;04/01/24;4
Ipiranga;Museu do Ipiranga;-23,585797;-46,609848;10;04/01/24;5
Ipiranga;Museu do Ipiranga;-23,585797;-46,609848;10;04/01/24;6
Ipiranga;Museu do Ipiranga;-23,585797;-46,609848;10;04/01/24;7
Ipiranga;Museu do Ipiranga;-23,585797;-46,609848;10;04/01/24;7
Ipiranga;Museu do Ipiranga;-23,585797;-46,609848;10;04/01/24;10
Ipiranga;Museu do Ipiranga;-23,585797;-46,609848;10;05/01/24;1
Ipiranga;Museu do Ipiranga;-23,585797;-46,609848;10;05/01/24;2
Ipiranga;Museu do Ipiranga;-23,585797;-46,609848;10;05/01/24;3
Ipiranga;Museu do Ipiranga;-23,585797;-46,609848;10;05/01/24;7
Ipiranga;Museu do Ipiranga;-23,585797;-46,609848;10;05/01/24;8
Ipiranga;Museu do Ipiranga;-23,585797;-46,609848;10;05/01/24;9
Ipiranga;Museu do Ipiranga;-23,585797;-46,609848;10;06/01/24;1
Ipiranga;Museu do Ipiranga;-23,585797;-46,609848;10;06/01/24;1
Ipiranga;Museu do Ipiranga;-23,585797;-46,609848;10;06/01/24;4
Ipiranga;Museu do Ipiranga;-23,585797;-46,609848;10;06/01/24;5
Ipiranga;Museu do Ipiranga;-23,585797;-46,609848;10;06/01/24;6
Ipiranga;Museu do Ipiranga;-23,585797;-46,609848;10;06/01/24;7
Ipiranga;Museu do Ipiranga;-23,585797;-46,609848;10;06/01/24;8
Ipiranga;Museu do Ipiranga;-23,585797;-46,609848;10;07/01/24;1
Ipiranga;Museu do Ipiranga;-23,585797;-46,609848;10;07/01/24;2
Ipiranga;Museu do Ipiranga;-23,585797;-46,609848;10;07/01/24;3
Ipiranga;Museu do Ipiranga;-23,585797;-46,609848;10;07/01/24;3
Ipiranga;Museu do Ipiranga;-23,585797;-46,609848;10;07/01/24;4
Ipiranga;Museu do Ipiranga;-23,585797;-46,609848;10;07/01/24;5
Ipiranga;Museu do Ipiranga;-23,585797;-46,609848;10;07/01/24;6
Ipiranga;Museu do Ipiranga;-23,585797;-46,609848;10;07/01/24;6
Ipiranga;Museu do Ipiranga;-23,585797;-46,609848;10;07/01/24;7
Ipiranga;Museu do Ipiranga;-23,585797;-46,609848;10;07/01/24;8
Ipiranga;Museu do Ipiranga;-23,585797;-46,609848;10;07/01/24;9
Ipiranga;Museu do Ipiranga;-23,585797;-46,609848;10;07/01/24;10
Ipiranga;Museu do Ipiranga;-23,585797;-46,609848;10;08/01/24;1
Ipiranga;Museu do Ipiranga;-23,585797;-46,609848;10;08/01/24;2
Ipiranga;Museu do Ipiranga;-23,585797;-46,609848;10;08/01/24;3
Ipiranga;Museu do Ipiranga;-23,585797;-46,609848;10;08/01/24;3
Ipiranga;Museu do Ipiranga;-23,585797;-46,609848;10;08/01/24;5
Ipiranga;Museu do Ipiranga;-23,585797;-46,609848;10;08/01/24;6
Ipiranga;Museu do Ipiranga;-23,585797;-46,609848;10;08/01/24;7
Ipiranga;Museu do Ipiranga;-23,585797;-46,609848;10;08/01/24;7
Ipiranga;Museu do Ipiranga;-23,585797;-46,609848;10;08/01/24;7
Ipiranga;Museu do Ipiranga;-23,585797;-46,609848;10;08/01/24;9
Lapa;Bar do Valadares;-23,3124;-46,413;40;01/01/24;1
Lapa;Bar do Valadares;-23,3124;-46,413;40;01/01/24;2
Lapa;Bar do Valadares;-23,3124;-46,413;40;01/01/24;2
Lapa;Bar do Valadares;-23,3124;-46,413;40;01/01/24;3
Lapa;Bar do Valadares;-23,3124;-46,413;40;01/01/24;3
Lapa;Bar do Valadares;-23,3124;-46,413;40;01/01/24;3
Lapa;Bar do Valadares;-23,3124;-46,413;40;01/01/24;3
Lapa;Bar do Valadares;-23,3124;-46,413;40;01/01/24;4
Lapa;Bar do Valadares;-23,3124;-46,413;40;01/01/24;5
Lapa;Bar do Valadares;-23,3124;-46,413;40;01/01/24;6
Lapa;Bar do Valadares;-23,3124;-46,413;40;01/01/24;6
Lapa;Bar do Valadares;-23,3124;-46,413;40;01/01/24;8
Lapa;Bar do Valadares;-23,3124;-46,413;40;01/01/24;8
Lapa;Bar do Valadares;-23,3124;-46,413;40;01/01/24;8
Lapa;Bar do Valadares;-23,3124;-46,413;40;01/01/24;9
Lapa;Bar do Valadares;-23,3124;-46,413;40;01/01/24;9
Lapa;Bar do Valadares;-23,3124;-46,413;40;01/01/24;9
Lapa;Bar do Valadares;-23,3124;-46,413;40;01/01/24;10
Lapa;Bar do Valadares;-23,3124;-46,413;40;01/01/24;10
Lapa;Bar do Valadares;-23,3124;-46,413;40;01/01/24;10
Lapa;Bar do Valadares;-23,3124;-46,413;40;02/01/24;1
Lapa;Bar do Valadares;-23,3124;-46,413;40;02/01/24;1
Lapa;Bar do Valadares;-23,3124;-46,413;40;02/01/24;3
Lapa;Bar do Valadares;-23,3124;-46,413;40;02/01/24;3
Lapa;Bar do Valadares;-23,3124;-46,413;40;02/01/24;4
Lapa;Bar do Valadares;-23,3124;-46,413;40;02/01/24;5
Lapa;Bar do Valadares;-23,3124;-46,413;40;02/01/24;5
Lapa;Bar do Valadares;-23,3124;-46,413;40;02/01/24;5
Lapa;Bar do Valadares;-23,3124;-46,413;40;02/01/24;6
Lapa;Bar do Valadares;-23,3124;-46,413;40;02/01/24;6
Lapa;Bar do Valadares;-23,3124;-46,413;40;02/01/24;7
Lapa;Bar do Valadares;-23,3124;-46,413;40;02/01/24;7
Lapa;Bar do Valadares;-23,3124;-46,413;40;02/01/24;8
Lapa;Bar do Valadares;-23,3124;-46,413;40;02/01/24;8
Lapa;Bar do Valadares;-23,3124;-46,413;40;02/01/24;9
Lapa;Bar do Valadares;-23,3124;-46,413;40;02/01/24;10
Lapa;Bar do Valadares;-23,3124;-46,413;40;03/01/24;1
Lapa;Bar do Valadares;-23,3124;-46,413;40;03/01/24;2
Lapa;Bar do Valadares;-23,3124;-46,413;40;03/01/24;2
Lapa;Bar do Valadares;-23,3124;-46,413;40;03/01/24;3
Lapa;Bar do Valadares;-23,3124;-46,413;40;03/01/24;4
Lapa;Bar do Valadares;-23,3124;-46,413;40;03/01/24;4
Lapa;Bar do Valadares;-23,3124;-46,413;40;03/01/24;4
Lapa;Bar do Valadares;-23,3124;-46,413;40;03/01/24;4
Lapa;Bar do Valadares;-23,3124;-46,413;40;03/01/24;5
Lapa;Bar do Valadares;-23,3124;-46,413;40;03/01/24;6
Lapa;Bar do Valadares;-23,3124;-46,413;40;03/01/24;6
Lapa;Bar do Valadares;-23,3124;-46,413;40;03/01/24;7
Lapa;Bar do Valadares;-23,3124;-46,413;40;03/01/24;7
Lapa;Bar do Valadares;-23,3124;-46,413;40;03/01/24;8
Lapa;Bar do Valadares;-23,3124;-46,413;40;03/01/24;8
Lapa;Bar do Valadares;-23,3124;-46,413;40;03/01/24;8
Lapa;Bar do Valadares;-23,3124;-46,413;40;03/01/24;9
Lapa;Bar do Valadares;-23,3124;-46,413;40;04/01/24;1
Lapa;Bar do Valadares;-23,3124;-46,413;40;04/01/24;1
Lapa;Bar do Valadares;-23,3124;-46,413;40;04/01/24;1
Lapa;Bar do Valadares;-23,3124;-46,413;40;04/01/24;2
Lapa;Bar do Valadares;-23,3124;-46,413;40;04/01/24;3
Lapa;Bar do Valadares;-23,3124;-46,413;40;04/01/24;3
Lapa;Bar do Valadares;-23,3124;-46,413;40;04/01/24;4
Lapa;Bar do Valadares;-23,3124;-46,413;40;04/01/24;4
Lapa;Bar do Valadares;-23,3124;-46,413;40;04/01/24;5
Lapa;Bar do Valadares;-23,3124;-46,413;40;04/01/24;5
Lapa;Bar do Valadares;-23,3124;-46,413;40;04/01/24;6
Lapa;Bar do Valadares;-23,3124;-46,413;40;04/01/24;8
Lapa;Bar do Valadares;-23,3124;-46,413;40;04/01/24;8
Lapa;Bar do Valadares;-23,3124;-46,413;40;04/01/24;9
Lapa;Bar do Valadares;-23,3124;-46,413;40;04/01/24;9
Lapa;Bar do Valadares;-23,3124;-46,413;40;04/01/24;9
Lapa;Bar do Valadares;-23,3124;-46,413;40;05/01/24;1
Lapa;Bar do Valadares;-23,3124;-46,413;40;05/01/24;1
Lapa;Bar do Valadares;-23,3124;-46,413;40;05/01/24;1
Lapa;Bar do Valadares;-23,3124;-46,413;40;05/01/24;2
Lapa;Bar do Valadares;-23,3124;-46,413;40;05/01/24;2
Lapa;Bar do Valadares;-23,3124;-46,413;40;05/01/24;3
Lapa;Bar do Valadares;-23,3124;-46,413;40;05/01/24;3
Lapa;Bar do Valadares;-23,3124;-46,413;40;05/01/24;4
Lapa;Bar do Valadares;-23,3124;-46,413;40;05/01/24;4
Lapa;Bar do Valadares;-23,3124;-46,413;40;05/01/24;4
Lapa;Bar do Valadares;-23,3124;-46,413;40;05/01/24;5
Lapa;Bar do Valadares;-23,3124;-46,413;40;05/01/24;5
Lapa;Bar do Valadares;-23,3124;-46,413;40;05/01/24;6
Lapa;Bar do Valadares;-23,3124;-46,413;40;05/01/24;6
Lapa;Bar do Valadares;-23,3124;-46,413;40;05/01/24;6
Lapa;Bar do Valadares;-23,3124;-46,413;40;05/01/24;6
Lapa;Bar do Valadares;-23,3124;-46,413;40;05/01/24;6
Lapa;Bar do Valadares;-23,3124;-46,413;40;05/01/24;7
Lapa;Bar do Valadares;-23,3124;-46,413;40;05/01/24;8
Lapa;Bar do Valadares;-23,3124;-46,413;40;05/01/24;10
Lapa;Bar do Valadares;-23,3124;-46,413;40;05/01/24;10
Lapa;Bar do Valadares;-23,3124;-46,413;40;06/01/24;1
Lapa;Bar do Valadares;-23,3124;-46,413;40;06/01/24;1
Lapa;Bar do Valadares;-23,3124;-46,413;40;06/01/24;3
Lapa;Bar do Valadares;-23,3124;-46,413;40;06/01/24;3
Lapa;Bar do Valadares;-23,3124;-46,413;40;06/01/24;4
Lapa;Bar do Valadares;-23,3124;-46,413;40;06/01/24;5
Lapa;Bar do Valadares;-23,3124;-46,413;40;06/01/24;6
Lapa;Bar do Valadares;-23,3124;-46,413;40;06/01/24;6
Lapa;Bar do Valadares;-23,3124;-46,413;40;06/01/24;6
Lapa;Bar do Valadares;-23,3124;-46,413;40;06/01/24;6
Lapa;Bar do Valadares;-23,3124;-46,413;40;06/01/24;6
Lapa;Bar do Valadares;-23,3124;-46,413;40;06/01/24;7
Lapa;Bar do Valadares;-23,3124;-46,413;40;06/01/24;7
Lapa;Bar do Valadares;-23,3124;-46,413;40;06/01/24;7
Lapa;Bar do Valadares;-23,3124;-46,413;40;06/01/24;7
Lapa;Bar do Valadares;-23,3124;-46,413;40;06/01/24;8
Lapa;Bar do Valadares;-23,3124;-46,413;40;06/01/24;8
Lapa;Bar do Valadares;-23,3124;-46,413;40;06/01/24;9
Lapa;Bar do Valadares;-23,3124;-46,413;40;06/01/24;10
Lapa;Bar do Valadares;-23,3124;-46,413;40;06/01/24;10
Lapa;Bar do Valadares;-23,3124;-46,413;40;07/01/24;2
Lapa;Bar do Valadares;-23,3124;-46,413;40;07/01/24;2
Lapa;Bar do Valadares;-23,3124;-46,413;40;07/01/24;2
Lapa;Bar do Valadares;-23,3124;-46,413;40;07/01/24;4
Lapa;Bar do Valadares;-23,3124;-46,413;40;07/01/24;5
Lapa;Bar do Valadares;-23,3124;-46,413;40;07/01/24;6
Lapa;Bar do Valadares;-23,3124;-46,413;40;07/01/24;6
Lapa;Bar do Valadares;-23,3124;-46,413;40;07/01/24;7
Lapa;Bar do Valadares;-23,3124;-46,413;40;07/01/24;7
Lapa;Bar do Valadares;-23,3124;-46,413;40;07/01/24;7
Lapa;Bar do Valadares;-23,3124;-46,413;40;07/01/24;7
Lapa;Bar do Valadares;-23,3124;-46,413;40;07/01/24;8
Lapa;Bar do Valadares;-23,3124;-46,413;40;07/01/24;8
Lapa;Bar do Valadares;-23,3124;-46,413;40;07/01/24;9
Lapa;Bar do Valadares;-23,3124;-46,413;40;07/01/24;9
Lapa;Bar do Valadares;-23,3124;-46,413;40;07/01/24;10
Lapa;Bar do Valadares;-23,3124;-46,413;40;07/01/24;10
Lapa;Bar do Valadares;-23,3124;-46,413;40;07/01/24;10
Lapa;Bar do Valadares;-23,3124;-46,413;40;07/01/24;10
Lapa;Bar do Valadares;-23,3124;-46,413;40;08/01/24;1
Lapa;Bar do Valadares;-23,3124;-46,413;40;08/01/24;1
Lapa;Bar do Valadares;-23,3124;-46,413;40;08/01/24;1
Lapa;Bar do Valadares;-23,3124;-46,413;40;08/01/24;2
Lapa;Bar do Valadares;-23,3124;-46,413;40;08/01/24;2
Lapa;Bar do Valadares;-23,3124;-46,413;40;08/01/24;3
Lapa;Bar do Valadares;-23,3124;-46,413;40;08/01/24;3
Lapa;Bar do Valadares;-23,3124;-46,413;40;08/01/24;3
Lapa;Bar do Valadares;-23,3124;-46,413;40;08/01/24;5
Lapa;Bar do Valadares;-23,3124;-46,413;40;08/01/24;7
Lapa;Bar do Valadares;-23,3124;-46,413;40;08/01/24;8
Lapa;Bar do Valadares;-23,3124;-46,413;40;08/01/24;10
Lapa;Bar do Valadares;-23,3124;-46,413;40;08/01/24;10
Lapa;Bar do Valadares;-23,3124;-46,413;40;08/01/24;10
Liberdade;Praca da Liberdade;-23,555;-46,635;0;01/01/24;1
Liberdade;Praca da Liberdade;-23,555;-46,635;0;01/01/24;3
Liberdade;Praca da Liberdade;-23,555;-46,635;0;01/01/24;3
Liberdade;Praca da Liberdade;-23,555;-46,635;0;01/01/24;4
Liberdade;Praca da Liberdade;-23,555;-46,635;0;01/01/24;5
Liberdade;Praca da Liberdade;-23,555;-46,635;0;01/01/24;5
Liberdade;Praca da Liberdade;-23,555;-46,635;0;01/01/24;6
Liberdade;Praca da Liberdade;-23,555;-46,635;0;01/01/24;9
Liberdade;Praca da Liberdade;-23,555;-46,635;0;01/01/24;10
Liberdade;Praca da Liberdade;-23,555;-46,635;0;02/01/24;3
Liberdade;Praca da Liberdade;-23,555;-46,635;0;02/01/24;6
Liberdade;Praca da Liberdade;-23,555;-46,635;0;02/01/24;6
Liberdade;Praca da Liberdade;-23,555;-46,635;0;02/01/24;7
Liberdade;Praca da Liberdade;-23,555;-46,635;0;02/01/24;7
Liberdade;Praca da Liberdade;-23,555;-46,635;0;02/01/24;8
Liberdade;Praca da Liberdade;-23,555;-46,635;0;02/01/24;8
Liberdade;Praca da Liberdade;-23,555;-46,635;0;02/01/24;9
Liberdade;Praca da Liberdade;-23,555;-46,635;0;02/01/24;10
Liberdade;Praca da Liberdade;-23,555;-46,635;0;03/01/24;3
Liberdade;Praca da Liberdade;-23,555;-46,635;0;03/01/24;3
Liberdade;Praca da Liberdade;-23,555;-46,635;0;03/01/24;4
Liberdade;Praca da Liberdade;-23,555;-46,635;0;03/01/24;4
Liberdade;Praca da Liberdade;-23,555;-46,635;0;03/01/24;8
Liberdade;Praca da Liberdade;-23,555;-46,635;0;03/01/24;9
Liberdade;Praca da Liberdade;-23,555;-46,635;0;03/01/24;10
Liberdade;Praca da Liberdade;-23,555;-46,635;0;03/01/24;10
Liberdade;Praca da Liberdade;-23,555;-46,635;0;04/01/24;1
Liberdade;Praca da Liberdade;-23,555;-46,635;0;04/01/24;1
Liberdade;Praca da Liberdade;-23,555;-46,635;0;04/01/24;1
Liberdade;Praca da Liberdade;-23,555;-46,635;0;04/01/24;3
Liberdade;Praca da Liberdade;-23,555;-46,635;0;04/01/24;4
Liberdade;Praca da Liberdade;-23,555;-46,635;0;04/01/24;5
Liberdade;Praca da Liberdade;-23,555;-46,635;0;04/01/24;5
Liberdade;Praca da Liberdade;-23,555;-46,635;0;04/01/24;6
Liberdade;Praca da Liberdade;-23,555;-46,635;0;04/01/24;6
Liberdade;Praca da Liberdade;-23,555;-46,635;0;04/01/24;7
Liberdade;Praca da Liberdade;-23,555;-46,635;0;04/01/24;8
Liberdade;Praca da Liberdade;-23,555;-46,635;0;04/01/24;9
Liberdade;Praca da Liberdade;-23,555;-46,635;0;04/01/24;9
Liberdade;Praca da Liberdade;-23,555;-46,635;0;05/01/24;1
Liberdade;Praca da Liberdade;-23,555;-46,635;0;05/01/24;1
Liberdade;Praca da Liberdade;-23,555;-46,635;0;05/01/24;3
Liberdade;Praca da Liberdade;-23,555;-46,635;0;05/01/24;4
Liberdade;Praca da Liberdade;-23,555;-46,635;0;05/01/24;5
Liberdade;Praca da Liberdade;-23,555;-46,635;0;05/01/24;5
Liberdade;Praca da Liberdade;-23,555;-46,635;0;05/01/24;6
Liberdade;Praca da Liberdade;-23,555;-46,635;0;05/01/24;6
Liberdade;Praca da Liberdade;-23,555;-46,635;0;05/01/24;6
Liberdade;Praca da Liberdade;-23,555;-46,635;0;05/01/24;6
Liberdade;Praca da Liberdade;-23,555;-46,635;0;05/01/24;7
Liberdade;Praca da Liberdade;-23,555;-46,635;0;05/01/24;8
Liberdade;Praca da Liberdade;-23,555;-46,635;0;05/01/24;9
Liberdade;Praca da Liberdade;-23,555;-46,635;0;05/01/24;9
Liberdade;Praca da Liberdade;-23,555;-46,635;0;05/01/24;10
Liberdade;Praca da Liberdade;-23,555;-46,635;0;05/01/24;10
Liberdade;Praca da Liberdade;-23,555;-46,635;0;06/01/24;1
Liberdade;Praca da Liberdade;-23,555;-46,635;0;06/01/24;1
Liberdade;Praca da Liberdade;-23,555;-46,635;0;06/01/24;1
Liberdade;Praca da Liberdade;-23,555;-46,635;0;06/01/24;2
Liberdade;Praca da Liberdade;-23,555;-46,635;0;06/01/24;3
Liberdade;Praca da Liberdade;-23,555;-46,635;0;06/01/24;4
Liberdade;Praca da Liberdade;-23,555;-46,635;0;06/01/24;6
Liberdade;Praca da Liberdade;-23,555;-46,635;0;06/01/24;6
Liberdade;Praca da Liberdade;-23,555;-46,635;0;06/01/24;6
Liberdade;Praca da Liberdade;-23,555;-46,635;0;06/01/24;7
Liberdade;Praca da Liberdade;-23,555;-46,635;0;06/01/24;7
Liberdade;Praca da Liberdade;-23,555;-46,635;0;06/01/24;7
Liberdade;Praca da Liberdade;-23,555;-46,635;0;06/01/24;8
Liberdade;Praca da Liberdade;-23,555;-46,635;0;06/01/24;9
Liberdade;Praca da Liberdade;-23,555;-46,635;0;06/01/24;10
Liberdade;Praca da Liberdade;-23,555;-46,635;0;07/01/24;1
Liberdade;Praca da Liberdade;-23,555;-46,635;0;07/01/24;1
Liberdade;Praca da Liberdade;-23,555;-46,635;0;07/01/24;1
Liberdade;Praca da Liberdade;-23,555;-46,635;0;07/01/24;2
Liberdade;Praca da Liberdade;-23,555;-46,635;0;07/01/24;3
Liberdade;Praca da Liberdade;-23,555;-46,635;0;07/01/24;3
Liberdade;Praca da Liberdade;-23,555;-46,635;0;07/01/24;6
Liberdade;Praca da Liberdade;-23,555;-46,635;0;07/01/24;6
Liberdade;Praca da Liberdade;-23,555;-46,635;0;07/01/24;7
Liberdade;Praca da Liberdade;-23,555;-46,635;0;07/01/24;8
Liberdade;Praca da Liberdade;-23,555;-46,635;0;07/01/24;8
Liberdade;Praca da Liberdade;-23,555;-46,635;0;07/01/24;8
Liberdade;Praca da Liberdade;-23,555;-46,635;0;07/01/24;8
Liberdade;Praca da Liberdade;-23,555;-46,635;0;07/01/24;8
Liberdade;Praca da Liberdade;-23,555;-46,635;0;07/01/24;10
Liberdade;Praca da Liberdade;-23,555;-46,635;0;07/01/24;10
Liberdade;Praca da Liberdade;-23,555;-46,635;0;08/01/24;1
Liberdade;Praca da Liberdade;-23,555;-46,635;0;08/01/24;5
Liberdade;Praca da Liberdade;-23,555;-46,635;0;08/01/24;5
Liberdade;Praca da Liberdade;-23,555;-46,635;0;08/01/24;6
Liberdade;Praca da Liberdade;-23,555;-46,635;0;08/01/24;7
Liberdade;Praca da Liberdade;-23,555;-46,635;0;08/01/24;8
Liberdade;Praca da Liberdade;-23,555;-46,635;0;08/01/24;8
Liberdade;Praca da Liberdade;-23,555;-46,635;0;08/01/24;9
Liberdade;Praca da Liberdade;-23,555;-46,635;0;08/01/24;9
Liberdade;Praca da Liberdade;-23,555;-46,635;0;08/01/24;9
Moema;Shopping Ibirapuera;-23,61;-46,665;0;01/01/24;1
Moema;Shopping Ibirapuera;-23,61;-46,665;0;01/01/24;1
Moema;Shopping Ibirapuera;-23,61;-46,665;0;01/01/24;1
Moema;Shopping Ibirapuera;-23,61;-46,665;0;01/01/24;2
Moema;Shopping Ibirapuera;-23,61;-46,665;0;01/01/24;3
Moema;Shopping Ibirapuera;-23,61;-46,665;0;01/01/24;3
Moema;Shopping Ibirapuera;-23,61;-46,665;0;01/01/24;4
Moema;Shopping Ibirapuera;-23,61;-46,665;0;01/01/24;4
Moema;Shopping Ibirapuera;-23,61;-46,665;0;01/01/24;4
Moema;Shopping Ibirapuera;-23,61;-46,665;0;01/01/24;6
Moema;Shopping Ibirapuera;-23,61;-46,665;0;01/01/24;6
Moema;Shopping Ibirapuera;-23,61;-46,665;0;01/01/24;7
Moema;Shopping Ibirapuera;-23,61;-46,665;0;01/01/24;8
Moema;Shopping Ibirapuera;-23,61;-46,665;0;01/01/24;9
Moema;Shopping Ibirapuera;-23,61;-46,665;0;01/01/24;9
Moema;Shopping Ibirapuera;-23,61;-46,665;0;02/01/24;1
Moema;Shopping Ibirapuera;-23,61;-46,665;0;02/01/24;1
Moema;Shopping Ibirapuera;-23,61;-46,665;0;02/01/24;2
Moema;Shopping Ibirapuera;-23,61;-46,665;0;02/01/24;5
Moema;Shopping Ibirapuera;-23,61;-46,665;0;02/01/24;5
Moema;Shopping Ibirapuera;-23,61;-46,665;0;02/01/24;7
Moema;Shopping Ibirapuera;-23,61;-46,665;0;02/01/24;7
Moema;Shopping Ibirapuera;-23,61;-46,665;0;02/01/24;7
Moema;Shopping Ibirapuera;-23,61;-46,665;0;02/01/24;7
Moema;Shopping Ibirapuera;-23,61;-46,665;0;02/01/24;8
Moema;Shopping Ibirapuera;-23,61;-46,665;0;02/01/24;8
Moema;Shopping Ibirapuera;-23,61;-46,665;0;02/01/24;8
Moema;Shopping Ibirapuera;-23,61;-46,665;0;02/01/24;8
Moema;Shopping Ibirapuera;-23,61;-46,665;0;02/01/24;9
Moema;Shopping Ibirapuera;-23,61;-46,665;0;02/01/24;9
Moema;Shopping Ibirapuera;-23,61;-46,665;0;02/01/24;9
Moema;Shopping Ibirapuera;-23,61;-46,665;0;02/01/24;10
Moema;Shopping Ibirapuera;-23,61;-46,665;0;03/01/24;1
Moema;Shopping Ibirapuera;-23,61;-46,665;0;03/01/24;1
Moema;Shopping Ibirapuera;-23,61;-46,665;0;03/01/24;2
Moema;Shopping Ibirapuera;-23,61;-46,665;0;03/01/24;2
Moema;Shopping Ibirapuera;-23,61;-46,665;0;03/01/24;6
Moema;Shopping Ibirapuera;-23,61;-46,665;0;03/01/24;8
Moema;Shopping Ibirapuera;-23,61;-46,665;0;03/01/24;10
Moema;Shopping Ibirapuera;-23,61;-46,665;0;03/01/24;10
Moema;Shopping Ibirapuera;-23,61;-46,665;0;03/01/24;10
Moema;Shopping Ibirapuera;-23,61;-46,665;0;03/01/24;10
Moema;Shopping Ibirapuera;-23,61;-46,665;0;04/01/24;1
Moema;Shopping Ibirapuera;-23,61;-46,665;0;04/01/24;1
Moema;Shopping Ibirapuera;-23,61;-46,665;0;04/01/24;2
Moema;Shopping Ibirapuera;-23,61;-46,665;0;04/01/24;2
Moema;Shopping Ibirapuera;-23,61;-46,665;0;04/01/24;2
Moema;Shopping Ibirapuera;-23,61;-46,665;0;04/01/24;3
Moema;Shopping Ibirapuera;-23,61;-46,665;0;04/01/24;5
Moema;Shopping Ibirapuera;-23,61;-46,665;0;04/01/24;5
Moema;Shopping Ibirapuera;-23,61;-46,665;0;04/01/24;5
Moema;Shopping Ibirapuera;-23,61;-46,665;0;04/01/24;5
Moema;Shopping Ibirapuera;-23,61;-46,665;0;04/01/24;6
Moema;Shopping Ibirapuera;-23,61;-46,665;0;04/01/24;6
Moema;Shopping Ibirapuera;-23,61;-46,665;0;04/01/24;7
Moema;Shopping Ibirapuera;-23,61;-46,665;0;04/01/24;8
Moema;Shopping Ibirapuera;-23,61;-46,665;0;04/01/24;10
Moema;Shopping Ibirapuera;-23,61;-46,665;0;04/01/24;10
Moema;Shopping Ibirapuera;-23,61;-46,665;0;04/01/24;10
Moema;Shopping Ibirapuera;-23,61;-46,665;0;05/01/24;1
Moema;Shopping Ibirapuera;-23,61;-46,665;0;05/01/24;2
Moema;Shopping Ibirapuera;-23,61;-46,665;0;05/01/24;3
Moema;Shopping Ibirapuera;-23,61;-46,665;0;05/01/24;3
Moema;Shopping Ibirapuera;-23,61;-46,665;0;05/01/24;3
Moema;Shopping Ibirapuera;-23,61;-46,665;0;05/01/24;4
Moema;Shopping Ibirapuera;-23,61;-46,665;0;05/01/24;5
Moema;Shopping Ibirapuera;-23,61;-46,665;0;05/01/24;5
Moema;Shopping Ibirapuera;-23,61;-46,665;0;05/01/24;5
Moema;Shopping Ibirapuera;-23,61;-46,665;0;05/01/24;6
Moema;Shopping Ibirapuera;-23,61;-46,665;0;05/01/24;6
Moema;Shopping Ibirapuera;-23,61;-46,665;0;05/01/24;7
Moema;Shopping Ibirapuera;-23,61;-46,665;0;05/01/24;7
Moema;Shopping Ibirapuera;-23,61;-46,665;0;05/01/24;8
Moema;Shopping Ibirapuera;-23,61;-46,665;0;05/01/24;8
Moema;Shopping Ibirapuera;-23,61;-46,665;0;05/01/24;8
Moema;Shopping Ibirapuera;-23,61;-46,665;0;05/01/24;9
Moema;Shopping Ibirapuera;-23,61;-46,665;0;05/01/24;10
Moema;Shopping Ibirapuera;-23,61;-46,665;0;05/01/24;10
Moema;Shopping Ibirapuera;-23,61;-46,665;0;06/01/24;2
Moema;Shopping Ibirapuera;-23,61;-46,665;0;06/01/24;3
Moema;Shopping Ibirapuera;-23,61;-46,665;0;06/01/24;3
Moema;Shopping Ibirapuera;-23,61;-46,665;0;06/01/24;3
Moema;Shopping Ibirapuera;-23,61;-46,665;0;06/01/24;3
Moema;Shopping Ibirapuera;-23,61;-46,665;0;06/01/24;3
Moema;Shopping Ibirapuera;-23,61;-46,665;0;06/01/24;4
Moema;Shopping Ibirapuera;-23,61;-46,665;0;06/01/24;4
Moema;Shopping Ibirapuera;-23,61;-46,665;0;06/01/24;4
Moema;Shopping Ibirapuera;-23,61;-46,665;0;06/01/24;4
Moema;Shopping Ibirapuera;-23,61;-46,665;0;06/01/24;5
Moema;Shopping Ibirapuera;-23,61;-46,665;0;06/01/24;5
Moema;Shopping Ibirapuera;-23,61;-46,665;0;06/01/24;6
Moema;Shopping Ibirapuera;-23,61;-46,665;0;06/01/24;6
Moema;Shopping Ibirapuera;-23,61;-46,665;0;06/01/24;7
Moema;Shopping Ibirapuera;-23,61;-46,665;0;06/01/24;8
Moema;Shopping Ibirapuera;-23,61;-46,665;0;06/01/24;8
Moema;Shopping Ibirapuera;-23,61;-46,665;0;06/01/24;9
Moema;Shopping Ibirapuera;-23,61;-46,665;0;06/01/24;9
Moema;Shopping Ibirapuera;-23,61;-46,665;0;06/01/24;10
Moema;Shopping Ibirapuera;-23,61;-46,665;0;07/01/24;1
Moema;Shopping Ibirapuera;-23,61;-46,665;0;07/01/24;1
Moema;Shopping Ibirapuera;-23,61;-46,665;0;07/01/24;1
Moema;Shopping Ibirapuera;-23,61;-46,665;0;07/01/24;2
Moema;Shopping Ibirapuera;-23,61;-46,665;0;07/01/24;4
Moema;Shopping Ibirapuera;-23,61;-46,665;0;07/01/24;5
Moema;Shopping Ibirapuera;-23,61;-46,665;0;07/01/24;6
Moema;Shopping Ibirapuera;-23,61;-46,665;0;07/01/24;8
Moema;Shopping Ibirapuera;-23,61;-46,665;0;07/01/24;10
Moema;Shopping Ibirapuera;-23,61;-46,665;0;07/01/24;10
Moema;Shopping Ibirapuera;-23,61;-46,665;0;08/01/24;1
Moema;Shopping Ibirapuera;-23,61;-46,665;0;08/01/24;2
Moema;Shopping Ibirapuera;-23,61;-46,665;0;08/01/24;3
Moema;Shopping Ibirapuera;-23,61;-46,665;0;08/01/24;3
Moema;Shopping Ibirapuera;-23,61;-46,665;0;08/01/24;5
Moema;Shopping Ibirapuera;-23,61;-46,665;0;08/01/24;5
Moema;Shopping Ibirapuera;-23,61;-46,665;0;08/01/24;6
Moema;Shopping Ibirapuera;-23,61;-46,665;0;08/01/24;6
Moema;Shopping Ibirapuera;-23,61;-46,665;0;08/01/24;6
Moema;Shopping Ibirapuera;-23,61;-46,665;0;08/01/24;6
Moema;Shopping Ibirapuera;-23,61;-46,665;0;08/01/24;7
Moema;Shopping Ibirapuera;-23,61;-46,665;0;08/01/24;7
Moema;Shopping Ibirapuera;-23,61;-46,665;0;08/01/24;8
Moema;Shopping Ibirapuera;-23,61;-46,665;0;08/01/24;8
Moema;Shopping Ibirapuera;-23,61;-46,665;0;08/01/24;9
Moema;Shopping Ibirapuera;-23,61;-46,665;0;08/01/24;9
Mooca;Cantina Mooca;-23,56;-46,6;60;01/01/24;1
Mooca;Cantina Mooca;-23,56;-46,6;60;01/01/24;1
Mooca;Cantina Mooca;-23,56;-46,6;60;01/01/24;1
Mooca;Cantina Mooca;-23,56;-46,6;60;01/01/24;2
Mooca;Cantina Mooca;-23,56;-46,6;60;01/01/24;2
Mooca;Cantina Mooca;-23,56;-46,6;60;01/01/24;3
Mooca;Cantina Mooca;-23,56;-46,6;60;01/01/24;4
Mooca;Cantina Mooca;-23,56;-46,6;60;01/01/24;5
Mooca;Cantina Mooca;-23,56;-46,6;60;01/01/24;5
Mooca;Cantina Mooca;-23,56;-46,6;60;01/01/24;7
Mooca;Cantina Mooca;-23,56;-46,6;60;01/01/24;10
Mooca;Cantina Mooca;-23,56;-46,6;60;01/01/24;10
Mooca;Cantina Mooca;-23,56;-46,6;60;02/01/24;1
Mooca;Cantina Mooca;-23,56;-46,6;60;02/01/24;1
Mooca;Cantina Mooca;-23,56;-46,6;60;02/01/24;2
Mooca;Cantina Mooca;-23,56;-46,6;60;02/01/24;2
Mooca;Cantina Mooca;-23,56;-46,6;60;02/01/24;4
Mooca;Cantina Mooca;-23,56;-46,6;60;02/01/24;5
Mooca;Cantina Mooca;-23,56;-46,6;60;02/01/24;6
Mooca;Cantina Mooca;-23,56;-46,6;60;02/01/24;6
Mooca;Cantina Mooca;-23,56;-46,6;60;02/01/24;6
Mooca;Cantina Mooca;-23,56;-46,6;60;02/01/24;7
Mooca;Cantina Mooca;-23,56;-46,6;60;02/01/24;7
Mooca;Cantina Mooca;-23,56;-46,6;60;02/01/24;9
Mooca;Cantina Mooca;-23,56;-46,6;60;02/01/24;10
Mooca;Cantina Mooca;-23,56;-46,6;60;03/01/24;1
Mooca;Cantina Mooca;-23,56;-46,6;60;03/01/24;1
Mooca;Cantina Mooca;-23,56;-46,6;60;03/01/24;1
Mooca;Cantina Mooca;-23,56;-46,6;60;03/01/24;3
Mooca;Cantina Mooca;-23,56;-46,6;60;03/01/24;3
Mooca;Cantina Mooca;-23,56;-46,6;60;03/01/24;4
Mooca;Cantina Mooca;-23,56;-46,6;60;03/01/24;4
Mooca;Cantina Mooca;-23,56;-46,6;60;03/01/24;4
Mooca;Cantina Mooca;-23,56;-46,6;60;03/01/24;4
Mooca;Cantina Mooca;-23,56;-46,6;60;03/01/24;5
Mooca;Cantina Mooca;-23,56;-46,6;60;03/01/24;6
Mooca;Cantina Mooca;-23,56;-46,6;60;03/01/24;7
Mooca;Cantina Mooca;-23,56;-46,6;60;03/01/24;7
Mooca;Cantina Mooca;-23,56;-46,6;60;03/01/24;7
Mooca;Cantina Mooca;-23,56;-46,6;60;03/01/24;8
Mooca;Cantina Mooca;-23,56;-46,6;60;03/01/24;8
Mooca;Cantina Mooca;-23,56;-46,6;60;03/01/24;9
Mooca;Cantina Mooca;-23,56;-46,6;60;03/01/24;9
Mooca;Cantina Mooca;-23,56;-46,6;60;03/01/24;9
Mooca;Cantina Mooca;-23,56;-46,6;60;03/01/24;9
Mooca;Cantina Mooca;-23,56;-46,6;60;03/01/24;10
Mooca;Cantina Mooca;-23,56;-46,6;60;03/01/24;10
Mooca;Cantina Mooca;-23,56;-46,6;60;04/01/24;1
Mooca;Cantina Mooca;-23,56;-46,6;60;04/01/24;2
Mooca;Cantina Mooca;-23,56;-46,6;60;04/01/24;6
Mooca;Cantina Mooca;-23,56;-46,6;60;04/01/24;7
Mooca;Cantina Mooca;-23,56;-46,6;60;04/01/24;7
Mooca;Cantina Mooca;-23,56;-46,6;60;04/01/24;7
Mooca;Cantina Mooca;-23,56;-46,6;60;04/01/24;7
Mooca;Cantina Mooca;-23,56;-46,6;60;04/01/24;8
Mooca;Cantina Mooca;-23,56;-46,6;60;04/01/24;9
Mooca;Cantina Mooca;-23,56;-46,6;60;04/01/24;10
Mooca;Cantina Mooca;-23,56;-46,6;60;05/01/24;1
Mooca;Cantina Mooca;-23,56;-46,6;60;05/01/24;3
Mooca;Cantina Mooca;-23,56;-46,6;60;05/01/24;3
Mooca;Cantina Mooca;-23,56;-46,6;60;05/01/24;3
Mooca;Cantina Mooca;-23,56;-46,6;60;05/01/24;4
Mooca;Cantina Mooca;-23,56;-46,6;60;05/01/24;5
Mooca;Cantina Mooca;-23,56;-46,6;60;05/01/24;6
Mooca;Cantina Mooca;-23,56;-46,6;60;05/01/24;6
Mooca;Cantina Mooca;-23,56;-46,6;60;05/01/24;7
Mooca;Cantina Mooca;-23,56;-46,6;60;05/01/24;7
Mooca;Cantina Mooca;-23,56;-46,6;60;05/01/24;7
Mooca;Cantina Mooca;-23,56;-46,6;60;05/01/24;8
Mooca;Cantina Mooca;-23,56;-46,6;60;05/01/24;8
Mooca;Cantina Mooca;-23,56;-46,6;60;05/01/24;8
Mooca;Cantina Mooca;-23,56;-46,6;60;05/01/24;9
Mooca;Cantina Mooca;-23,56;-46,6;60;06/01/24;1
Mooca;Cantina Mooca;-23,56;-46,6;60;06/01/24;1
Mooca;Cantina Mooca;-23,56;-46,6;60;06/01/24;2
Mooca;Cantina Mooca;-23,56;-46,6;60;06/01/24;2
Mooca;Cantina Mooca;-23,56;-46,6;60;06/01/24;2
Mooca;Cantina Mooca;-23,56;-46,6;60;06/01/24;3
Mooca;Cantina Mooca;-23,56;-46,6;60;06/01/24;3
Mooca;Cantina Mooca;-23,56;-46,6;60;06/01/24;4
Mooca;Cantina Mooca;-23,56;-46,6;60;06/01/24;4
Mooca;Cantina Mooca;-23,56;-46,6;60;06/01/24;6
Mooca;Cantina Mooca;-23,56;-46,6;60;06/01/24;7
Mooca;Cantina Mooca;-23,56;-46,6;60;06/01/24;9
Mooca;Cantina Mooca;-23,56;-46,6;60;06/01/24;9
Mooca;Cantina Mooca;-23,56;-46,6;60;06/01/24;10
Mooca;Cantina Mooca;-23,56;-46,6;60;06/01/24;10
Mooca;Cantina Mooca;-23,56;-46,6;60;07/01/24;1
Mooca;Cantina Mooca;-23,56;-46,6;60;07/01/24;2
Mooca;Cantina Mooca;-23,56;-46,6;60;07/01/24;3
Mooca;Cantina Mooca;-23,56;-46,6;60;07/01/24;3
Mooca;Cantina Mooca;-23,56;-46,6;60;07/01/24;4
Mooca;Cantina Mooca;-23,56;-46,6;60;07/01/24;5
Mooca;Cantina Mooca;-23,56;-46,6;60;07/01/24;6
Mooca;Cantina Mooca;-23,56;-46,6;60;07/01/24;7
Mooca;Cantina Mooca;-23,56;-46,6;60;07/01/24;7
Mooca;Cantina Mooca;-23,56;-46,6;60;07/01/24;8
Mooca;Cantina Mooca;-23,56;-46,6;60;07/01/24;9
Mooca;Cantina Mooca;-23,56;-46,6;60;07/01/24;10
Mooca;Cantina Mooca;-23,56;-46,6;60;07/01/24;10
Mooca;Cantina Mooca;-23,56;-46,6;60;08/01/24;2
Mooca;Cantina Mooca;-23,56;-46,6;60;08/01/24;2
Mooca;Cantina Mooca;-23,56;-46,6;60;08/01/24;3
Mooca;Cantina Mooca;-23,56;-46,6;60;08/01/24;3
Mooca;Cantina Mooca;-23,56;-46,6;60;08/01/24;4
Mooca;Cantina Mooca;-23,56;-46,6;60;08/01/24;5
Mooca;Cantina Mooca;-23,56;-46,6;60;08/01/24;5
Mooca;Cantina Mooca;-23,56;-46,6;60;08/01/24;5
Mooca;Cantina Mooca;-23,56;-46,6;60;08/01/24;5
Mooca;Cantina Mooca;-23,56;-46,6;60;08/01/24;6
Mooca;Cantina Mooca;-23,56;-46,6;60;08/01/24;7
Mooca;Cantina Mooca;-23,56;-46,6;60;08/01/24;7
Mooca;Cantina Mooca;-23,56;-46,6;60;08/01/24;8
Mooca;Cantina Mooca;-23,56;-46,6;60;08/01/24;8
Mooca;Cantina Mooca;-23,56;-46,6;60;08/01/24;9
Mooca;Cantina Mooca;-23,56;-46,6;60;08/01/24;9
Mooca;Cantina Mooca;-23,56;-46,6;60;08/01/24;9
Mooca;Cantina Mooca;-23,56;-46,6;60;08/01/24;10
Morumbi;Shopping Morumbi;-23,623;-46,699;0;01/01/24;2
Morumbi;Shopping Morumbi;-23,623;-46,699;0;01/01/24;5
Morumbi;Shopping Morumbi;-23,623;-46,699;0;01/01/24;7
Morumbi;Shopping Morumbi;-23,623;-46,699;0;01/01/24;8
Morumbi;Shopping Morumbi;-23,623;-46,699;0;02/01/24;1
Morumbi;Shopping Morumbi;-23,623;-46,699;0;02/01/24;2
Morumbi;Shopping Morumbi;-23,623;-46,699;0;02/01/24;5
Morumbi;Shopping Morumbi;-23,623;-46,699;0;02/01/24;5
Morumbi;Shopping Morumbi;-23,623;-46,699;0;02/01/24;6
Morumbi;Shopping Morumbi;-23,623;-46,699;0;02/01/24;7
Morumbi;Shopping Morumbi;-23,623;-46,699;0;02/01/24;7
Morumbi;Shopping Morumbi;-23,623;-46,699;0;02/01/24;8
Morumbi;Shopping Morumbi;-23,623;-46,699;0;02/01/24;9
Morumbi;Shopping Morumbi;-23,623;-46,699;0;03/01/24;3
Morumbi;Shopping Morumbi;-23,623;-46,699;0;03/01/24;3
Morumbi;Shopping Morumbi;-23,623;-46,699;0;03/01/24;3
Morumbi;Shopping Morumbi;-23,623;-46,699;0;03/01/24;4
Morumbi;Shopping Morumbi;-23,623;-46,699;0;03/01/24;5
Morumbi;Shopping Morumbi;-23,623;-46,699;0;03/01/24;6
Morumbi;Shopping Morumbi;-23,623;-46,699;0;03/01/24;7
Morumbi;Shopping Morumbi;-23,623;-46,699;0;03/01/24;9
Morumbi;Shopping Morumbi;-23,623;-46,699;0;03/01/24;10
Morumbi;Shopping Morumbi;-23,623;-46,699;0;03/01/24;10
Morumbi;Shopping Morumbi;-23,623;-46,699;0;04/01/24;2
Morumbi;Shopping Morumbi;-23,623;-46,699;0;04/01/24;3
Morumbi;Shopping Morumbi;-23,623;-46,699;0;04/01/24;5
Morumbi;Shopping Morumbi;-23,623;-46,699;0;04/01/24;6
Morumbi;Shopping Morumbi;-23,623;-46,699;0;04/01/24;7
Morumbi;Shopping Morumbi;-23,623;-46,699;0;04/01/24;7
Morumbi;Shopping Morumbi;-23,623;-46,699;0;04/01/24;8
Morumbi;Shopping Morumbi;-23,623;-46,699;0;04/01/24;8
Morumbi;Shopping Morumbi;-23,623;-46,699;0;04/01/24;9
Morumbi;Shopping Morumbi;-23,623;-46,699;0;04/01/24;9
Morumbi;Shopping Morumbi;-23,623;-46,699;0;04/01/24;9
Morumbi;Shopping Morumbi;-23,623;-46,699;0;04/01/24;10
Morumbi;Shopping Morumbi;-23,623;-46,699;0;04/01/24;10
Morumbi;Shopping Morumbi;-23,623;-46,699;0;05/01/24;1
Morumbi;Shopping Morumbi;-23,623;-46,699;0;05/01/24;2
Morumbi;Shopping Morumbi;-23,623;-46,699;0;05/01/24;2
Morumbi;Shopping Morumbi;-23,623;-46,699;0;05/01/24;3
Morumbi;Shopping Morumbi;-23,623;-46,699;0;05/01/24;3
Morumbi;Shopping Morumbi;-23,623;-46,699;0;05/01/24;5
Morumbi;Shopping Morumbi;-23,623;-46,699;0;05/01/24;7
Morumbi;Shopping Morumbi;-23,623;-46,699;0;05/01/24;7
Morumbi;Shopping Morumbi;-23,623;-46,699;0;05/01/24;8
Morumbi;Shopping Morumbi;-23,623;-46,699;0;05/01/24;9
Morumbi;Shopping Morumbi;-23,623;-46,699;0;05/01/24;9
Morumbi;Shopping Morumbi;-23,623;-46,699;0;06/01/24;1
Morumbi;Shopping Morumbi;-23,623;-46,699;0;06/01/24;1
Morumbi;Shopping Morumbi;-23,623;-46,699;0;06/01/24;1
Morumbi;Shopping Morumbi;-23,623;-46,699;0;06/01/24;1
Morumbi;Shopping Morumbi;-23,623;-46,699;0;06/01/24;1
Morumbi;Shopping Morumbi;-23,623;-46,699;0;06/01/24;2
Morumbi;Shopping Morumbi;-23,623;-46,699;0;06/01/24;2
Morumbi;Shopping Morumbi;-23,623;-46,699;0;06/01/24;2
Morumbi;Shopping Morumbi;-23,623;-46,699;0;06/01/24;3
Morumbi;Shopping Morumbi;-23,623;-46,699;0;06/01/24;4
Morumbi;Shopping Morumbi;-23,623;-46,699;0;06/01/24;5
Morumbi;Shopping Morumbi;-23,623;-46,699;0;06/01/24;6
Morumbi;Shopping Morumbi;-23,623;-46,699;0;06/01/24;6
Morumbi;Shopping Morumbi;-23,623;-46,699;0;06/01/24;7
Morumbi;Shopping Morumbi;-23,623;-46,699;0;06/01/24;7
Morumbi;Shopping Morumbi;-23,623;-46,699;0;06/01/24;8
Morumbi;Shopping Morumbi;-23,623;-46,699;0;06/01/24;8
Morumbi;Shopping Morumbi;-23,623;-46,699;0;06/01/24;9
Morumbi;Shopping Morumbi;-23,623;-46,699;0;06/01/24;9
Morumbi;Shopping Morumbi;-23,623;-46,699;0;06/01/24;9
Morumbi;Shopping Morumbi;-23,623;-46,699;0;06/01/24;10
Morumbi;Shopping Morumbi;-23,623;-46,699;0;06/01/24;10
Morumbi;Shopping Morumbi;-23,623;-46,699;0;07/01/24;1
Morumbi;Shopping Morumbi;-23,623;-46,699;0;07/01/24;1
Morumbi;Shopping Morumbi;-23,623;-46,699;0;07/01/24;1
Morumbi;Shopping Morumbi;-23,623;-46,699;0;07/01/24;1
Morumbi;Shopping Morumbi;-23,623;-46,699;0;07/01/24;2
Morumbi;Shopping Morumbi;-23,623;-46,699;0;07/01/24;2
Morumbi;Shopping Morumbi;-23,623;-46,699;0;07/01/24;4
Morumbi;Shopping Morumbi;-23,623;-46,699;0;07/01/24;4
Morumbi;Shopping Morumbi;-23,623;-46,699;0;07/01/24;5
Morumbi;Shopping Morumbi;-23,623;-46,699;0;07/01/24;6
Morumbi;Shopping Morumbi;-23,623;-46,699;0;07/01/24;6
Morumbi;Shopping Morumbi;-23,623;-46,699;0;07/01/24;8
Morumbi;Shopping Morumbi;-23,623;-46,699;0;07/01/24;8
Morumbi;Shopping Morumbi;-23,623;-46,699;0;07/01/24;8
Morumbi;Shopping Morumbi;-23,623;-46,699;0;07/01/24;9
Morumbi;Shopping Morumbi;-23,623;-46,699;0;07/01/24;9
Morumbi;Shopping Morumbi;-23,623;-46,699;0;07/01/24;10
Morumbi;Shopping Morumbi;-23,623;-46,699;0;08/01/24;1
Morumbi;Shopping Morumbi;-23,623;-46,699;0;08/01/24;2
Morumbi;Shopping Morumbi;-23,623;-46,699;0;08/01/24;3
Morumbi;Shopping Morumbi;-23,623;-46,699;0;08/01/24;3
Morumbi;Shopping Morumbi;-23,623;-46,699;0;08/01/24;4
Morumbi;Shopping Morumbi;-23,623;-46,699;0;08/01/24;8
Morumbi;Shopping Morumbi;-23,623;-46,699;0;08/01/24;8
Morumbi;Shopping Morumbi;-23,623;-46,699;0;08/01/24;10
Morumbi;Shopping Morumbi;-23,623;-46,699;0;08/01/24;10
Morumbi;Shopping Morumbi;-23,623;-46,699;0;08/01/24;10
Morumbi;Shopping Morumbi;-23,623;-46,699;0;08/01/24;10
Perdizes;Arena Allianz Parque;-23,527;-46,678;70;01/01/24;2
Perdizes;Arena Allianz Parque;-23,527;-46,678;70;01/01/24;3
Perdizes;Arena Allianz Parque;-23,527;-46,678;70;01/01/24;4
Perdizes;Arena Allianz Parque;-23,527;-46,678;70;01/01/24;4
Perdizes;Arena Allianz Parque;-23,527;-46,678;70;01/01/24;4
Perdizes;Arena Allianz Parque;-23,527;-46,678;70;01/01/24;4
Perdizes;Arena Allianz Parque;-23,527;-46,678;70;01/01/24;6
Perdizes;Arena Allianz Parque;-23,527;-46,678;70;01/01/24;9
Perdizes;Arena Allianz Parque;-23,527;-46,678;70;01/01/24;9
Perdizes;Arena Allianz Parque;-23,527;-46,678;70;01/01/24;9
Perdizes;Arena Allianz Parque;-23,527;-46,678;70;01/01/24;10
Perdizes;Arena Allianz Parque;-23,527;-46,678;70;01/01/24;10
Perdizes;Arena Allianz Parque;-23,527;-46,678;150;01/01/24;1
Perdizes;Arena Allianz Parque;-23,527;-46,678;150;01/01/24;2
Perdizes;Arena Allianz Parque;-23,527;-46,678;150;01/01/24;3
Perdizes;Arena Allianz Parque;-23,527;-46,678;150;01/01/24;3
Perdizes;Arena Allianz Parque;-23,527;-46,678;150;01/01/24;4
Perdizes;Arena Allianz Parque;-23,527;-46,678;150;01/01/24;5
Perdizes;Arena Allianz Parque;-23,527;-46,678;150;01/01/24;5
Perdizes;Arena Allianz Parque;-23,527;-46,678;150;01/01/24;6
Perdizes;Arena Allianz Parque;-23,527;-46,678;150;01/01/24;6
Perdizes;Arena Allianz Parque;-23,527;-46,678;150;01/01/24;7
Perdizes;Arena Allianz Parque;-23,527;-46,678;150;01/01/24;7
Perdizes;Arena Allianz Parque;-23,527;-46,678;150;01/01/24;9
Perdizes;Arena Allianz Parque;-23,527;-46,678;150;01/01/24;9
Perdizes;Arena Allianz Parque;-23,527;-46,678;150;01/01/24;10
Perdizes;Arena Allianz Parque;-23,527;-46,678;70;02/01/24;1
Perdizes;Arena Allianz Parque;-23,527;-46,678;70;02/01/24;1
Perdizes;Arena Allianz Parque;-23,527;-46,678;70;02/01/24;2
Perdizes;Arena Allianz Parque;-23,527;-46,678;70;02/01/24;5
Perdizes;Arena Allianz Parque;-23,527;-46,678;70;02/01/24;6
Perdizes;Arena Allianz Parque;-23,527;-46,678;70;02/01/24;7
Perdizes;Arena Allianz Parque;-23,527;-46,678;70;02/01/24;7
Perdizes;Arena Allianz Parque;-23,527;-46,678;70;02/01/24;8
Perdizes;Arena Allianz Parque;-23,527;-46,678;70;02/01/24;9
Perdizes;Arena Allianz Parque;-23,527;-46,678;70;02/01/24;10
Perdizes;Arena Allianz Parque;-23,527;-46,678;150;02/01/24;1
Perdizes;Arena Allianz Parque;-23,527;-46,678;150;02/01/24;4
Perdizes;Arena Allianz Parque;-23,527;-46,678;150;02/01/24;5
Perdizes;Arena Allianz Parque;-23,527;-46,678;150;02/01/24;7
Perdizes;Arena Allianz Parque;-23,527;-46,678;150;02/01/24;9
Perdizes;Arena Allianz Parque;-23,527;-46,678;150;02/01/24;10
Perdizes;Arena Allianz Parque;-23,527;-46,678;70;03/01/24;1
Perdizes;Arena Allianz Parque;-23,527;-46,678;70;03/01/24;1
Perdizes;Arena Allianz Parque;-23,527;-46,678;70;03/01/24;2
Perdizes;Arena Allianz Parque;-23,527;-46,678;70;03/01/24;2
Perdizes;Arena Allianz Parque;-23,527;-46,678;70;03/01/24;3
Perdizes;Arena Allianz Parque;-23,527;-46,678;70;03/01/24;5
Perdizes;Arena Allianz Parque;-23,527;-46,678;70;03/01/24;5
Perdizes;Arena Allianz Parque;-23,527;-46,678;70;03/01/24;6
Perdizes;Arena Allianz Parque;-23,527;-46,678;70;03/01/24;7
Perdizes;Arena Allianz Parque;-23,527;-46,678;70;03/01/24;8
Perdizes;Arena Allianz Parque;-23,527;-46,678;70;03/01/24;9
Perdizes;Arena Allianz Parque;-23,527;-46,678;70;03/01/24;9
Perdizes;Arena Allianz Parque;-23,527;-46,678;150;03/01/24;1
Perdizes;Arena Allianz Parque;-23,527;-46,678;150;03/01/24;3
Perdizes;Arena Allianz Parque;-23,527;-46,678;150;03/01/24;5
Perdizes;Arena Allianz Parque;-23,527;-46,678;150;03/01/24;5
Perdizes;Arena Allianz Parque;-23,527;-46,678;150;03/01/24;5
Perdizes;Arena Allianz Parque;-23,527;-46,678;150;03/01/24;5
Perdizes;Arena Allianz Parque;-23,527;-46,678;150;03/01/24;5
Perdizes;Arena Allianz Parque;-23,527;-46,678;150;03/01/24;7
Perdizes;Arena Allianz Parque;-23,527;-46,678;150;03/01/24;8
Perdizes;Arena Allianz Parque;-23,527;-46,678;150;03/01/24;8
Perdizes;Arena Allianz Parque;-23,527;-46,678;150;03/01/24;9
Perdizes;Arena Allianz Parque;-23,527;-46,678;150;03/01/24;9
Perdizes;Arena Allianz Parque;-23,527;-46,678;150;03/01/24;10
Perdizes;Arena Allianz Parque;-23,527;-46,678;150;03/01/24;10
Perdizes;Arena Allianz Parque;-23,527;-46,678;70;04/01/24;1
Perdizes;Arena Allianz Parque;-23,527;-46,678;70;04/01/24;1
Perdizes;Arena Allianz Parque;-23,527;-46,678;70;04/01/24;1
Perdizes;Arena Allianz Parque;-23,527;-46,678;70;04/01/24;1
Perdizes;Arena Allianz Parque;-23,527;-46,678;70;04/01/24;1
Perdizes;Arena Allianz Parque;-23,527;-46,678;70;04/01/24;2
Perdizes;Arena Allianz Parque;-23,527;-46,678;70;04/01/24;2
Perdizes;Arena Allianz Parque;-23,527;-46,678;70;04/01/24;3
Perdizes;Arena Allianz Parque;-23,527;-46,678;70;04/01/24;4
Perdizes;Arena Allianz Parque;-23,527;-46,678;70;04/01/24;4
Perdizes;Arena Allianz Parque;-23,527;-46,678;70;04/01/24;4
Perdizes;Arena Allianz Parque;-23,527;-46,678;70;04/01/24;4
Perdizes;Arena Allianz Parque;-23,527;-46,678;70;04/01/24;5
Perdizes;Arena Allianz Parque;-23,527;-46,678;70;04/01/24;6
Perdizes;Arena Allianz Parque;-23,527;-46,678;70;04/01/24;7
Perdizes;Arena Allianz Parque;-23,527;-46,678;70;04/01/24;7
Perdizes;Arena Allianz Parque;-23,527;-46,678;70;04/01/24;9
Perdizes;Arena Allianz Parque;-23,527;-46,678;70;04/01/24;9
Perdizes;Arena Allianz Parque;-23,527;-46,678;70;04/01/24;10
Perdizes;Arena Allianz Parque;-23,527;-46,678;70;04/01/24;10
Perdizes;Arena Allianz Parque;-23,527;-46,678;150;04/01/24;1
Perdizes;Arena Allianz Parque;-23,527;-46,678;150;04/01/24;1
Perdizes;Arena Allianz Parque;-23,527;-46,678;150;04/01/24;2
Perdizes;Arena Allianz Parque;-23,527;-46,678;150;04/01/24;3
Perdizes;Arena Allianz Parque;-23,527;-46,678;150;04/01/24;3
Perdizes;Arena Allianz Parque;-23,527;-46,678;150;04/01/24;4
Perdizes;Arena Allianz Parque;-23,527;-46,678;150;04/01/24;5
Perdizes;Arena Allianz Parque;-23,527;-46,678;150;04/01/24;6
Perdizes;Arena Allianz Parque;-23,527;-46,678;150;04/01/24;6
Perdizes;Arena Allianz Parque;-23,527;-46,678;150;04/01/24;6
Perdizes;Arena Allianz Parque;-23,527;-46,678;150;04/01/24;6
Perdizes;Arena Allianz Parque;-23,527;-46,678;150;04/01/24;8
Perdizes;Arena Allianz Parque;-23,527;-46,678;150;04/01/24;10
Perdizes;Arena Allianz Parque;-23,527;-46,678;150;04/01/24;10
Perdizes;Arena Allianz Parque;-23,527;-46,678;70;05/01/24;1
Perdizes;Arena Allianz Parque;-23,527;-46,678;70;05/01/24;1
Perdizes;Arena Allianz Parque;-23,527;-46,678;70;05/01/24;1
Perdizes;Arena Allianz Parque;-23,527;-46,678;70;05/01/24;2
Perdizes;Arena Allianz Parque;-23,527;-46,678;70;05/01/24;2
Perdizes;Arena Allianz Parque;-23,527;-46,678;70;05/01/24;2
Perdizes;Arena Allianz Parque;-23,527;-46,678;70;05/01/24;3
Perdizes;Arena Allianz Parque;-23,527;-46,678;70;05/01/24;4
Perdizes;Arena Allianz Parque;-23,527;-46,678;70;05/01/24;5
Perdizes;Arena Allianz Parque;-23,527;-46,678;70;05/01/24;5
Perdizes;Arena Allianz Parque;-23,527;-46,678;70;05/01/24;5
Perdizes;Arena Allianz Parque;-23,527;-46,678;70;05/01/24;6
Perdizes;Arena Allianz Parque;-23,527;-46,678;70;05/01/24;6
Perdizes;Arena Allianz Parque;-23,527;-46,678;70;05/01/24;7
Perdizes;Arena Allianz Parque;-23,527;-46,678;70;05/01/24;8
Perdizes;Arena Allianz Parque;-23,527;-46,678;70;05/01/24;8
Perdizes;Arena Allianz Parque;-23,527;-46,678;70;05/01/24;9
Perdizes;Arena Allianz Parque;-23,527;-46,678;70;05/01/24;10
Perdizes;Arena Allianz Parque;-23,527;-46,678;70;05/01/24;10
Perdizes;Arena Allianz Parque;-23,527;-46,678;70;05/01/24;10
Perdizes;Arena Allianz Parque;-23,527;-46,678;70;05/01/24;10
Perdizes;Arena Allianz Parque;-23,527;-46,678;70;05/01/24;10
Perdizes;Arena Allianz Parque;-23,527;-46,678;150;05/01/24;2
Perdizes;Arena Allianz Parque;-23,527;-46,678;150;05/01/24;3
Perdizes;Arena Allianz Parque;-23,527;-46,678;150;05/01/24;4
Perdizes;Arena Allianz Parque;-23,527;-46,678;150;05/01/24;4
Perdizes;Arena Allianz Parque;-23,527;-46,678;150;05/01/24;4
Perdizes;Arena Allianz Parque;-23,527;-46,678;150;05/01/24;4
Perdizes;Arena Allianz Parque;-23,527;-46,678;150;05/01/24;6
Perdizes;Arena Allianz Parque;-23,527;-46,678;150;05/01/24;9
Perdizes;Arena Allianz Parque;-23,527;-46,678;150;05/01/24;10
Perdizes;Arena Allianz Parque;-23,527;-46,678;70;06/01/24;1
Perdizes;Arena Allianz Parque;-23,527;-46,678;70;06/01/24;1
Perdizes;Arena Allianz Parque;-23,527;-46,678;70;06/01/24;2
Perdizes;Arena Allianz Parque;-23,527;-46,678;70;06/01/24;3
Perdizes;Arena Allianz Parque;-23,527;-46,678;70;06/01/24;6
Perdizes;Arena Allianz Parque;-23,527;-46,678;70;06/01/24;7
Perdizes;Arena Allianz Parque;-23,527;-46,678;70;06/01/24;8
Perdizes;Arena Allianz Parque;-23,527;-46,678;70;06/01/24;8
Perdizes;Arena Allianz Parque;-23,527;-46,678;70;06/01/24;9
Perdizes;Arena Allianz Parque;-23,527;-46,678;150;06/01/24;5
Perdizes;Arena Allianz Parque;-23,527;-46,678;150;06/01/24;5
Perdizes;Arena Allianz Parque;-23,527;-46,678;150;06/01/24;5
Perdizes;Arena Allianz Parque;-23,527;-46,678;150;06/01/24;6
Perdizes;Arena Allianz Parque;-23,527;-46,678;150;06/01/24;7
Perdizes;Arena Allianz Parque;-23,527;-46,678;150;06/01/24;7
Perdizes;Arena Allianz Parque;-23,527;-46,678;150;06/01/24;8
Perdizes;Arena Allianz Parque;-23,527;-46,678;70;07/01/24;3
Perdizes;Arena Allianz Parque;-23,527;-46,678;70;07/01/24;6
Perdizes;Arena Allianz Parque;-23,527;-46,678;70;07/01/24;7
Perdizes;Arena Allianz Parque;-23,527;-46,678;70;07/01/24;7
Perdizes;Arena Allianz Parque;-23,527;-46,678;70;07/01/24;8
Perdizes;Arena Allianz Parque;-23,527;-46,678;70;07/01/24;9
Perdizes;Arena Allianz Parque;-23,527;-46,678;70;07/01/24;9
Perdizes;Arena Allianz Parque;-23,527;-46,678;70;07/01/24;10
Perdizes;Arena Allianz Parque;-23,527;-46,678;150;07/01/24;1
Perdizes;Arena Allianz Parque;-23,527;-46,678;150;07/01/24;2
Perdizes;Arena Allianz Parque;-23,527;-46,678;150;07/01/24;5
Perdizes;Arena Allianz Parque;-23,527;-46,678;150;07/01/24;7
Perdizes;Arena Allianz Parque;-23,527;-46,678;150;07/01/24;8
Perdizes;Arena Allianz Parque;-23,527;-46,678;150;07/01/24;8
Perdizes;Arena Allianz Parque;-23,527;-46,678;150;07/01/24;8
Perdizes;Arena Allianz Parque;-23,527;-46,678;150;07/01/24;9
Perdizes;Arena Allianz Parque;-23,527;-46,678;150;07/01/24;9
Perdizes;Arena Allianz Parque;-23,527;-46,678;150;07/01/24;10
Perdizes;Arena Allianz Parque;-23,527;-46,678;70;08/01/24;1
Perdizes;Arena Allianz Parque;-23,527;-46,678;70;08/01/24;1
Perdizes;Arena Allianz Parque;-23,527;-46,678;70;08/01/24;1
Perdizes;Arena Allianz Parque;-23,527;-46,678;70;08/01/24;1
Perdizes;Arena Allianz Parque;-23,527;-46,678;70;08/01/24;2
Perdizes;Arena Allianz Parque;-23,527;-46,678;70;08/01/24;2
Perdizes;Arena Allianz Parque;-23,527;-46,678;70;08/01/24;6
Perdizes;Arena Allianz Parque;-23,527;-46,678;70;08/01/24;7
Perdizes;Arena Allianz Parque;-23,527;-46,678;70;08/01/24;7
Perdizes;Arena Allianz Parque;-23,527;-46,678;70;08/01/24;8
Perdizes;Arena Allianz Parque;-23,527;-46,678;70;08/01/24;9
Perdizes;Arena Allianz Parque;-23,527;-46,678;70;08/01/24;9
Perdizes;Arena Allianz Parque;-23,527;-46,678;70;08/01/24;9
Perdizes;Arena Allianz Parque;-23,527;-46,678;70;08/01/24;9
Perdizes;Arena Allianz Parque;-23,527;-46,678;150;08/01/24;2
Perdizes;Arena Allianz Parque;-23,527;-46,678;150;08/01/24;2
Perdizes;Arena Allianz Parque;-23,527;-46,678;150;08/01/24;3
Perdizes;Arena Allianz Parque;-23,527;-46,678;150;08/01/24;7
Perdizes;Arena Allianz Parque;-23,527;-46,678;150;08/01/24;9
Perdizes;Arena Allianz Parque;-23,527;-46,678;150;08/01/24;10
Perdizes;Arena Allianz Parque;-23,527;-46,678;120;01/02/24;1
Perdizes;Arena Allianz Parque;-23,527;-46,678;120;01/02/24;1
Perdizes;Arena Allianz Parque;-23,527;-46,678;120;01/02/24;1
Perdizes;Arena Allianz Parque;-23,527;-46,678;120;01/02/24;4
Perdizes;Arena Allianz Parque;-23,527;-46,678;120;01/02/24;4
Perdizes;Arena Allianz Parque;-23,527;-46,678;120;01/02/24;5
Perdizes;Arena Allianz Parque;-23,527;-46,678;120;01/02/24;5
Perdizes;Arena Allianz Parque;-23,527;-46,678;120;01/02/24;5
Perdizes;Arena Allianz Parque;-23,527;-46,678;120;02/02/24;1
Perdizes;Arena Allianz Parque;-23,527;-46,678;120;02/02/24;1
Perdizes;Arena Allianz Parque;-23,527;-46,678;120;02/02/24;2
Perdizes;Arena Allianz Parque;-23,527;-46,678;120;02/02/24;2
Perdizes;Arena Allianz Parque;-23,527;-46,678;120;02/02/24;2
Perdizes;Arena Allianz Parque;-23,527;-46,678;120;02/02/24;3
Perdizes;Arena Allianz Parque;-23,527;-46,678;120;02/02/24;3
Perdizes;Arena Allianz Parque;-23,527;-46,678;120;02/02/24;4
Perdizes;Arena Allianz Parque;-23,527;-46,678;120;02/02/24;5
Perdizes;Arena Allianz Parque;-23,527;-46,678;120;02/02/24;6
Perdizes;Arena Allianz Parque;-23,527;-46,678;120;02/02/24;6
Perdizes;Arena Allianz Parque;-23,527;-46,678;120;02/02/24;6
Perdizes;Arena Allianz Parque;-23,527;-46,678;120;02/02/24;8
Perdizes;Arena Allianz Parque;-23,527;-46,678;120;02/02/24;8
Perdizes;Arena Allianz Parque;-23,527;-46,678;120;02/02/24;9
Perdizes;Arena Allianz Parque;-23,527;-46,678;120;02/02/24;9
Perdizes;Arena Allianz Parque;-23,527;-46,678;120;02/02/24;10
Perdizes;Arena Allianz Parque;-23,527;-46,678;120;02/02/24;10
Perdizes;Arena Allianz Parque;-23,527;-46,678;120;03/02/24;1
Perdizes;Arena Allianz Parque;-23,527;-46,678;120;03/02/24;2
Perdizes;Arena Allianz Parque;-23,527;-46,678;120;03/02/24;2
Perdizes;Arena Allianz Parque;-23,527;-46,678;120;03/02/24;4
Perdizes;Arena Allianz Parque;-23,527;-46,678;120;03/02/24;4
Perdizes;Arena Allianz Parque;-23,527;-46,678;120;03/02/24;5
Perdizes;Arena Allianz Parque;-23,527;-46,678;120;03/02/24;5
Perdizes;Arena Allianz Parque;-23,527;-46,678;120;03/02/24;6
Perdizes;Arena Allianz Parque;-23,527;-46,678;120;03/02/24;6
Perdizes;Arena Allianz Parque;-23,527;-46,678;120;03/02/24;6
Perdizes;Arena Allianz Parque;-23,527;-46,678;120;03/02/24;7
Perdizes;Arena Allianz Parque;-23,527;-46,678;120;03/02/24;9
Perdizes;Arena Allianz Parque;-23,527;-46,678;120;03/02/24;9
Perdizes;Arena Allianz Parque;-23,527;-46,678;120;03/02/24;9
Perdizes;Arena Allianz Parque;-23,527;-46,678;120;03/02/24;10
Perdizes;Arena Allianz Parque;-23,527;-46,678;120;03/02/24;10
Perdizes;Arena Allianz Parque;-23,527;-46,678;120;04/02/24;1
Perdizes;Arena Allianz Parque;-23,527;-46,678;120;04/02/24;1
Perdizes;Arena Allianz Parque;-23,527;-46,678;120;04/02/24;2
Perdizes;Arena Allianz Parque;-23,527;-46,678;120;04/02/24;2
Perdizes;Arena Allianz Parque;-23,527;-46,678;120;04/02/24;4
Perdizes;Arena Allianz Parque;-23,527;-46,678;120;04/02/24;4
Perdizes;Arena Allianz Parque;-23,527;-46,678;120;04/02/24;4
Perdizes;Arena Allianz Parque;-23,527;-46,678;120;04/02/24;5
Perdizes;Arena Allianz Parque;-23,527;-46,678;120;04/02/24;6
Perdizes;Arena Allianz Parque;-23,527;-46,678;120;04/02/24;8
Perdizes;Arena Allianz Parque;-23,527;-46,678;120;04/02/24;8
Perdizes;Arena Allianz Parque;-23,527;-46,678;120;04/02/24;9
Perdizes;Arena Allianz Parque;-23,527;-46,678;120;04/02/24;9
Perdizes;Arena Allianz Parque;-23,527;-46,678;120;04/02/24;10
Perdizes;Arena Allianz Parque;-23,527;-46,678;120;04/02/24;10
Perdizes;Arena Allianz Parque;-23,527;-46,678;120;05/02/24;1
Perdizes;Arena Allianz Parque;-23,527;-46,678;120;05/02/24;4
Perdizes;Arena Allianz Parque;-23,527;-46,678;120;05/02/24;5
Perdizes;Arena Allianz Parque;-23,527;-46,678;120;05/02/24;6
Perdizes;Arena Allianz Parque;-23,527;-46,678;120;05/02/24;7
Perdizes;Arena Allianz Parque;-23,527;-46,678;120;05/02/24;8
Perdizes;Arena Allianz Parque;-23,527;-46,678;120;05/02/24;8
Perdizes;Arena Allianz Parque;-23,527;-46,678;120;05/02/24;8
Perdizes;Arena Allianz Parque;-23,527;-46,678;120;05/02/24;9
Perdizes;Arena Allianz Parque;-23,527;-46,678;120;05/02/24;10
Perdizes;Arena Allianz Parque;-23,527;-46,678;120;06/02/24;1
Perdizes;Arena Allianz Parque;-23,527;-46,678;120;06/02/24;2
Perdizes;Arena Allianz Parque;-23,527;-46,678;120;06/02/24;3
Perdizes;Arena Allianz Parque;-23,527;-46,678;120;06/02/24;5
Perdizes;Arena Allianz Parque;-23,527;-46,678;120;06/02/24;5
Perdizes;Arena Allianz Parque;-23,527;-46,678;120;06/02/24;6
Perdizes;Arena Allianz Parque;-23,527;-46,678;120;06/02/24;6
Perdizes;Arena Allianz Parque;-23,527;-46,678;120;06/02/24;7
Perdizes;Arena Allianz Parque;-23,527;-46,678;120;06/02/24;7
Perdizes;Arena Allianz Parque;-23,527;-46,678;120;06/02/24;8
Perdizes;Arena Allianz Parque;-23,527;-46,678;120;06/02/24;9
Perdizes;Arena Allianz Parque;-23,527;-46,678;120;06/02/24;9
Perdizes;Arena Allianz Parque;-23,527;-46,678;120;06/02/24;9
Perdizes;Arena Allianz Parque;-23,527;-46,678;120;06/02/24;9
Perdizes;Arena Allianz Parque;-23,527;-46,678;120;06/02/24;10
Perdizes;Arena Allianz Parque;-23,527;-46,678;120;06/02/24;10
Perdizes;Arena Allianz Parque;-23,527;-46,678;120;07/02/24;1
Perdizes;Arena Allianz Parque;-23,527;-46,678;120;07/02/24;1
Perdizes;Arena Allianz Parque;-23,527;-46,678;120;07/02/24;1
Perdizes;Arena Allianz Parque;-23,527;-46,678;120;07/02/24;1
Perdizes;Arena Allianz Parque;-23,527;-46,678;120;07/02/24;2
Perdizes;Arena Allianz Parque;-23,527;-46,678;120;07/02/24;3
Perdizes;Arena Allianz Parque;-23,527;-46,678;120;07/02/24;3
Perdizes;Arena Allianz Parque;-23,527;-46,678;120;07/02/24;3
Perdizes;Arena Allianz Parque;-23,527;-46,678;120;07/02/24;4
Perdizes;Arena Allianz Parque;-23,527;-46,678;120;07/02/24;5
Perdizes;Arena Allianz Parque;-23,527;-46,678;120;07/02/24;6
Perdizes;Arena Allianz Parque;-23,527;-46,678;120;07/02/24;6
Perdizes;Arena Allianz Parque;-23,527;-46,678;120;07/02/24;7
Perdizes;Arena Allianz Parque;-23,527;-46,678;120;07/02/24;9
Perdizes;Arena Allianz Parque;-23,527;-46,678;120;07/02/24;9
Perdizes;Arena Allianz Parque;-23,527;-46,678;120;07/02/24;10
Perdizes;Arena Allianz Parque;-23,527;-46,678;120;08/02/24;1
Perdizes;Arena Allianz Parque;-23,527;-46,678;120;08/02/24;2
Perdizes;Arena Allianz Parque;-23,527;-46,678;120;08/02/24;2
Perdizes;Arena Allianz Parque;-23,527;-46,678;120;08/02/24;3
Perdizes;Arena Allianz Parque;-23,527;-46,678;120;08/02/24;3
Perdizes;Arena Allianz Parque;-23,527;-46,678;120;08/02/24;3
Perdizes;Arena Allianz Parque;-23,527;-46,678;120;08/02/24;4
Perdizes;Arena Allianz Parque;-23,527;-46,678;120;08/02/24;5
Perdizes;Arena Allianz Parque;-23,527;-46,678;120;08/02/24;6
Perdizes;Arena Allianz Parque;-23,527;-46,678;120;08/02/24;6
Perdizes;Arena Allianz Parque;-23,527;-46,678;120;08/02/24;7
Perdizes;Arena Allianz Parque;-23,527;-46,678;120;08/02/24;8
Perdizes;Arena Allianz Parque;-23,527;-46,678;120;08/02/24;8
Perdizes;Arena Allianz Parque;-23,527;-46,678;120;08/02/24;9
Perdizes;Arena Allianz Parque;-23,527;-46,678;120;08/02/24;9
Perdizes;Arena Allianz Parque;-23,527;-46,678;180;01/03/24;1
Perdizes;Arena Allianz Parque;-23,527;-46,678;180;01/03/24;1
Perdizes;Arena Allianz Parque;-23,527;-46,678;180;01/03/24;2
Perdizes;Arena Allianz Parque;-23,527;-46,678;180;01/03/24;3
Perdizes;Arena Allianz Parque;-23,527;-46,678;180;01/03/24;3
Perdizes;Arena Allianz Parque;-23,527;-46,678;180;01/03/24;4
Perdizes;Arena Allianz Parque;-23,527;-46,678;180;01/03/24;5
Perdizes;Arena Allianz Parque;-23,527;-46,678;180;01/03/24;7
Perdizes;Arena Allianz Parque;-23,527;-46,678;180;01/03/24;8
Perdizes;Arena Allianz Parque;-23,527;-46,678;180;01/03/24;9
Perdizes;Arena Allianz Parque;-23,527;-46,678;180;01/03/24;9
Perdizes;Arena Allianz Parque;-23,527;-46,678;180;01/03/24;10
Perdizes;Arena Allianz Parque;-23,527;-46,678;180;02/03/24;1
Perdizes;Arena Allianz Parque;-23,527;-46,678;180;02/03/24;3
Perdizes;Arena Allianz Parque;-23,527;-46,678;180;02/03/24;4
Perdizes;Arena Allianz Parque;-23,527;-46,678;180;02/03/24;5
Perdizes;Arena Allianz Parque;-23,527;-46,678;180;02/03/24;6
Perdizes;Arena Allianz Parque;-23,527;-46,678;180;02/03/24;6
Perdizes;Arena Allianz Parque;-23,527;-46,678;180;02/03/24;8
Perdizes;Arena Allianz Parque;-23,527;-46,678;180;02/03/24;9
Perdizes;Arena Allianz Parque;-23,527;-46,678;180;02/03/24;9
Perdizes;Arena Allianz Parque;-23,527;-46,678;180;03/03/24;1
Perdizes;Arena Allianz Parque;-23,527;-46,678;180;03/03/24;1
Perdizes;Arena Allianz Parque;-23,527;-46,678;180;03/03/24;1
Perdizes;Arena Allianz Parque;-23,527;-46,678;180;03/03/24;2
Perdizes;Arena Allianz Parque;-23,527;-46,678;180;03/03/24;3
Perdizes;Arena Allianz Parque;-23,527;-46,678;180;03/03/24;3
Perdizes;Arena Allianz Parque;-23,527;-46,678;180;03/03/24;5
Perdizes;Arena Allianz Parque;-23,527;-46,678;180;03/03/24;5
Perdizes;Arena Allianz Parque;-23,527;-46,678;180;03/03/24;5
Perdizes;Arena Allianz Parque;-23,527;-46,678;180;03/03/24;7
Perdizes;Arena Allianz Parque;-23,527;-46,678;180;03/03/24;7
Perdizes;Arena Allianz Parque;-23,527;-46,678;180;03/03/24;8
Perdizes;Arena Allianz Parque;-23,527;-46,678;180;03/03/24;8
Perdizes;Arena Allianz Parque;-23,527;-46,678;180;03/03/24;9
Perdizes;Arena Allianz Parque;-23,527;-46,678;180;03/03/24;9
Perdizes;Arena Allianz Parque;-23,527;-46,678;180;04/03/24;1
Perdizes;Arena Allianz Parque;-23,527;-46,678;180;04/03/24;2
Perdizes;Arena Allianz Parque;-23,527;-46,678;180;04/03/24;2
Perdizes;Arena Allianz Parque;-23,527;-46,678;180;04/03/24;3
Perdizes;Arena Allianz Parque;-23,527;-46,678;180;04/03/24;4
Perdizes;Arena Allianz Parque;-23,527;-46,678;180;04/03/24;4
Perdizes;Arena Allianz Parque;-23,527;-46,678;180;04/03/24;5
Perdizes;Arena Allianz Parque;-23,527;-46,678;180;04/03/24;5
Perdizes;Arena Allianz Parque;-23,527;-46,678;180;04/03/24;6
Perdizes;Arena Allianz Parque;-23,527;-46,678;180;04/03/24;6
Perdizes;Arena Allianz Parque;-23,527;-46,678;180;04/03/24;7
Perdizes;Arena Allianz Parque;-23,527;-46,678;180;04/03/24;8
Perdizes;Arena Allianz Parque;-23,527;-46,678;180;04/03/24;9
Perdizes;Arena Allianz Parque;-23,527;-46,678;180;04/03/24;9
Perdizes;Arena Allianz Parque;-23,527;-46,678;180;04/03/24;9
Perdizes;Arena Allianz Parque;-23,527;-46,678;180;04/03/24;10
Perdizes;Arena Allianz Parque;-23,527;-46,678;180;05/03/24;1
Perdizes;Arena Allianz Parque;-23,527;-46,678;180;05/03/24;1
Perdizes;Arena Allianz Parque;-23,527;-46,678;180;05/03/24;2
Perdizes;Arena Allianz Parque;-23,527;-46,678;180;05/03/24;2
Perdizes;Arena Allianz Parque;-23,527;-46,678;180;05/03/24;3
Perdizes;Arena Allianz Parque;-23,527;-46,678;180;05/03/24;6
Perdizes;Arena Allianz Parque;-23,527;-46,678;180;05/03/24;7
Perdizes;Arena Allianz Parque;-23,527;-46,678;180;05/03/24;8
Perdizes;Arena Allianz Parque;-23,527;-46,678;180;05/03/24;8
Perdizes;Arena Allianz Parque;-23,527;-46,678;180;05/03/24;9
Perdizes;Arena Allianz Parque;-23,527;-46,678;180;05/03/24;9
Perdizes;Arena Allianz Parque;-23,527;-46,678;180;05/03/24;10
Perdizes;Arena Allianz Parque;-23,527;-46,678;180;05/03/24;10
Perdizes;Arena Allianz Parque;-23,527;-46,678;180;05/03/24;10
Perdizes;Arena Allianz Parque;-23,527;-46,678;180;06/03/24;1
Perdizes;Arena Allianz Parque;-23,527;-46,678;180;06/03/24;3
Perdizes;Arena Allianz Parque;-23,527;-46,678;180;06/03/24;4
Perdizes;Arena Allianz Parque;-23,527;-46,678;180;06/03/24;7
Perdizes;Arena Allianz Parque;-23,527;-46,678;180;06/03/24;10
Perdizes;Arena Allianz Parque;-23,527;-46,678;180;07/03/24;1
Perdizes;Arena Allianz Parque;-23,527;-46,678;180;07/03/24;2
Perdizes;Arena Allianz Parque;-23,527;-46,678;180;07/03/24;4
Perdizes;Arena Allianz Parque;-23,527;-46,678;180;07/03/24;5
Perdizes;Arena Allianz Parque;-23,527;-46,678;180;07/03/24;6
Perdizes;Arena Allianz Parque;-23,527;-46,678;180;07/03/24;8
Perdizes;Arena Allianz Parque;-23,527;-46,678;180;07/03/24;8
Perdizes;Arena Allianz Parque;-23,527;-46,678;180;07/03/24;8
Perdizes;Arena Allianz Parque;-23,527;-46,678;180;07/03/24;8
Perdizes;Arena Allianz Parque;-23,527;-46,678;180;07/03/24;10
Perdizes;Arena Allianz Parque;-23,527;-46,678;180;07/03/24;10
Perdizes;Arena Allianz Parque;-23,527;-46,678;180;07/03/24;10
Perdizes;Arena Allianz Parque;-23,527;-46,678;180;08/03/24;1
Perdizes;Arena Allianz Parque;-23,527;-46,678;180;08/03/24;1
Perdizes;Arena Allianz Parque;-23,527;-46,678;180;08/03/24;2
Perdizes;Arena Allianz Parque;-23,527;-46,678;180;08/03/24;3
Perdizes;Arena Allianz Parque;-23,527;-46,678;180;08/03/24;3
Perdizes;Arena Allianz Parque;-23,527;-46,678;180;08/03/24;4
Perdizes;Arena Allianz Parque;-23,527;-46,678;180;08/03/24;5
Perdizes;Arena Allianz Parque;-23,527;-46,678;180;08/03/24;5
Perdizes;Arena Allianz Parque;-23,527;-46,678;180;08/03/24;6
Perdizes;Arena Allianz Parque;-23,527;-46,678;180;08/03/24;6
Perdizes;Arena Allianz Parque;-23,527;-46,678;180;08/03/24;7
Perdizes;Arena Allianz Parque;-23,527;-46,678;180;08/03/24;8
Perdizes;Arena Allianz Parque;-23,527;-46,678;180;08/03/24;8
Perdizes;Arena Allianz Parque;-23,527;-46,678;180;08/03/24;9
Perdizes;Arena Allianz Parque;-23,527;-46,678;180;08/03/24;10
Perdizes;Arena Allianz Parque;-23,527;-46,678;130;01/04/24;2
Perdizes;Arena Allianz Parque;-23,527;-46,678;130;01/04/24;3
Perdizes;Arena Allianz Parque;-23,527;-46,678;130;01/04/24;3
Perdizes;Arena Allianz Parque;-23,527;-46,678;130;01/04/24;3
Perdizes;Arena Allianz Parque;-23,527;-46,678;130;01/04/24;4
Perdizes;Arena Allianz Parque;-23,527;-46,678;130;01/04/24;5
Perdizes;Arena Allianz Parque;-23,527;-46,678;130;01/04/24;6
Perdizes;Arena Allianz Parque;-23,527;-46,678;130;01/04/24;7
Perdizes;Arena Allianz Parque;-23,527;-46,678;130;01/04/24;8
Perdizes;Arena Allianz Parque;-23,527;-46,678;130;01/04/24;8
Perdizes;Arena Allianz Parque;-23,527;-46,678;130;01/04/24;8
Perdizes;Arena Allianz Parque;-23,527;-46,678;130;01/04/24;8
Perdizes;Arena Allianz Parque;-23,527;-46,678;130;01/04/24;8
Perdizes;Arena Allianz Parque;-23,527;-46,678;130;01/04/24;9
Perdizes;Arena Allianz Parque;-23,527;-46,678;130;01/04/24;10
Perdizes;Arena Allianz Parque;-23,527;-46,678;130;02/04/24;2
Perdizes;Arena Allianz Parque;-23,527;-46,678;130;02/04/24;2
Perdizes;Arena Allianz Parque;-23,527;-46,678;130;02/04/24;2
Perdizes;Arena Allianz Parque;-23,527;-46,678;130;02/04/24;3
Perdizes;Arena Allianz Parque;-23,527;-46,678;130;02/04/24;3
Perdizes;Arena Allianz Parque;-23,527;-46,678;130;02/04/24;3
Perdizes;Arena Allianz Parque;-23,527;-46,678;130;02/04/24;3
Perdizes;Arena Allianz Parque;-23,527;-46,678;130;02/04/24;4
Perdizes;Arena Allianz Parque;-23,527;-46,678;130;02/04/24;5
Perdizes;Arena Allianz Parque;-23,527;-46,678;130;02/04/24;5
Perdizes;Arena Allianz Parque;-23,527;-46,678;130;02/04/24;6
Perdizes;Arena Allianz Parque;-23,527;-46,678;130;02/04/24;6
Perdizes;Arena Allianz Parque;-23,527;-46,678;130;02/04/24;9
Perdizes;Arena Allianz Parque;-23,527;-46,678;130;02/04/24;9
Perdizes;Arena Allianz Parque;-23,527;-46,678;130;02/04/24;9
Perdizes;Arena Allianz Parque;-23,527;-46,678;130;02/04/24;9
Perdizes;Arena Allianz Parque;-23,527;-46,678;130;02/04/24;10
Perdizes;Arena Allianz Parque;-23,527;-46,678;130;02/04/24;10
Perdizes;Arena Allianz Parque;-23,527;-46,678;130;02/04/24;10
Perdizes;Arena Allianz Parque;-23,527;-46,678;130;02/04/24;10
Perdizes;Arena Allianz Parque;-23,527;-46,678;130;03/04/24;1
Perdizes;Arena Allianz Parque;-23,527;-46,678;130;03/04/24;2
Perdizes;Arena Allianz Parque;-23,527;-46,678;130;03/04/24;2
Perdizes;Arena Allianz Parque;-23,527;-46,678;130;03/04/24;3
Perdizes;Arena Allianz Parque;-23,527;-46,678;130;03/04/24;3
Perdizes;Arena Allianz Parque;-23,527;-46,678;130;03/04/24;4
Perdizes;Arena Allianz Parque;-23,527;-46,678;130;03/04/24;4
Perdizes;Arena Allianz Parque;-23,527;-46,678;130;03/04/24;5
Perdizes;Arena Allianz Parque;-23,527;-46,678;130;03/04/24;5
Perdizes;Arena Allianz Parque;-23,527;-46,678;130;03/04/24;5
Perdizes;Arena Allianz Parque;-23,527;-46,678;130;03/04/24;6
Perdizes;Arena Allianz Parque;-23,527;-46,678;130;03/04/24;9
Perdizes;Arena Allianz Parque;-23,527;-46,678;130;03/04/24;9
Perdizes;Arena Allianz Parque;-23,527;-46,678;130;03/04/24;9
Perdizes;Arena Allianz Parque;-23,527;-46,678;130;03/04/24;10
Perdizes;Arena Allianz Parque;-23,527;-46,678;130;04/04/24;1
Perdizes;Arena Allianz Parque;-23,527;-46,678;130;04/04/24;2
Perdizes;Arena Allianz Parque;-23,527;-46,678;130;04/04/24;3
Perdizes;Arena Allianz Parque;-23,527;-46,678;130;04/04/24;3
Perdizes;Arena Allianz Parque;-23,527;-46,678;130;04/04/24;3
Perdizes;Arena Allianz Parque;-23,527;-46,678;130;04/04/24;4
Perdizes;Arena Allianz Parque;-23,527;-46,678;130;04/04/24;4
Perdizes;Arena Allianz Parque;-23,527;-46,678;130;04/04/24;4
Perdizes;Arena Allianz Parque;-23,527;-46,678;130;04/04/24;5
Perdizes;Arena Allianz Parque;-23,527;-46,678;130;04/04/24;6
Perdizes;Arena Allianz Parque;-23,527;-46,678;130;04/04/24;7
Perdizes;Arena Allianz Parque;-23,527;-46,678;130;04/04/24;7
Perdizes;Arena Allianz Parque;-23,527;-46,678;130;04/04/24;10
Perdizes;Arena Allianz Parque;-23,527;-46,678;130;04/04/24;10
Perdizes;Arena Allianz Parque;-23,527;-46,678;130;04/04/24;10
Perdizes;Arena Allianz Parque;-23,527;-46,678;130;04/04/24;10
Perdizes;Arena Allianz Parque;-23,527;-46,678;130;04/04/24;10
Perdizes;Arena Allianz Parque;-23,527;-46,678;130;05/04/24;1
Perdizes;Arena Allianz Parque;-23,527;-46,678;130;05/04/24;1
Perdizes;Arena Allianz Parque;-23,527;-46,678;130;05/04/24;2
Perdizes;Arena Allianz Parque;-23,527;-46,678;130;05/04/24;3
Perdizes;Arena Allianz Parque;-23,527;-46,678;130;05/04/24;3
Perdizes;Arena Allianz Parque;-23,527;-46,678;130;05/04/24;3
Perdizes;Arena Allianz Parque;-23,527;-46,678;130;05/04/24;4
Perdizes;Arena Allianz Parque;-23,527;-46,678;130;05/04/24;4
Perdizes;Arena Allianz Parque;-23,527;-46,678;130;05/04/24;5
Perdizes;Arena Allianz Parque;-23,527;-46,678;130;05/04/24;5
Perdizes;Arena Allianz Parque;-23,527;-46,678;130;05/04/24;8
Perdizes;Arena Allianz Parque;-23,527;-46,678;130;05/04/24;10
Perdizes;Arena Allianz Parque;-23,527;-46,678;130;05/04/24;10
Perdizes;Arena Allianz Parque;-23,527;-46,678;130;06/04/24;1
Perdizes;Arena Allianz Parque;-23,527;-46,678;130;06/04/24;1
Perdizes;Arena Allianz Parque;-23,527;-46,678;130;06/04/24;1
Perdizes;Arena Allianz Parque;-23,527;-46,678;130;06/04/24;2
Perdizes;Arena Allianz Parque;-23,527;-46,678;130;06/04/24;3
Perdizes;Arena Allianz Parque;-23,527;-46,678;130;06/04/24;3
Perdizes;Arena Allianz Parque;-23,527;-46,678;130;06/04/24;3
Perdizes;Arena Allianz Parque;-23,527;-46,678;130;06/04/24;4
Perdizes;Arena Allianz Parque;-23,527;-46,678;130;06/04/24;6
Perdizes;Arena Allianz Parque;-23,527;-46,678;130;06/04/24;6
Perdizes;Arena Allianz Parque;-23,527;-46,678;130;06/04/24;6
Perdizes;Arena Allianz Parque;-23,527;-46,678;130;06/04/24;6
Perdizes;Arena Allianz Parque;-23,527;-46,678;130;06/04/24;7
Perdizes;Arena Allianz Parque;-23,527;-46,678;130;06/04/24;7
Perdizes;Arena Allianz Parque;-23,527;-46,678;130;06/04/24;8
Perdizes;Arena Allianz Parque;-23,527;-46,678;130;06/04/24;8
Perdizes;Arena Allianz Parque;-23,527;-46,678;130;06/04/24;8
Perdizes;Arena Allianz Parque;-23,527;-46,678;130;06/04/24;8
Perdizes;Arena Allianz Parque;-23,527;-46,678;130;06/04/24;8
Perdizes;Arena Allianz Parque;-23,527;-46,678;130;06/04/24;10
Perdizes;Arena Allianz Parque;-23,527;-46,678;130;06/04/24;10
Perdizes;Arena Allianz Parque;-23,527;-46,678;130;07/04/24;1
Perdizes;Arena Allianz Parque;-23,527;-46,678;130;07/04/24;1
Perdizes;Arena Allianz Parque;-23,527;-46,678;130;07/04/24;1
Perdizes;Arena Allianz Parque;-23,527;-46,678;130;07/04/24;2
Perdizes;Arena Allianz Parque;-23,527;-46,678;130;07/04/24;4
Perdizes;Arena Allianz Parque;-23,527;-46,678;130;07/04/24;5
Perdizes;Arena Allianz Parque;-23,527;-46,678;130;07/04/24;6
Perdizes;Arena Allianz Parque;-23,527;-46,678;130;07/04/24;8
Perdizes;Arena Allianz Parque;-23,527;-46,678;130;07/04/24;9
Perdizes;Arena Allianz Parque;-23,527;-46,678;130;07/04/24;10
Perdizes;Arena Allianz Parque;-23,527;-46,678;130;07/04/24;10
Perdizes;Arena Allianz Parque;-23,527;-46,678;130;07/04/24;10
Perdizes;Arena Allianz Parque;-23,527;-46,678;130;07/04/24;10
Perdizes;Arena Allianz Parque;-23,527;-46,678;130;07/04/24;10
Perdizes;Arena Allianz Parque;-23,527;-46,678;130;08/04/24;2
Perdizes;Arena Allianz Parque;-23,527;-46,678;130;08/04/24;5
Perdizes;Arena Allianz Parque;-23,527;-46,678;130;08/04/24;6
Perdizes;Arena Allianz Parque;-23,527;-46,678;130;08/04/24;6
Perdizes;Arena Allianz Parque;-23,527;-46,678;130;08/04/24;8
Perdizes;Arena Allianz Parque;-23,527;-46,678;130;08/04/24;9
Perdizes;Arena Allianz Parque;-23,527;-46,678;130;08/04/24;9
Perdizes;Arena Allianz Parque;-23,527;-46,678;200;01/05/24;1
Perdizes;Arena Allianz Parque;-23,527;-46,678;200;01/05/24;2
Perdizes;Arena Allianz Parque;-23,527;-46,678;200;01/05/24;3
Perdizes;Arena Allianz Parque;-23,527;-46,678;200;01/05/24;4
Perdizes;Arena Allianz Parque;-23,527;-46,678;200;01/05/24;4
Perdizes;Arena Allianz Parque;-23,527;-46,678;200;01/05/24;4
Perdizes;Arena Allianz Parque;-23,527;-46,678;200;01/05/24;5
Perdizes;Arena Allianz Parque;-23,527;-46,678;200;01/05/24;5
Perdizes;Arena Allianz Parque;-23,527;-46,678;200;01/05/24;7
Perdizes;Arena Allianz Parque;-23,527;-46,678;200;01/05/24;7
Perdizes;Arena Allianz Parque;-23,527;-46,678;200;01/05/24;9
Perdizes;Arena Allianz Parque;-23,527;-46,678;200;01/05/24;10
Perdizes;Arena Allianz Parque;-23,527;-46,678;200;02/05/24;1
Perdizes;Arena Allianz Parque;-23,527;-46,678;200;02/05/24;2
Perdizes;Arena Allianz Parque;-23,527;-46,678;200;02/05/24;3
Perdizes;Arena Allianz Parque;-23,527;-46,678;200;02/05/24;4
Perdizes;Arena Allianz Parque;-23,527;-46,678;200;02/05/24;5
Perdizes;Arena Allianz Parque;-23,527;-46,678;200;02/05/24;5
Perdizes;Arena Allianz Parque;-23,527;-46,678;200;02/05/24;6
Perdizes;Arena Allianz Parque;-23,527;-46,678;200;02/05/24;7
Perdizes;Arena Allianz Parque;-23,527;-46,678;200;02/05/24;7
Perdizes;Arena Allianz Parque;-23,527;-46,678;200;02/05/24;8
Perdizes;Arena Allianz Parque;-23,527;-46,678;200;02/05/24;8
Perdizes;Arena Allianz Parque;-23,527;-46,678;200;02/05/24;9
Perdizes;Arena Allianz Parque;-23,527;-46,678;200;02/05/24;10
Perdizes;Arena Allianz Parque;-23,527;-46,678;200;02/05/24;10
Perdizes;Arena Allianz Parque;-23,527;-46,678;200;02/05/24;10
Perdizes;Arena Allianz Parque;-23,527;-46,678;200;03/05/24;1
Perdizes;Arena Allianz Parque;-23,527;-46,678;200;03/05/24;1
Perdizes;Arena Allianz Parque;-23,527;-46,678;200;03/05/24;1
Perdizes;Arena Allianz Parque;-23,527;-46,678;200;03/05/24;3
Perdizes;Arena Allianz Parque;-23,527;-46,678;200;03/05/24;3
Perdizes;Arena Allianz Parque;-23,527;-46,678;200;03/05/24;4
Perdizes;Arena Allianz Parque;-23,527;-46,678;200;03/05/24;4
Perdizes;Arena Allianz Parque;-23,527;-46,678;200;03/05/24;5
Perdizes;Arena Allianz Parque;-23,527;-46,678;200;03/05/24;7
Perdizes;Arena Allianz Parque;-23,527;-46,678;200;03/05/24;7
Perdizes;Arena Allianz Parque;-23,527;-46,678;200;03/05/24;8
Perdizes;Arena Allianz Parque;-23,527;-46,678;200;03/05/24;9
Perdizes;Arena Allianz Parque;-23,527;-46,678;200;04/05/24;1
Perdizes;Arena Allianz Parque;-23,527;-46,678;200;04/05/24;1
Perdizes;Arena Allianz Parque;-23,527;-46,678;200;04/05/24;2
Perdizes;Arena Allianz Parque;-23,527;-46,678;200;04/05/24;2
Perdizes;Arena Allianz Parque;-23,527;-46,678;200;04/05/24;3
Perdizes;Arena Allianz Parque;-23,527;-46,678;200;04/05/24;3
Perdizes;Arena Allianz Parque;-23,527;-46,678;200;04/05/24;3
Perdizes;Arena Allianz Parque;-23,527;-46,678;200;04/05/24;4
Perdizes;Arena Allianz Parque;-23,527;-46,678;200;04/05/24;4
Perdizes;Arena Allianz Parque;-23,527;-46,678;200;04/05/24;6
Perdizes;Arena Allianz Parque;-23,527;-46,678;200;04/05/24;8
Perdizes;Arena Allianz Parque;-23,527;-46,678;200;04/05/24;8
Perdizes;Arena Allianz Parque;-23,527;-46,678;200;04/05/24;9
Perdizes;Arena Allianz Parque;-23,527;-46,678;200;04/05/24;10
Perdizes;Arena Allianz Parque;-23,527;-46,678;200;05/05/24;3
Perdizes;Arena Allianz Parque;-23,527;-46,678;200;05/05/24;4
Perdizes;Arena Allianz Parque;-23,527;-46,678;200;05/05/24;4
Perdizes;Arena Allianz Parque;-23,527;-46,678;200;05/05/24;4
Perdizes;Arena Allianz Parque;-23,527;-46,678;200;05/05/24;5
Perdizes;Arena Allianz Parque;-23,527;-46,678;200;05/05/24;6
Perdizes;Arena Allianz Parque;-23,527;-46,678;200;05/05/24;6
Perdizes;Arena Allianz Parque;-23,527;-46,678;200;05/05/24;7
Perdizes;Arena Allianz Parque;-23,527;-46,678;200;05/05/24;7
Perdizes;Arena Allianz Parque;-23,527;-46,678;200;05/05/24;8
Perdizes;Arena Allianz Parque;-23,527;-46,678;200;05/05/24;9
Perdizes;Arena Allianz Parque;-23,527;-46,678;200;05/05/24;10
Perdizes;Arena Allianz Parque;-23,527;-46,678;200;06/05/24;1
Perdizes;Arena Allianz Parque;-23,527;-46,678;200;06/05/24;1
Perdizes;Arena Allianz Parque;-23,527;-46,678;200;06/05/24;4
Perdizes;Arena Allianz Parque;-23,527;-46,678;200;06/05/24;5
Perdizes;Arena Allianz Parque;-23,527;-46,678;200;06/05/24;6
Perdizes;Arena Allianz Parque;-23,527;-46,678;200;06/05/24;6
Perdizes;Arena Allianz Parque;-23,527;-46,678;200;06/05/24;6
Perdizes;Arena Allianz Parque;-23,527;-46,678;200;06/05/24;7
Perdizes;Arena Allianz Parque;-23,527;-46,678;200;06/05/24;7
Perdizes;Arena Allianz Parque;-23,527;-46,678;200;06/05/24;10
Perdizes;Arena Allianz Parque;-23,527;-46,678;200;06/05/24;10
Perdizes;Arena Allianz Parque;-23,527;-46,678;200;07/05/24;1
Perdizes;Arena Allianz Parque;-23,527;-46,678;200;07/05/24;1
Perdizes;Arena Allianz Parque;-23,527;-46,678;200;07/05/24;1
Perdizes;Arena Allianz Parque;-23,527;-46,678;200;07/05/24;2
Perdizes;Arena Allianz Parque;-23,527;-46,678;200;07/05/24;2
Perdizes;Arena Allianz Parque;-23,527;-46,678;200;07/05/24;5
Perdizes;Arena Allianz Parque;-23,527;-46,678;200;07/05/24;5
Perdizes;Arena Allianz Parque;-23,527;-46,678;200;07/05/24;5
Perdizes;Arena Allianz Parque;-23,527;-46,678;200;07/05/24;10
Perdizes;Arena Allianz Parque;-23,527;-46,678;200;08/05/24;1
Perdizes;Arena Allianz Parque;-23,527;-46,678;200;08/05/24;1
Perdizes;Arena Allianz Parque;-23,527;-46,678;200;08/05/24;2
Perdizes;Arena Allianz Parque;-23,527;-46,678;200;08/05/24;2
Perdizes;Arena Allianz Parque;-23,527;-46,678;200;08/05/24;3
Perdizes;Arena Allianz Parque;-23,527;-46,678;200;08/05/24;4
Perdizes;Arena Allianz Parque;-23,527;-46,678;200;08/05/24;5
Perdizes;Arena Allianz Parque;-23,527;-46,678;200;08/05/24;6
Perdizes;Arena Allianz Parque;-23,527;-46,678;200;08/05/24;8
Perdizes;Arena Allianz Parque;-23,527;-46,678;200;08/05/24;9
Perdizes;Arena Allianz Parque;-23,527;-46,678;200;08/05/24;9
Perdizes;Arena Allianz Parque;-23,527;-46,678;200;08/05/24;9
Perdizes;Arena Allianz Parque;-23,527;-46,678;140;01/06/24;2
Perdizes;Arena Allianz Parque;-23,527;-46,678;140;01/06/24;3
Perdizes;Arena Allianz Parque;-23,527;-46,678;140;01/06/24;3
Perdizes;Arena Allianz Parque;-23,527;-46,678;140;01/06/24;3
Perdizes;Arena Allianz Parque;-23,527;-46,678;140;01/06/24;5
Perdizes;Arena Allianz Parque;-23,527;-46,678;140;01/06/24;6
Perdizes;Arena Allianz Parque;-23,527;-46,678;140;01/06/24;7
Perdizes;Arena Allianz Parque;-23,527;-46,678;140;01/06/24;8
Perdizes;Arena Allianz Parque;-23,527;-46,678;140;01/06/24;9
Perdizes;Arena Allianz Parque;-23,527;-46,678;140;01/06/24;9
Perdizes;Arena Allianz Parque;-23,527;-46,678;140;01/06/24;9
Perdizes;Arena Allianz Parque;-23,527;-46,678;140;01/06/24;10
Perdizes;Arena Allianz Parque;-23,527;-46,678;140;01/06/24;10
Perdizes;Arena Allianz Parque;-23,527;-46,678;140;01/06/24;10
Perdizes;Arena Allianz Parque;-23,527;-46,678;140;02/06/24;1
Perdizes;Arena Allianz Parque;-23,527;-46,678;140;02/06/24;1
Perdizes;Arena Allianz Parque;-23,527;-46,678;140;02/06/24;3
Perdizes;Arena Allianz Parque;-23,527;-46,678;140;02/06/24;6
Perdizes;Arena Allianz Parque;-23,527;-46,678;140;02/06/24;6
Perdizes;Arena Allianz Parque;-23,527;-46,678;140;02/06/24;6
Perdizes;Arena Allianz Parque;-23,527;-46,678;140;02/06/24;6
Perdizes;Arena Allianz Parque;-23,527;-46,678;140;03/06/24;4
Perdizes;Arena Allianz Parque;-23,527;-46,678;140;03/06/24;6
Perdizes;Arena Allianz Parque;-23,527;-46,678;140;03/06/24;6
Perdizes;Arena Allianz Parque;-23,527;-46,678;140;03/06/24;6
Perdizes;Arena Allianz Parque;-23,527;-46,678;140;03/06/24;7
Perdizes;Arena Allianz Parque;-23,527;-46,678;140;03/06/24;9
Perdizes;Arena Allianz Parque;-23,527;-46,678;140;03/06/24;9
Perdizes;Arena Allianz Parque;-23,527;-46,678;140;03/06/24;9
Perdizes;Arena Allianz Parque;-23,527;-46,678;140;03/06/24;10
Perdizes;Arena Allianz Parque;-23,527;-46,678;140;04/06/24;1
Perdizes;Arena Allianz Parque;-23,527;-46,678;140;04/06/24;1
Perdizes;Arena Allianz Parque;-23,527;-46,678;140;04/06/24;2
Perdizes;Arena Allianz Parque;-23,527;-46,678;140;04/06/24;2
Perdizes;Arena Allianz Parque;-23,527;-46,678;140;04/06/24;2
Perdizes;Arena Allianz Parque;-23,527;-46,678;140;04/06/24;3
Perdizes;Arena Allianz Parque;-23,527;-46,678;140;04/06/24;3
Perdizes;Arena Allianz Parque;-23,527;-46,678;140;04/06/24;3
Perdizes;Arena Allianz Parque;-23,527;-46,678;140;04/06/24;4
Perdizes;Arena Allianz Parque;-23,527;-46,678;140;04/06/24;4
Perdizes;Arena Allianz Parque;-23,527;-46,678;140;04/06/24;4
Perdizes;Arena Allianz Parque;-23,527;-46,678;140;04/06/24;5
Perdizes;Arena Allianz Parque;-23,527;-46,678;140;04/06/24;5
Perdizes;Arena Allianz Parque;-23,527;-46,678;140;04/06/24;7
Perdizes;Arena Allianz Parque;-23,527;-46,678;140;04/06/24;7
Perdizes;Arena Allianz Parque;-23,527;-46,678;140;04/06/24;8
Perdizes;Arena Allianz Parque;-23,527;-46,678;140;04/06/24;8
Perdizes;Arena Allianz Parque;-23,527;-46,678;140;04/06/24;9
Perdizes;Arena Allianz Parque;-23,527;-46,678;140;04/06/24;9
Perdizes;Arena Allianz Parque;-23,527;-46,678;140;04/06/24;10
Perdizes;Arena Allianz Parque;-23,527;-46,678;140;04/06/24;10
Perdizes;Arena Allianz Parque;-23,527;-46,678;140;05/06/24;1
Perdizes;Arena Allianz Parque;-23,527;-46,678;140;05/06/24;1
Perdizes;Arena Allianz Parque;-23,527;-46,678;140;05/06/24;1
Perdizes;Arena Allianz Parque;-23,527;-46,678;140;05/06/24;2
Perdizes;Arena Allianz Parque;-23,527;-46,678;140;05/06/24;2
Perdizes;Arena Allianz Parque;-23,527;-46,678;140;05/06/24;3
Perdizes;Arena Allianz Parque;-23,527;-46,678;140;05/06/24;3
Perdizes;Arena Allianz Parque;-23,527;-46,678;140;05/06/24;4
Perdizes;Arena Allianz Parque;-23,527;-46,678;140;05/06/24;5
Perdizes;Arena Allianz Parque;-23,527;-46,678;140;05/06/24;5
Perdizes;Arena Allianz Parque;-23,527;-46,678;140;05/06/24;5
Perdizes;Arena Allianz Parque;-23,527;-46,678;140;05/06/24;8
Perdizes;Arena Allianz Parque;-23,527;-46,678;140;05/06/24;8
Perdizes;Arena Allianz Parque;-23,527;-46,678;140;05/06/24;9
Perdizes;Arena Allianz Parque;-23,527;-46,678;140;06/06/24;1
Perdizes;Arena Allianz Parque;-23,527;-46,678;140;06/06/24;2
Perdizes;Arena Allianz Parque;-23,527;-46,678;140;06/06/24;2
Perdizes;Arena Allianz Parque;-23,527;-46,678;140;06/06/24;3
Perdizes;Arena Allianz Parque;-23,527;-46,678;140;06/06/24;4
Perdizes;Arena Allianz Parque;-23,527;-46,678;140;06/06/24;5
Perdizes;Arena Allianz Parque;-23,527;-46,678;140;06/06/24;5
Perdizes;Arena Allianz Parque;-23,527;-46,678;140;06/06/24;6
Perdizes;Arena Allianz Parque;-23,527;-46,678;140;06/06/24;6
Perdizes;Arena Allianz Parque;-23,527;-46,678;140;06/06/24;7
Perdizes;Arena Allianz Parque;-23,527;-46,678;140;06/06/24;8
Perdizes;Arena Allianz Parque;-23,527;-46,678;140;06/06/24;9
Perdizes;Arena Allianz Parque;-23,527;-46,678;140;06/06/24;9
Perdizes;Arena Allianz Parque;-23,527;-46,678;140;07/06/24;1
Perdizes;Arena Allianz Parque;-23,527;-46,678;140;07/06/24;1
Perdizes;Arena Allianz Parque;-23,527;-46,678;140;07/06/24;1
Perdizes;Arena Allianz Parque;-23,527;-46,678;140;07/06/24;2
Perdizes;Arena Allianz Parque;-23,527;-46,678;140;07/06/24;2
Perdizes;Arena Allianz Parque;-23,527;-46,678;140;07/06/24;3
Perdizes;Arena Allianz Parque;-23,527;-46,678;140;07/06/24;3
Perdizes;Arena Allianz Parque;-23,527;-46,678;140;07/06/24;3
Perdizes;Arena Allianz Parque;-23,527;-46,678;140;07/06/24;4
Perdizes;Arena Allianz Parque;-23,527;-46,678;140;07/06/24;4
Perdizes;Arena Allianz Parque;-23,527;-46,678;140;07/06/24;4
Perdizes;Arena Allianz Parque;-23,527;-46,678;140;07/06/24;4
Perdizes;Arena Allianz Parque;-23,527;-46,678;140;07/06/24;5
Perdizes;Arena Allianz Parque;-23,527;-46,678;140;07/06/24;7
Perdizes;Arena Allianz Parque;-23,527;-46,678;140;07/06/24;7
Perdizes;Arena Allianz Parque;-23,527;-46,678;140;07/06/24;7
Perdizes;Arena Allianz Parque;-23,527;-46,678;140;07/06/24;8
Perdizes;Arena Allianz Parque;-23,527;-46,678;140;07/06/24;8
Perdizes;Arena Allianz Parque;-23,527;-46,678;140;07/06/24;9
Perdizes;Arena Allianz Parque;-23,527;-46,678;140;07/06/24;9
Perdizes;Arena Allianz Parque;-23,527;-46,678;140;07/06/24;10
Perdizes;Arena Allianz Parque;-23,527;-46,678;140;08/06/24;1
Perdizes;Arena Allianz Parque;-23,527;-46,678;140;08/06/24;2
Perdizes;Arena Allianz Parque;-23,527;-46,678;140;08/06/24;3
Perdizes;Arena Allianz Parque;-23,527;-46,678;140;08/06/24;3
Perdizes;Arena Allianz Parque;-23,527;-46,678;140;08/06/24;5
Perdizes;Arena Allianz Parque;-23,527;-46,678;140;08/06/24;5
Perdizes;Arena Allianz Parque;-23,527;-46,678;140;08/06/24;5
Perdizes;Arena Allianz Parque;-23,527;-46,678;140;08/06/24;6
Perdizes;Arena Allianz Parque;-23,527;-46,678;140;08/06/24;6
Perdizes;Arena Allianz Parque;-23,527;-46,678;140;08/06/24;8
Perdizes;Arena Allianz Parque;-23,527;-46,678;140;08/06/24;8
Perdizes;Arena Allianz Parque;-23,527;-46,678;140;08/06/24;8
Perdizes;Arena Allianz Parque;-23,527;-46,678;140;08/06/24;9
Perdizes;Arena Allianz Parque;-23,527;-46,678;140;08/06/24;9
Perdizes;Arena Allianz Parque;-23,527;-46,678;140;08/06/24;9
Perdizes;Arena Allianz Parque;-23,527;-46,678;140;08/06/24;10
Perdizes;Arena Allianz Parque;-23,527;-46,678;140;08/06/24;10
Perdizes;Arena Allianz Parque;-23,527;-46,678;110;01/07/24;1
Perdizes;Arena Allianz Parque;-23,527;-46,678;110;01/07/24;2
Perdizes;Arena Allianz Parque;-23,527;-46,678;110;01/07/24;2
Perdizes;Arena Allianz Parque;-23,527;-46,678;110;01/07/24;3
Perdizes;Arena Allianz Parque;-23,527;-46,678;110;01/07/24;4
Perdizes;Arena Allianz Parque;-23,527;-46,678;110;01/07/24;4
Perdizes;Arena Allianz Parque;-23,527;-46,678;110;01/07/24;5
Perdizes;Arena Allianz Parque;-23,527;-46,678;110;01/07/24;10
Perdizes;Arena Allianz Parque;-23,527;-46,678;110;01/07/24;10
Perdizes;Arena Allianz Parque;-23,527;-46,678;110;02/07/24;1
Perdizes;Arena Allianz Parque;-23,527;-46,678;110;02/07/24;3
Perdizes;Arena Allianz Parque;-23,527;-46,678;110;02/07/24;5
Perdizes;Arena Allianz Parque;-23,527;-46,678;110;02/07/24;6
Perdizes;Arena Allianz Parque;-23,527;-46,678;110;02/07/24;9
Perdizes;Arena Allianz Parque;-23,527;-46,678;110;02/07/24;10
Perdizes;Arena Allianz Parque;-23,527;-46,678;110;03/07/24;1
Perdizes;Arena Allianz Parque;-23,527;-46,678;110;03/07/24;2
Perdizes;Arena Allianz Parque;-23,527;-46,678;110;03/07/24;4
Perdizes;Arena Allianz Parque;-23,527;-46,678;110;03/07/24;4
Perdizes;Arena Allianz Parque;-23,527;-46,678;110;03/07/24;5
Perdizes;Arena Allianz Parque;-23,527;-46,678;110;04/07/24;5
Perdizes;Arena Allianz Parque;-23,527;-46,678;110;04/07/24;5
Perdizes;Arena Allianz Parque;-23,527;-46,678;110;04/07/24;7
Perdizes;Arena Allianz Parque;-23,527;-46,678;110;04/07/24;8
Perdizes;Arena Allianz Parque;-23,527;-46,678;110;04/07/24;8
Perdizes;Arena Allianz Parque;-23,527;-46,678;110;04/07/24;9
Perdizes;Arena Allianz Parque;-23,527;-46,678;110;04/07/24;10
Perdizes;Arena Allianz Parque;-23,527;-46,678;110;05/07/24;4
Perdizes;Arena Allianz Parque;-23,527;-46,678;110;05/07/24;5
Perdizes;Arena Allianz Parque;-23,527;-46,678;110;05/07/24;5
Perdizes;Arena Allianz Parque;-23,527;-46,678;110;05/07/24;5
Perdizes;Arena Allianz Parque;-23,527;-46,678;110;05/07/24;6
Perdizes;Arena Allianz Parque;-23,527;-46,678;110;05/07/24;6
Perdizes;Arena Allianz Parque;-23,527;-46,678;110;05/07/24;6
Perdizes;Arena Allianz Parque;-23,527;-46,678;110;05/07/24;8
Perdizes;Arena Allianz Parque;-23,527;-46,678;110;05/07/24;9
Perdizes;Arena Allianz Parque;-23,527;-46,678;110;05/07/24;9
Perdizes;Arena Allianz Parque;-23,527;-46,678;110;05/07/24;10
Perdizes;Arena Allianz Parque;-23,527;-46,678;110;06/07/24;2
Perdizes;Arena Allianz Parque;-23,527;-46,678;110;06/07/24;3
Perdizes;Arena Allianz Parque;-23,527;-46,678;110;06/07/24;4
Perdizes;Arena Allianz Parque;-23,527;-46,678;110;06/07/24;5
Perdizes;Arena Allianz Parque;-23,527;-46,678;110;06/07/24;5
Perdizes;Arena Allianz Parque;-23,527;-46,678;110;06/07/24;6
Perdizes;Arena Allianz Parque;-23,527;-46,678;110;06/07/24;7
Perdizes;Arena Allianz Parque;-23,527;-46,678;110;06/07/24;8
Perdizes;Arena Allianz Parque;-23,527;-46,678;110;06/07/24;10
Perdizes;Arena Allianz Parque;-23,527;-46,678;110;06/07/24;10
Perdizes;Arena Allianz Parque;-23,527;-46,678;110;06/07/24;10
Perdizes;Arena Allianz Parque;-23,527;-46,678;110;07/07/24;5
Perdizes;Arena Allianz Parque;-23,527;-46,678;110;07/07/24;5
Perdizes;Arena Allianz Parque;-23,527;-46,678;110;07/07/24;6
Perdizes;Arena Allianz Parque;-23,527;-46,678;110;07/07/24;6
Perdizes;Arena Allianz Parque;-23,527;-46,678;110;07/07/24;7
Perdizes;Arena Allianz Parque;-23,527;-46,678;110;07/07/24;7
Perdizes;Arena Allianz Parque;-23,527;-46,678;110;07/07/24;8
Perdizes;Arena Allianz Parque;-23,527;-46,678;110;07/07/24;9
Perdizes;Arena Allianz Parque;-23,527;-46,678;110;07/07/24;10
Perdizes;Arena Allianz Parque;-23,527;-46,678;110;08/07/24;2
Perdizes;Arena Allianz Parque;-23,527;-46,678;110;08/07/24;3
Perdizes;Arena Allianz Parque;-23,527;-46,678;110;08/07/24;3
Perdizes;Arena Allianz Parque;-23,527;-46,678;110;08/07/24;3
Perdizes;Arena Allianz Parque;-23,527;-46,678;110;08/07/24;3
Perdizes;Arena Allianz Parque;-23,527;-46,678;110;08/07/24;4
Perdizes;Arena Allianz Parque;-23,527;-46,678;110;08/07/24;4
Perdizes;Arena Allianz Parque;-23,527;-46,678;110;08/07/24;5
Perdizes;Arena Allianz Parque;-23,527;-46,678;110;08/07/24;5
Perdizes;Arena Allianz Parque;-23,527;-46,678;110;08/07/24;7
Perdizes;Arena Allianz Parque;-23,527;-46,678;110;08/07/24;8
Perdizes;Arena Allianz Parque;-23,527;-46,678;110;08/07/24;10
Perdizes;Arena Allianz Parque;-23,527;-46,678;110;08/07/24;10
Perdizes;Arena Allianz Parque;-23,527;-46,678;190;01/08/24;1
Perdizes;Arena Allianz Parque;-23,527;-46,678;190;01/08/24;1
Perdizes;Arena Allianz Parque;-23,527;-46,678;190;01/08/24;3
Perdizes;Arena Allianz Parque;-23,527;-46,678;190;01/08/24;4
Perdizes;Arena Allianz Parque;-23,527;-46,678;190;01/08/24;5
Perdizes;Arena Allianz Parque;-23,527;-46,678;190;01/08/24;5
Perdizes;Arena Allianz Parque;-23,527;-46,678;190;01/08/24;5
Perdizes;Arena Allianz Parque;-23,527;-46,678;190;01/08/24;5
Perdizes;Arena Allianz Parque;-23,527;-46,678;190;01/08/24;6
Perdizes;Arena Allianz Parque;-23,527;-46,678;190;01/08/24;7
Perdizes;Arena Allianz Parque;-23,527;-46,678;190;01/08/24;8
Perdizes;Arena Allianz Parque;-23,527;-46,678;190;01/08/24;8
Perdizes;Arena Allianz Parque;-23,527;-46,678;190;01/08/24;9
Perdizes;Arena Allianz Parque;-23,527;-46,678;190;01/08/24;10
Perdizes;Arena Allianz Parque;-23,527;-46,678;190;01/08/24;10
Perdizes;Arena Allianz Parque;-23,527;-46,678;190;01/08/24;10
Perdizes;Arena Allianz Parque;-23,527;-46,678;190;02/08/24;2
Perdizes;Arena Allianz Parque;-23,527;-46,678;190;02/08/24;8
Perdizes;Arena Allianz Parque;-23,527;-46,678;190;02/08/24;8
Perdizes;Arena Allianz Parque;-23,527;-46,678;190;02/08/24;8
Perdizes;Arena Allianz Parque;-23,527;-46,678;190;02/08/24;9
Perdizes;Arena Allianz Parque;-23,527;-46,678;190;03/08/24;1
Perdizes;Arena Allianz Parque;-23,527;-46,678;190;03/08/24;1
Perdizes;Arena Allianz Parque;-23,527;-46,678;190;03/08/24;2
Perdizes;Arena Allianz Parque;-23,527;-46,678;190;03/08/24;4
Perdizes;Arena Allianz Parque;-23,527;-46,678;190;03/08/24;6
Perdizes;Arena Allianz Parque;-23,527;-46,678;190;03/08/24;6
Perdizes;Arena Allianz Parque;-23,527;-46,678;190;03/08/24;6
Perdizes;Arena Allianz Parque;-23,527;-46,678;190;03/08/24;7
Perdizes;Arena Allianz Parque;-23,527;-46,678;190;03/08/24;7
Perdizes;Arena Allianz Parque;-23,527;-46,678;190;03/08/24;7
Perdizes;Arena Allianz Parque;-23,527;-46,678;190;03/08/24;7
Perdizes;Arena Allianz Parque;-23,527;-46,678;190;03/08/24;8
Perdizes;Arena Allianz Parque;-23,527;-46,678;190;03/08/24;10
Perdizes;Arena Allianz Parque;-23,527;-46,678;190;03/08/24;10
Perdizes;Arena Allianz Parque;-23,527;-46,678;190;04/08/24;1
Perdizes;Arena Allianz Parque;-23,527;-46,678;190;04/08/24;3
Perdizes;Arena Allianz Parque;-23,527;-46,678;190;04/08/24;6
Perdizes;Arena Allianz Parque;-23,527;-46,678;190;04/08/24;6
Perdizes;Arena Allianz Parque;-23,527;-46,678;190;04/08/24;6
Perdizes;Arena Allianz Parque;-23,527;-46,678;190;04/08/24;7
Perdizes;Arena Allianz Parque;-23,527;-46,678;190;04/08/24;7
Perdizes;Arena Allianz Parque;-23,527;-46,678;190;04/08/24;8
Perdizes;Arena Allianz Parque;-23,527;-46,678;190;04/08/24;10
Perdizes;Arena Allianz Parque;-23,527;-46,678;190;04/08/24;10
Perdizes;Arena Allianz Parque;-23,527;-46,678;190;04/08/24;10
Perdizes;Arena Allianz Parque;-23,527;-46,678;190;05/08/24;4
Perdizes;Arena Allianz Parque;-23,527;-46,678;190;05/08/24;4
Perdizes;Arena Allianz Parque;-23,527;-46,678;190;05/08/24;4
Perdizes;Arena Allianz Parque;-23,527;-46,678;190;05/08/24;5
Perdizes;Arena Allianz Parque;-23,527;-46,678;190;05/08/24;6
Perdizes;Arena Allianz Parque;-23,527;-46,678;190;05/08/24;6
Perdizes;Arena Allianz Parque;-23,527;-46,678;190;05/08/24;7
Perdizes;Arena Allianz Parque;-23,527;-46,678;190;05/08/24;8
Perdizes;Arena Allianz Parque;-23,527;-46,678;190;05/08/24;10
Perdizes;Arena Allianz Parque;-23,527;-46,678;190;06/08/24;1
Perdizes;Arena Allianz Parque;-23,527;-46,678;190;06/08/24;7
Perdizes;Arena Allianz Parque;-23,527;-46,678;190;06/08/24;7
Perdizes;Arena Allianz Parque;-23,527;-46,678;190;06/08/24;7
Perdizes;Arena Allianz Parque;-23,527;-46,678;190;07/08/24;4
Perdizes;Arena Allianz Parque;-23,527;-46,678;190;07/08/24;8
Perdizes;Arena Allianz Parque;-23,527;-46,678;190;07/08/24;9
Perdizes;Arena Allianz Parque;-23,527;-46,678;190;08/08/24;1
Perdizes;Arena Allianz Parque;-23,527;-46,678;190;08/08/24;1
Perdizes;Arena Allianz Parque;-23,527;-46,678;190;08/08/24;2
Perdizes;Arena Allianz Parque;-23,527;-46,678;190;08/08/24;2
Perdizes;Arena Allianz Parque;-23,527;-46,678;190;08/08/24;2
Perdizes;Arena Allianz Parque;-23,527;-46,678;190;08/08/24;3
Perdizes;Arena Allianz Parque;-23,527;-46,678;190;08/08/24;3
Perdizes;Arena Allianz Parque;-23,527;-46,678;190;08/08/24;5
Perdizes;Arena Allianz Parque;-23,527;-46,678;190;08/08/24;5
Perdizes;Arena Allianz Parque;-23,527;-46,678;190;08/08/24;8
Perdizes;Arena Allianz Parque;-23,527;-46,678;100;01/09/24;1
Perdizes;Arena Allianz Parque;-23,527;-46,678;100;01/09/24;1
Perdizes;Arena Allianz Parque;-23,527;-46,678;100;01/09/24;3
Perdizes;Arena Allianz Parque;-23,527;-46,678;100;01/09/24;3
Perdizes;Arena Allianz Parque;-23,527;-46,678;100;01/09/24;3
Perdizes;Arena Allianz Parque;-23,527;-46,678;100;01/09/24;4
Perdizes;Arena Allianz Parque;-23,527;-46,678;100;01/09/24;4
Perdizes;Arena Allianz Parque;-23,527;-46,678;100;01/09/24;4
Perdizes;Arena Allianz Parque;-23,527;-46,678;100;01/09/24;4
Perdizes;Arena Allianz Parque;-23,527;-46,678;100;01/09/24;5
Perdizes;Arena Allianz Parque;-23,527;-46,678;100;01/09/24;6
Perdizes;Arena Allianz Parque;-23,527;-46,678;100;01/09/24;7
Perdizes;Arena Allianz Parque;-23,527;-46,678;100;01/09/24;8
Perdizes;Arena Allianz Parque;-23,527;-46,678;100;01/09/24;8
Perdizes;Arena Allianz Parque;-23,527;-46,678;100;01/09/24;9
Perdizes;Arena Allianz Parque;-23,527;-46,678;100;01/09/24;10
Perdizes;Arena Allianz Parque;-23,527;-46,678;100;02/09/24;1
Perdizes;Arena Allianz Parque;-23,527;-46,678;100;02/09/24;2
Perdizes;Arena Allianz Parque;-23,527;-46,678;100;02/09/24;5
Perdizes;Arena Allianz Parque;-23,527;-46,678;100;02/09/24;5
Perdizes;Arena Allianz Parque;-23,527;-46,678;100;02/09/24;6
Perdizes;Arena Allianz Parque;-23,527;-46,678;100;02/09/24;6
Perdizes;Arena Allianz Parque;-23,527;-46,678;100;02/09/24;6
Perdizes;Arena Allianz Parque;-23,527;-46,678;100;02/09/24;6
Perdizes;Arena Allianz Parque;-23,527;-46,678;100;02/09/24;7
Perdizes;Arena Allianz Parque;-23,527;-46,678;100;02/09/24;8
Perdizes;Arena Allianz Parque;-23,527;-46,678;100;02/09/24;8
Perdizes;Arena Allianz Parque;-23,527;-46,678;100;02/09/24;8
Perdizes;Arena Allianz Parque;-23,527;-46,678;100;02/09/24;8
Perdizes;Arena Allianz Parque;-23,527;-46,678;100;03/09/24;1
Perdizes;Arena Allianz Parque;-23,527;-46,678;100;03/09/24;1
Perdizes;Arena Allianz Parque;-23,527;-46,678;100;03/09/24;1
Perdizes;Arena Allianz Parque;-23,527;-46,678;100;03/09/24;3
Perdizes;Arena Allianz Parque;-23,527;-46,678;100;03/09/24;3
Perdizes;Arena Allianz Parque;-23,527;-46,678;100;03/09/24;4
Perdizes;Arena Allianz Parque;-23,527;-46,678;100;03/09/24;4
Perdizes;Arena Allianz Parque;-23,527;-46,678;100;03/09/24;4
Perdizes;Arena Allianz Parque;-23,527;-46,678;100;03/09/24;5
Perdizes;Arena Allianz Parque;-23,527;-46,678;100;03/09/24;5
Perdizes;Arena Allianz Parque;-23,527;-46,678;100;03/09/24;5
Perdizes;Arena Allianz Parque;-23,527;-46,678;100;03/09/24;5
Perdizes;Arena Allianz Parque;-23,527;-46,678;100;03/09/24;6
Perdizes;Arena Allianz Parque;-23,527;-46,678;100;03/09/24;7
Perdizes;Arena Allianz Parque;-23,527;-46,678;100;03/09/24;8
Perdizes;Arena Allianz Parque;-23,527;-46,678;100;03/09/24;8
Perdizes;Arena Allianz Parque;-23,527;-46,678;100;03/09/24;9
Perdizes;Arena Allianz Parque;-23,527;-46,678;100;03/09/24;10
Perdizes;Arena Allianz Parque;-23,527;-46,678;100;03/09/24;10
Perdizes;Arena Allianz Parque;-23,527;-46,678;100;04/09/24;2
Perdizes;Arena Allianz Parque;-23,527;-46,678;100;04/09/24;2
Perdizes;Arena Allianz Parque;-23,527;-46,678;100;04/09/24;3
Perdizes;Arena Allianz Parque;-23,527;-46,678;100;04/09/24;3
Perdizes;Arena Allianz Parque;-23,527;-46,678;100;04/09/24;5
Perdizes;Arena Allianz Parque;-23,527;-46,678;100;04/09/24;5
Perdizes;Arena Allianz Parque;-23,527;-46,678;100;04/09/24;5
Perdizes;Arena Allianz Parque;-23,527;-46,678;100;04/09/24;6
Perdizes;Arena Allianz Parque;-23,527;-46,678;100;04/09/24;6
Perdizes;Arena Allianz Parque;-23,527;-46,678;100;04/09/24;6
Perdizes;Arena Allianz Parque;-23,527;-46,678;100;04/09/24;6
Perdizes;Arena Allianz Parque;-23,527;-46,678;100;04/09/24;7
Perdizes;Arena Allianz Parque;-23,527;-46,678;100;04/09/24;7
Perdizes;Arena Allianz Parque;-23,527;-46,678;100;04/09/24;8
Perdizes;Arena Allianz Parque;-23,527;-46,678;100;04/09/24;8
Perdizes;Arena Allianz Parque;-23,527;-46,678;100;04/09/24;9
Perdizes;Arena Allianz Parque;-23,527;-46,678;100;04/09/24;10
Perdizes;Arena Allianz Parque;-23,527;-46,678;100;05/09/24;1
Perdizes;Arena Allianz Parque;-23,527;-46,678;100;05/09/24;1
Perdizes;Arena Allianz Parque;-23,527;-46,678;100;05/09/24;2
Perdizes;Arena Allianz Parque;-23,527;-46,678;100;05/09/24;2
Perdizes;Arena Allianz Parque;-23,527;-46,678;100;05/09/24;2
Perdizes;Arena Allianz Parque;-23,527;-46,678;100;05/09/24;2
Perdizes;Arena Allianz Parque;-23,527;-46,678;100;05/09/24;3
Perdizes;Arena Allianz Parque;-23,527;-46,678;100;05/09/24;3
Perdizes;Arena Allianz Parque;-23,527;-46,678;100;05/09/24;4
Perdizes;Arena Allianz Parque;-23,527;-46,678;100;05/09/24;4
Perdizes;Arena Allianz Parque;-23,527;-46,678;100;05/09/24;4
Perdizes;Arena Allianz Parque;-23,527;-46,678;100;05/09/24;5
Perdizes;Arena Allianz Parque;-23,527;-46,678;100;05/09/24;5
Perdizes;Arena Allianz Parque;-23,527;-46,678;100;05/09/24;6
Perdizes;Arena Allianz Parque;-23,527;-46,678;100;05/09/24;7
Perdizes;Arena Allianz Parque;-23,527;-46,678;100;05/09/24;7
Perdizes;Arena Allianz Parque;-23,527;-46,678;100;05/09/24;9
Perdizes;Arena Allianz Parque;-23,527;-46,678;100;05/09/24;10
Perdizes;Arena Allianz Parque;-23,527;-46,678;100;05/09/24;10
Perdizes;Arena Allianz Parque;-23,527;-46,678;100;05/09/24;10
Perdizes;Arena Allianz Parque;-23,527;-46,678;100;06/09/24;1
Perdizes;Arena Allianz Parque;-23,527;-46,678;100;06/09/24;2
Perdizes;Arena Allianz Parque;-23,527;-46,678;100;06/09/24;3
Perdizes;Arena Allianz Parque;-23,527;-46,678;100;06/09/24;3
Perdizes;Arena Allianz Parque;-23,527;-46,678;100;06/09/24;4
Perdizes;Arena Allianz Parque;-23,527;-46,678;100;06/09/24;4
Perdizes;Arena Allianz Parque;-23,527;-46,678;100;06/09/24;4
Perdizes;Arena Allianz Parque;-23,527;-46,678;100;06/09/24;4
Perdizes;Arena Allianz Parque;-23,527;-46,678;100;06/09/24;4
Perdizes;Arena Allianz Parque;-23,527;-46,678;100;06/09/24;5
Perdizes;Arena Allianz Parque;-23,527;-46,678;100;06/09/24;5
Perdizes;Arena Allianz Parque;-23,527;-46,678;100;06/09/24;6
Perdizes;Arena Allianz Parque;-23,527;-46,678;100;06/09/24;6
Perdizes;Arena Allianz Parque;-23,527;-46,678;100;06/09/24;7
Perdizes;Arena Allianz Parque;-23,527;-46,678;100;06/09/24;7
Perdizes;Arena Allianz Parque;-23,527;-46,678;100;06/09/24;8
Perdizes;Arena Allianz Parque;-23,527;-46,678;100;06/09/24;8
Perdizes;Arena Allianz Parque;-23,527;-46,678;100;06/09/24;9
Perdizes;Arena Allianz Parque;-23,527;-46,678;100;06/09/24;10
Perdizes;Arena Allianz Parque;-23,527;-46,678;100;06/09/24;10
Perdizes;Arena Allianz Parque;-23,527;-46,678;100;06/09/24;10
Perdizes;Arena Allianz Parque;-23,527;-46,678;100;06/09/24;10
Perdizes;Arena Allianz Parque;-23,527;-46,678;100;07/09/24;1
Perdizes;Arena Allianz Parque;-23,527;-46,678;100;07/09/24;1
Perdizes;Arena Allianz Parque;-23,527;-46,678;100;07/09/24;1
Perdizes;Arena Allianz Parque;-23,527;-46,678;100;07/09/24;1
Perdizes;Arena Allianz Parque;-23,527;-46,678;100;07/09/24;2
Perdizes;Arena Allianz Parque;-23,527;-46,678;100;07/09/24;2
Perdizes;Arena Allianz Parque;-23,527;-46,678;100;07/09/24;3
Perdizes;Arena Allianz Parque;-23,527;-46,678;100;07/09/24;3
Perdizes;Arena Allianz Parque;-23,527;-46,678;100;07/09/24;4
Perdizes;Arena Allianz Parque;-23,527;-46,678;100;07/09/24;4
Perdizes;Arena Allianz Parque;-23,527;-46,678;100;07/09/24;5
Perdizes;Arena Allianz Parque;-23,527;-46,678;100;07/09/24;6
Perdizes;Arena Allianz Parque;-23,527;-46,678;100;07/09/24;7
Perdizes;Arena Allianz Parque;-23,527;-46,678;100;07/09/24;7
Perdizes;Arena Allianz Parque;-23,527;-46,678;100;07/09/24;9
Perdizes;Arena Allianz Parque;-23,527;-46,678;100;07/09/24;9
Perdizes;Arena Allianz Parque;-23,527;-46,678;100;07/09/24;9
Perdizes;Arena Allianz Parque;-23,527;-46,678;100;08/09/24;1
Perdizes;Arena Allianz Parque;-23,527;-46,678;100;08/09/24;1
Perdizes;Arena Allianz Parque;-23,527;-46,678;100;08/09/24;2
Perdizes;Arena Allianz Parque;-23,527;-46,678;100;08/09/24;2
Perdizes;Arena Allianz Parque;-23,527;-46,678;100;08/09/24;2
Perdizes;Arena Allianz Parque;-23,527;-46,678;100;08/09/24;2
Perdizes;Arena Allianz Parque;-23,527;-46,678;100;08/09/24;3
Perdizes;Arena Allianz Parque;-23,527;-46,678;100;08/09/24;3
Perdizes;Arena Allianz Parque;-23,527;-46,678;100;08/09/24;3
Perdizes;Arena Allianz Parque;-23,527;-46,678;100;08/09/24;4
Perdizes;Arena Allianz Parque;-23,527;-46,678;100;08/09/24;4
Perdizes;Arena Allianz Parque;-23,527;-46,678;100;08/09/24;7
Perdizes;Arena Allianz Parque;-23,527;-46,678;100;08/09/24;7
Perdizes;Arena Allianz Parque;-23,527;-46,678;100;08/09/24;7
Perdizes;Arena Allianz Parque;-23,527;-46,678;100;08/09/24;8
Perdizes;Arena Allianz Parque;-23,527;-46,678;100;08/09/24;9
Perdizes;Arena Allianz Parque;-23,527;-46,678;100;08/09/24;9
Perdizes;Arena Allianz Parque;-23,527;-46,678;100;08/09/24;9
Perdizes;Arena Allianz Parque;-23,527;-46,678;100;08/09/24;9
Perdizes;Arena Allianz Parque;-23,527;-46,678;100;08/09/24;9
Perdizes;Arena Allianz Parque;-23,527;-46,678;100;08/09/24;9
Perdizes;Arena Allianz Parque;-23,527;-46,678;100;08/09/24;10
Perdizes;Arena Allianz Parque;-23,527;-46,678;160;01/10/24;2
Perdizes;Arena Allianz Parque;-23,527;-46,678;160;01/10/24;3
Perdizes;Arena Allianz Parque;-23,527;-46,678;160;01/10/24;3
Perdizes;Arena Allianz Parque;-23,527;-46,678;160;01/10/24;3
Perdizes;Arena Allianz Parque;-23,527;-46,678;160;01/10/24;3
Perdizes;Arena Allianz Parque;-23,527;-46,678;160;01/10/24;3
Perdizes;Arena Allianz Parque;-23,527;-46,678;160;01/10/24;3
Perdizes;Arena Allianz Parque;-23,527;-46,678;160;01/10/24;4
Perdizes;Arena Allianz Parque;-23,527;-46,678;160;01/10/24;5
Perdizes;Arena Allianz Parque;-23,527;-46,678;160;01/10/24;6
Perdizes;Arena Allianz Parque;-23,527;-46,678;160;01/10/24;6
Perdizes;Arena Allianz Parque;-23,527;-46,678;160;01/10/24;6
Perdizes;Arena Allianz Parque;-23,527;-46,678;160;01/10/24;7
Perdizes;Arena Allianz Parque;-23,527;-46,678;160;02/10/24;3
Perdizes;Arena Allianz Parque;-23,527;-46,678;160;02/10/24;4
Perdizes;Arena Allianz Parque;-23,527;-46,678;160;02/10/24;5
Perdizes;Arena Allianz Parque;-23,527;-46,678;160;02/10/24;6
Perdizes;Arena Allianz Parque;-23,527;-46,678;160;02/10/24;6
Perdizes;Arena Allianz Parque;-23,527;-46,678;160;02/10/24;6
Perdizes;Arena Allianz Parque;-23,527;-46,678;160;02/10/24;8
Perdizes;Arena Allianz Parque;-23,527;-46,678;160;02/10/24;10
Perdizes;Arena Allianz Parque;-23,527;-46,678;160;02/10/24;10
Perdizes;Arena Allianz Parque;-23,527;-46,678;160;02/10/24;10
Perdizes;Arena Allianz Parque;-23,527;-46,678;160;02/10/24;10
Perdizes;Arena Allianz Parque;-23,527;-46,678;160;02/10/24;10
Perdizes;Arena Allianz Parque;-23,527;-46,678;160;02/10/24;10
Perdizes;Arena Allianz Parque;-23,527;-46,678;160;03/10/24;1
Perdizes;Arena Allianz Parque;-23,527;-46,678;160;03/10/24;1
Perdizes;Arena Allianz Parque;-23,527;-46,678;160;03/10/24;2
Perdizes;Arena Allianz Parque;-23,527;-46,678;160;03/10/24;3
Perdizes;Arena Allianz Parque;-23,527;-46,678;160;03/10/24;4
Perdizes;Arena Allianz Parque;-23,527;-46,678;160;03/10/24;5
Perdizes;Arena Allianz Parque;-23,527;-46,678;160;03/10/24;5
Perdizes;Arena Allianz Parque;-23,527;-46,678;160;03/10/24;6
Perdizes;Arena Allianz Parque;-23,527;-46,678;160;03/10/24;8
Perdizes;Arena Allianz Parque;-23,527;-46,678;160;03/10/24;10
Perdizes;Arena Allianz Parque;-23,527;-46,678;160;03/10/24;10
Perdizes;Arena Allianz Parque;-23,527;-46,678;160;04/10/24;2
Perdizes;Arena Allianz Parque;-23,527;-46,678;160;04/10/24;2
Perdizes;Arena Allianz Parque;-23,527;-46,678;160;04/10/24;4
Perdizes;Arena Allianz Parque;-23,527;-46,678;160;04/10/24;5
Perdizes;Arena Allianz Parque;-23,527;-46,678;160;04/10/24;6
Perdizes;Arena Allianz Parque;-23,527;-46,678;160;04/10/24;6
Perdizes;Arena Allianz Parque;-23,527;-46,678;160;04/10/24;8
Perdizes;Arena Allianz Parque;-23,527;-46,678;160;04/10/24;8
Perdizes;Arena Allianz Parque;-23,527;-46,678;160;04/10/24;8
Perdizes;Arena Allianz Parque;-23,527;-46,678;160;05/10/24;1
Perdizes;Arena Allianz Parque;-23,527;-46,678;160;05/10/24;1
Perdizes;Arena Allianz Parque;-23,527;-46,678;160;05/10/24;1
Perdizes;Arena Allianz Parque;-23,527;-46,678;160;05/10/24;3
Perdizes;Arena Allianz Parque;-23,527;-46,678;160;05/10/24;3
Perdizes;Arena Allianz Parque;-23,527;-46,678;160;05/10/24;3
Perdizes;Arena Allianz Parque;-23,527;-46,678;160;05/10/24;4
Perdizes;Arena Allianz Parque;-23,527;-46,678;160;05/10/24;4
Perdizes;Arena Allianz Parque;-23,527;-46,678;160;05/10/24;4
Perdizes;Arena Allianz Parque;-23,527;-46,678;160;05/10/24;5
Perdizes;Arena Allianz Parque;-23,527;-46,678;160;05/10/24;5
Perdizes;Arena Allianz Parque;-23,527;-46,678;160;05/10/24;5
Perdizes;Arena Allianz Parque;-23,527;-46,678;160;05/10/24;6
Perdizes;Arena Allianz Parque;-23,527;-46,678;160;05/10/24;6
Perdizes;Arena Allianz Parque;-23,527;-46,678;160;05/10/24;7
Perdizes;Arena Allianz Parque;-23,527;-46,678;160;05/10/24;8
Perdizes;Arena Allianz Parque;-23,527;-46,678;160;05/10/24;8
Perdizes;Arena Allianz Parque;-23,527;-46,678;160;05/10/24;8
Perdizes;Arena Allianz Parque;-23,527;-46,678;160;05/10/24;10
Perdizes;Arena Allianz Parque;-23,527;-46,678;160;06/10/24;2
Perdizes;Arena Allianz Parque;-23,527;-46,678;160;06/10/24;2
Perdizes;Arena Allianz Parque;-23,527;-46,678;160;06/10/24;3
Perdizes;Arena Allianz Parque;-23,527;-46,678;160;06/10/24;4
Perdizes;Arena Allianz Parque;-23,527;-46,678;160;06/10/24;4
Perdizes;Arena Allianz Parque;-23,527;-46,678;160;06/10/24;4
Perdizes;Arena Allianz Parque;-23,527;-46,678;160;07/10/24;2
Perdizes;Arena Allianz Parque;-23,527;-46,678;160;07/10/24;3
Perdizes;Arena Allianz Parque;-23,527;-46,678;160;07/10/24;4
Perdizes;Arena Allianz Parque;-23,527;-46,678;160;07/10/24;5
Perdizes;Arena Allianz Parque;-23,527;-46,678;160;07/10/24;7
Perdizes;Arena Allianz Parque;-23,527;-46,678;160;07/10/24;9
Perdizes;Arena Allianz Parque;-23,527;-46,678;160;08/10/24;1
Perdizes;Arena Allianz Parque;-23,527;-46,678;160;08/10/24;1
Perdizes;Arena Allianz Parque;-23,527;-46,678;160;08/10/24;2
Perdizes;Arena Allianz Parque;-23,527;-46,678;160;08/10/24;3
Perdizes;Arena Allianz Parque;-23,527;-46,678;160;08/10/24;4
Perdizes;Arena Allianz Parque;-23,527;-46,678;160;08/10/24;4
Perdizes;Arena Allianz Parque;-23,527;-46,678;160;08/10/24;7
Perdizes;Arena Allianz Parque;-23,527;-46,678;160;08/10/24;7
Perdizes;Arena Allianz Parque;-23,527;-46,678;160;08/10/24;8
Perdizes;Arena Allianz Parque;-23,527;-46,678;160;08/10/24;8
Perdizes;Arena Allianz Parque;-23,527;-46,678;160;08/10/24;9
Perdizes;Arena Allianz Parque;-23,527;-46,678;170;01/11/24;1
Perdizes;Arena Allianz Parque;-23,527;-46,678;170;01/11/24;4
Perdizes;Arena Allianz Parque;-23,527;-46,678;170;01/11/24;5
Perdizes;Arena Allianz Parque;-23,527;-46,678;170;01/11/24;6
Perdizes;Arena Allianz Parque;-23,527;-46,678;170;01/11/24;7
Perdizes;Arena Allianz Parque;-23,527;-46,678;170;01/11/24;7
Perdizes;Arena Allianz Parque;-23,527;-46,678;170;01/11/24;8
Perdizes;Arena Allianz Parque;-23,527;-46,678;170;01/11/24;8
Perdizes;Arena Allianz Parque;-23,527;-46,678;170;01/11/24;9
Perdizes;Arena Allianz Parque;-23,527;-46,678;170;01/11/24;10
Perdizes;Arena Allianz Parque;-23,527;-46,678;170;01/11/24;10
Perdizes;Arena Allianz Parque;-23,527;-46,678;170;01/11/24;10
Perdizes;Arena Allianz Parque;-23,527;-46,678;170;02/11/24;1
Perdizes;Arena Allianz Parque;-23,527;-46,678;170;02/11/24;1
Perdizes;Arena Allianz Parque;-23,527;-46,678;170;02/11/24;2
Perdizes;Arena Allianz Parque;-23,527;-46,678;170;02/11/24;3
Perdizes;Arena Allianz Parque;-23,527;-46,678;170;02/11/24;3
Perdizes;Arena Allianz Parque;-23,527;-46,678;170;02/11/24;3
Perdizes;Arena Allianz Parque;-23,527;-46,678;170;02/11/24;3
Perdizes;Arena Allianz Parque;-23,527;-46,678;170;02/11/24;4
Perdizes;Arena Allianz Parque;-23,527;-46,678;170;02/11/24;4
Perdizes;Arena Allianz Parque;-23,527;-46,678;170;02/11/24;5
Perdizes;Arena Allianz Parque;-23,527;-46,678;170;02/11/24;5
Perdizes;Arena Allianz Parque;-23,527;-46,678;170;02/11/24;6
Perdizes;Arena Allianz Parque;-23,527;-46,678;170;02/11/24;6
Perdizes;Arena Allianz Parque;-23,527;-46,678;170;02/11/24;7
Perdizes;Arena Allianz Parque;-23,527;-46,678;170;02/11/24;9
Perdizes;Arena Allianz Parque;-23,527;-46,678;170;03/11/24;1
Perdizes;Arena Allianz Parque;-23,527;-46,678;170;03/11/24;1
Perdizes;Arena Allianz Parque;-23,527;-46,678;170;03/11/24;2
Perdizes;Arena Allianz Parque;-23,527;-46,678;170;03/11/24;2
Perdizes;Arena Allianz Parque;-23,527;-46,678;170;03/11/24;3
Perdizes;Arena Allianz Parque;-23,527;-46,678;170;03/11/24;3
Perdizes;Arena Allianz Parque;-23,527;-46,678;170;03/11/24;6
Perdizes;Arena Allianz Parque;-23,527;-46,678;170;03/11/24;6
Perdizes;Arena Allianz Parque;-23,527;-46,678;170;03/11/24;7
Perdizes;Arena Allianz Parque;-23,527;-46,678;170;04/11/24;1
Perdizes;Arena Allianz Parque;-23,527;-46,678;170;04/11/24;3
Perdizes;Arena Allianz Parque;-23,527;-46,678;170;04/11/24;4
Perdizes;Arena Allianz Parque;-23,527;-46,678;170;04/11/24;4
Perdizes;Arena Allianz Parque;-23,527;-46,678;170;04/11/24;5
Perdizes;Arena Allianz Parque;-23,527;-46,678;170;04/11/24;5
Perdizes;Arena Allianz Parque;-23,527;-46,678;170;04/11/24;6
Perdizes;Arena Allianz Parque;-23,527;-46,678;170;04/11/24;7
Perdizes;Arena Allianz Parque;-23,527;-46,678;170;04/11/24;7
Perdizes;Arena Allianz Parque;-23,527;-46,678;170;04/11/24;8
Perdizes;Arena Allianz Parque;-23,527;-46,678;170;04/11/24;8
Perdizes;Arena Allianz Parque;-23,527;-46,678;170;04/11/24;9
Perdizes;Arena Allianz Parque;-23,527;-46,678;170;04/11/24;9
Perdizes;Arena Allianz Parque;-23,527;-46,678;170;04/11/24;9
Perdizes;Arena Allianz Parque;-23,527;-46,678;170;05/11/24;1
Perdizes;Arena Allianz Parque;-23,527;-46,678;170;05/11/24;1
Perdizes;Arena Allianz Parque;-23,527;-46,678;170;05/11/24;1
Perdizes;Arena Allianz Parque;-23,527;-46,678;170;05/11/24;1
Perdizes;Arena Allianz Parque;-23,527;-46,678;170;05/11/24;1
Perdizes;Arena Allianz Parque;-23,527;-46,678;170;05/11/24;4
Perdizes;Arena Allianz Parque;-23,527;-46,678;170;05/11/24;4
Perdizes;Arena Allianz Parque;-23,527;-46,678;170;05/11/24;6
Perdizes;Arena Allianz Parque;-23,527;-46,678;170;05/11/24;9
Perdizes;Arena Allianz Parque;-23,527;-46,678;170;05/11/24;9
Perdizes;Arena Allianz Parque;-23,527;-46,678;170;05/11/24;9
Perdizes;Arena Allianz Parque;-23,527;-46,678;170;05/11/24;10
Perdizes;Arena Allianz Parque;-23,527;-46,678;170;06/11/24;1
Perdizes;Arena Allianz Parque;-23,527;-46,678;170;06/11/24;1
Perdizes;Arena Allianz Parque;-23,527;-46,678;170;06/11/24;1
Perdizes;Arena Allianz Parque;-23,527;-46,678;170;06/11/24;1
Perdizes;Arena Allianz Parque;-23,527;-46,678;170;06/11/24;1
Perdizes;Arena Allianz Parque;-23,527;-46,678;170;06/11/24;2
Perdizes;Arena Allianz Parque;-23,527;-46,678;170;06/11/24;4
Perdizes;Arena Allianz Parque;-23,527;-46,678;170;06/11/24;4
Perdizes;Arena Allianz Parque;-23,527;-46,678;170;06/11/24;4
Perdizes;Arena Allianz Parque;-23,527;-46,678;170;06/11/24;6
Perdizes;Arena Allianz Parque;-23,527;-46,678;170;06/11/24;6
Perdizes;Arena Allianz Parque;-23,527;-46,678;170;06/11/24;6
Perdizes;Arena Allianz Parque;-23,527;-46,678;170;06/11/24;8
Perdizes;Arena Allianz Parque;-23,527;-46,678;170;06/11/24;9
Perdizes;Arena Allianz Parque;-23,527;-46,678;170;06/11/24;9
Perdizes;Arena Allianz Parque;-23,527;-46,678;170;06/11/24;9
Perdizes;Arena Allianz Parque;-23,527;-46,678;170;06/11/24;10
Perdizes;Arena Allianz Parque;-23,527;-46,678;170;06/11/24;10
Perdizes;Arena Allianz Parque;-23,527;-46,678;170;07/11/24;1
Perdizes;Arena Allianz Parque;-23,527;-46,678;170;07/11/24;3
Perdizes;Arena Allianz Parque;-23,527;-46,678;170;07/11/24;3
Perdizes;Arena Allianz Parque;-23,527;-46,678;170;07/11/24;3
Perdizes;Arena Allianz Parque;-23,527;-46,678;170;07/11/24;4
Perdizes;Arena Allianz Parque;-23,527;-46,678;170;07/11/24;4
Perdizes;Arena Allianz Parque;-23,527;-46,678;170;07/11/24;6
Perdizes;Arena Allianz Parque;-23,527;-46,678;170;07/11/24;6
Perdizes;Arena Allianz Parque;-23,527;-46,678;170;07/11/24;8
Perdizes;Arena Allianz Parque;-23,527;-46,678;170;07/11/24;8
Perdizes;Arena Allianz Parque;-23,527;-46,678;170;07/11/24;8
Perdizes;Arena Allianz Parque;-23,527;-46,678;170;07/11/24;8
Perdizes;Arena Allianz Parque;-23,527;-46,678;170;07/11/24;10
Perdizes;Arena Allianz Parque;-23,527;-46,678;170;07/11/24;10
Perdizes;Arena Allianz Parque;-23,527;-46,678;170;08/11/24;2
Perdizes;Arena Allianz Parque;-23,527;-46,678;170;08/11/24;2
Perdizes;Arena Allianz Parque;-23,527;-46,678;170;08/11/24;3
Perdizes;Arena Allianz Parque;-23,527;-46,678;170;08/11/24;4
Perdizes;Arena Allianz Parque;-23,527;-46,678;170;08/11/24;4
Perdizes;Arena Allianz Parque;-23,527;-46,678;170;08/11/24;4
Perdizes;Arena Allianz Parque;-23,527;-46,678;170;08/11/24;7
Perdizes;Arena Allianz Parque;-23,527;-46,678;170;08/11/24;7
Perdizes;Arena Allianz Parque;-23,527;-46,678;170;08/11/24;10
Perdizes;Arena Allianz Parque;-23,527;-46,678;170;08/11/24;10
Perdizes;Arena Allianz Parque;-23,527;-46,678;210;01/12/24;1
Perdizes;Arena Allianz Parque;-23,527;-46,678;210;01/12/24;1
Perdizes;Arena Allianz Parque;-23,527;-46,678;210;01/12/24;2
Perdizes;Arena Allianz Parque;-23,527;-46,678;210;01/12/24;4
Perdizes;Arena Allianz Parque;-23,527;-46,678;210;01/12/24;4
Perdizes;Arena Allianz Parque;-23,527;-46,678;210;01/12/24;5
Perdizes;Arena Allianz Parque;-23,527;-46,678;210;01/12/24;6
Perdizes;Arena Allianz Parque;-23,527;-46,678;210;01/12/24;6
Perdizes;Arena Allianz Parque;-23,527;-46,678;210;01/12/24;7
Perdizes;Arena Allianz Parque;-23,527;-46,678;210;01/12/24;7
Perdizes;Arena Allianz Parque;-23,527;-46,678;210;01/12/24;7
Perdizes;Arena Allianz Parque;-23,527;-46,678;210;01/12/24;7
Perdizes;Arena Allianz Parque;-23,527;-46,678;210;01/12/24;7
Perdizes;Arena Allianz Parque;-23,527;-46,678;210;01/12/24;8
Perdizes;Arena Allianz Parque;-23,527;-46,678;210;01/12/24;8
Perdizes;Arena Allianz Parque;-23,527;-46,678;210;01/12/24;8
Perdizes;Arena Allianz Parque;-23,527;-46,678;210;01/12/24;9
Perdizes;Arena Allianz Parque;-23,527;-46,678;210;01/12/24;9
Perdizes;Arena Allianz Parque;-23,527;-46,678;210;01/12/24;9
Perdizes;Arena Allianz Parque;-23,527;-46,678;210;01/12/24;9
Perdizes;Arena Allianz Parque;-23,527;-46,678;210;01/12/24;9
Perdizes;Arena Allianz Parque;-23,527;-46,678;210;01/12/24;10
Perdizes;Arena Allianz Parque;-23,527;-46,678;210;01/12/24;10
Perdizes;Arena Allianz Parque;-23,527;-46,678;210;02/12/24;1
Perdizes;Arena Allianz Parque;-23,527;-46,678;210;02/12/24;1
Perdizes;Arena Allianz Parque;-23,527;-46,678;210;02/12/24;2
Perdizes;Arena Allianz Parque;-23,527;-46,678;210;02/12/24;3
Perdizes;Arena Allianz Parque;-23,527;-46,678;210;02/12/24;3
Perdizes;Arena Allianz Parque;-23,527;-46,678;210;02/12/24;3
Perdizes;Arena Allianz Parque;-23,527;-46,678;210;02/12/24;4
Perdizes;Arena Allianz Parque;-23,527;-46,678;210;02/12/24;7
Perdizes;Arena Allianz Parque;-23,527;-46,678;210;02/12/24;7
Perdizes;Arena Allianz Parque;-23,527;-46,678;210;02/12/24;7
Perdizes;Arena Allianz Parque;-23,527;-46,678;210;02/12/24;7
Perdizes;Arena Allianz Parque;-23,527;-46,678;210;02/12/24;8
Perdizes;Arena Allianz Parque;-23,527;-46,678;210;02/12/24;9
Perdizes;Arena Allianz Parque;-23,527;-46,678;210;02/12/24;10
Perdizes;Arena Allianz Parque;-23,527;-46,678;210;02/12/24;10
Perdizes;Arena Allianz Parque;-23,527;-46,678;210;02/12/24;10
Perdizes;Arena Allianz Parque;-23,527;-46,678;210;02/12/24;10
Perdizes;Arena Allianz Parque;-23,527;-46,678;210;03/12/24;1
Perdizes;Arena Allianz Parque;-23,527;-46,678;210;03/12/24;2
Perdizes;Arena Allianz Parque;-23,527;-46,678;210;03/12/24;2
Perdizes;Arena Allianz Parque;-23,527;-46,678;210;03/12/24;4
Perdizes;Arena Allianz Parque;-23,527;-46,678;210;03/12/24;4
Perdizes;Arena Allianz Parque;-23,527;-46,678;210;03/12/24;6
Perdizes;Arena Allianz Parque;-23,527;-46,678;210;03/12/24;6
Perdizes;Arena Allianz Parque;-23,527;-46,678;210;03/12/24;7
Perdizes;Arena Allianz Parque;-23,527;-46,678;210;03/12/24;8
Perdizes;Arena Allianz Parque;-23,527;-46,678;210;03/12/24;9
Perdizes;Arena Allianz Parque;-23,527;-46,678;210;03/12/24;9
Perdizes;Arena Allianz Parque;-23,527;-46,678;210;03/12/24;9
Perdizes;Arena Allianz Parque;-23,527;-46,678;210;03/12/24;10
Perdizes;Arena Allianz Parque;-23,527;-46,678;210;04/12/24;1
Perdizes;Arena Allianz Parque;-23,527;-46,678;210;04/12/24;1
Perdizes;Arena Allianz Parque;-23,527;-46,678;210;04/12/24;1
Perdizes;Arena Allianz Parque;-23,527;-46,678;210;04/12/24;1
Perdizes;Arena Allianz Parque;-23,527;-46,678;210;04/12/24;3
Perdizes;Arena Allianz Parque;-23,527;-46,678;210;04/12/24;3
Perdizes;Arena Allianz Parque;-23,527;-46,678;210;04/12/24;4
Perdizes;Arena Allianz Parque;-23,527;-46,678;210;04/12/24;4
Perdizes;Arena Allianz Parque;-23,527;-46,678;210;04/12/24;4
Perdizes;Arena Allianz Parque;-23,527;-46,678;210;04/12/24;4
Perdizes;Arena Allianz Parque;-23,527;-46,678;210;04/12/24;4
Perdizes;Arena Allianz Parque;-23,527;-46,678;210;04/12/24;6
Perdizes;Arena Allianz Parque;-23,527;-46,678;210;04/12/24;6
Perdizes;Arena Allianz Parque;-23,527;-46,678;210;04/12/24;8
Perdizes;Arena Allianz Parque;-23,527;-46,678;210;04/12/24;9
Perdizes;Arena Allianz Parque;-23,527;-46,678;210;04/12/24;10
Perdizes;Arena Allianz Parque;-23,527;-46,678;210;05/12/24;1
Perdizes;Arena Allianz Parque;-23,527;-46,678;210;05/12/24;2
Perdizes;Arena Allianz Parque;-23,527;-46,678;210;05/12/24;2
Perdizes;Arena Allianz Parque;-23,527;-46,678;210;05/12/24;3
Perdizes;Arena Allianz Parque;-23,527;-46,678;210;05/12/24;4
Perdizes;Arena Allianz Parque;-23,527;-46,678;210;05/12/24;4
Perdizes;Arena Allianz Parque;-23,527;-46,678;210;05/12/24;4
Perdizes;Arena Allianz Parque;-23,527;-46,678;210;05/12/24;4
Perdizes;Arena Allianz Parque;-23,527;-46,678;210;05/12/24;6
Perdizes;Arena Allianz Parque;-23,527;-46,678;210;05/12/24;7
Perdizes;Arena Allianz Parque;-23,527;-46,678;210;05/12/24;8
Perdizes;Arena Allianz Parque;-23,527;-46,678;210;05/12/24;9
Perdizes;Arena Allianz Parque;-23,527;-46,678;210;06/12/24;1
Perdizes;Arena Allianz Parque;-23,527;-46,678;210;06/12/24;1
Perdizes;Arena Allianz Parque;-23,527;-46,678;210;06/12/24;2
Perdizes;Arena Allianz Parque;-23,527;-46,678;210;06/12/24;3
Perdizes;Arena Allianz Parque;-23,527;-46,678;210;06/12/24;3
Perdizes;Arena Allianz Parque;-23,527;-46,678;210;06/12/24;3
Perdizes;Arena Allianz Parque;-23,527;-46,678;210;06/12/24;3
Perdizes;Arena Allianz Parque;-23,527;-46,678;210;06/12/24;4
Perdizes;Arena Allianz Parque;-23,527;-46,678;210;06/12/24;4
Perdizes;Arena Allianz Parque;-23,527;-46,678;210;06/12/24;4
Perdizes;Arena Allianz Parque;-23,527;-46,678;210;06/12/24;4
Perdizes;Arena Allianz Parque;-23,527;-46,678;210;06/12/24;4
Perdizes;Arena Allianz Parque;-23,527;-46,678;210;06/12/24;6
Perdizes;Arena Allianz Parque;-23,527;-46,678;210;06/12/24;7
Perdizes;Arena Allianz Parque;-23,527;-46,678;210;06/12/24;7
Perdizes;Arena Allianz Parque;-23,527;-46,678;210;06/12/24;8
Perdizes;Arena Allianz Parque;-23,527;-46,678;210;06/12/24;8
Perdizes;Arena Allianz Parque;-23,527;-46,678;210;06/12/24;8
Perdizes;Arena Allianz Parque;-23,527;-46,678;210;06/12/24;9
Perdizes;Arena Allianz Parque;-23,527;-46,678;210;06/12/24;10
Perdizes;Arena Allianz Parque;-23,527;-46,678;210;07/12/24;1
Perdizes;Arena Allianz Parque;-23,527;-46,678;210;07/12/24;1
Perdizes;Arena Allianz Parque;-23,527;-46,678;210;07/12/24;2
Perdizes;Arena Allianz Parque;-23,527;-46,678;210;07/12/24;5
Perdizes;Arena Allianz Parque;-23,527;-46,678;210;07/12/24;6
Perdizes;Arena Allianz Parque;-23,527;-46,678;210;07/12/24;6
Perdizes;Arena Allianz Parque;-23,527;-46,678;210;07/12/24;7
Perdizes;Arena Allianz Parque;-23,527;-46,678;210;07/12/24;7
Perdizes;Arena Allianz Parque;-23,527;-46,678;210;07/12/24;7
Perdizes;Arena Allianz Parque;-23,527;-46,678;210;07/12/24;7
Perdizes;Arena Allianz Parque;-23,527;-46,678;210;07/12/24;8
Perdizes;Arena Allianz Parque;-23,527;-46,678;210;07/12/24;8
Perdizes;Arena Allianz Parque;-23,527;-46,678;210;07/12/24;10
Perdizes;Arena Allianz Parque;-23,527;-46,678;210;07/12/24;10
Perdizes;Arena Allianz Parque;-23,527;-46,678;210;07/12/24;10
Perdizes;Arena Allianz Parque;-23,527;-46,678;210;07/12/24;10
Perdizes;Arena Allianz Parque;-23,527;-46,678;210;08/12/24;1
Perdizes;Arena Allianz Parque;-23,527;-46,678;210;08/12/24;3
Perdizes;Arena Allianz Parque;-23,527;-46,678;210;08/12/24;5
Perdizes;Arena Allianz Parque;-23,527;-46,678;210;08/12/24;5
Perdizes;Arena Allianz Parque;-23,527;-46,678;210;08/12/24;5
Perdizes;Arena Allianz Parque;-23,527;-46,678;210;08/12/24;5
Perdizes;Arena Allianz Parque;-23,527;-46,678;210;08/12/24;6
Perdizes;Arena Allianz Parque;-23,527;-46,678;210;08/12/24;6
Perdizes;Arena Allianz Parque;-23,527;-46,678;210;08/12/24;6
Perdizes;Arena Allianz Parque;-23,527;-46,678;210;08/12/24;6
Perdizes;Arena Allianz Parque;-23,527;-46,678;210;08/12/24;7
Perdizes;Arena Allianz Parque;-23,527;-46,678;210;08/12/24;7
Perdizes;Arena Allianz Parque;-23,527;-46,678;210;08/12/24;8
Perdizes;Arena Allianz Parque;-23,527;-46,678;210;08/12/24;8
Perdizes;Arena Allianz Parque;-23,527;-46,678;210;08/12/24;8
Perdizes;Arena Allianz Parque;-23,527;-46,678;210;08/12/24;9
Perdizes;Arena Allianz Parque;-23,527;-46,678;210;08/12/24;9
Perdizes;Arena Allianz Parque;-23,527;-46,678;210;08/12/24;10
Perdizes;Arena Allianz Parque;-23,527;-46,678;210;08/12/24;10
Perdizes;Arena Allianz Parque;-23,527;-46,678;150;01/01/25;3
Perdizes;Arena Allianz Parque;-23,527;-46,678;150;01/01/25;3
Perdizes;Arena Allianz Parque;-23,527;-46,678;150;01/01/25;3
Perdizes;Arena Allianz Parque;-23,527;-46,678;150;01/01/25;4
Perdizes;Arena Allianz Parque;-23,527;-46,678;150;01/01/25;4
Perdizes;Arena Allianz Parque;-23,527;-46,678;150;01/01/25;4
Perdizes;Arena Allianz Parque;-23,527;-46,678;150;01/01/25;4
Perdizes;Arena Allianz Parque;-23,527;-46,678;150;01/01/25;5
Perdizes;Arena Allianz Parque;-23,527;-46,678;150;01/01/25;5
Perdizes;Arena Allianz Parque;-23,527;-46,678;150;01/01/25;6
Perdizes;Arena Allianz Parque;-23,527;-46,678;150;01/01/25;7
Perdizes;Arena Allianz Parque;-23,527;-46,678;150;01/01/25;7
Perdizes;Arena Allianz Parque;-23,527;-46,678;150;01/01/25;7
Perdizes;Arena Allianz Parque;-23,527;-46,678;150;01/01/25;8
Perdizes;Arena Allianz Parque;-23,527;-46,678;150;01/01/25;8
Perdizes;Arena Allianz Parque;-23,527;-46,678;150;01/01/25;8
Perdizes;Arena Allianz Parque;-23,527;-46,678;150;02/01/25;3
Perdizes;Arena Allianz Parque;-23,527;-46,678;150;02/01/25;4
Perdizes;Arena Allianz Parque;-23,527;-46,678;150;02/01/25;4
Perdizes;Arena Allianz Parque;-23,527;-46,678;150;02/01/25;5
Perdizes;Arena Allianz Parque;-23,527;-46,678;150;02/01/25;5
Perdizes;Arena Allianz Parque;-23,527;-46,678;150;02/01/25;5
Perdizes;Arena Allianz Parque;-23,527;-46,678;150;02/01/25;7
Perdizes;Arena Allianz Parque;-23,527;-46,678;150;02/01/25;7
Perdizes;Arena Allianz Parque;-23,527;-46,678;150;02/01/25;10
Perdizes;Arena Allianz Parque;-23,527;-46,678;150;03/01/25;1
Perdizes;Arena Allianz Parque;-23,527;-46,678;150;03/01/25;1
Perdizes;Arena Allianz Parque;-23,527;-46,678;150;03/01/25;1
Perdizes;Arena Allianz Parque;-23,527;-46,678;150;03/01/25;1
Perdizes;Arena Allianz Parque;-23,527;-46,678;150;03/01/25;2
Perdizes;Arena Allianz Parque;-23,527;-46,678;150;03/01/25;4
Perdizes;Arena Allianz Parque;-23,527;-46,678;150;03/01/25;5
Perdizes;Arena Allianz Parque;-23,527;-46,678;150;03/01/25;5
Perdizes;Arena Allianz Parque;-23,527;-46,678;150;03/01/25;6
Perdizes;Arena Allianz Parque;-23,527;-46,678;150;03/01/25;7
Perdizes;Arena Allianz Parque;-23,527;-46,678;150;03/01/25;7
Perdizes;Arena Allianz Parque;-23,527;-46,678;150;03/01/25;8
Perdizes;Arena Allianz Parque;-23,527;-46,678;150;03/01/25;10
Perdizes;Arena Allianz Parque;-23,527;-46,678;150;04/01/25;1
Perdizes;Arena Allianz Parque;-23,527;-46,678;150;04/01/25;1
Perdizes;Arena Allianz Parque;-23,527;-46,678;150;04/01/25;1
Perdizes;Arena Allianz Parque;-23,527;-46,678;150;04/01/25;2
Perdizes;Arena Allianz Parque;-23,527;-46,678;150;04/01/25;2
Perdizes;Arena Allianz Parque;-23,527;-46,678;150;04/01/25;4
Perdizes;Arena Allianz Parque;-23,527;-46,678;150;04/01/25;4
Perdizes;Arena Allianz Parque;-23,527;-46,678;150;04/01/25;5
Perdizes;Arena Allianz Parque;-23,527;-46,678;150;04/01/25;6
Perdizes;Arena Allianz Parque;-23,527;-46,678;150;04/01/25;6
Perdizes;Arena Allianz Parque;-23,527;-46,678;150;04/01/25;6
Perdizes;Arena Allianz Parque;-23,527;-46,678;150;04/01/25;9
Perdizes;Arena Allianz Parque;-23,527;-46,678;150;04/01/25;10
Perdizes;Arena Allianz Parque;-23,527;-46,678;150;05/01/25;1
Perdizes;Arena Allianz Parque;-23,527;-46,678;150;05/01/25;1
Perdizes;Arena Allianz Parque;-23,527;-46,678;150;05/01/25;1
Perdizes;Arena Allianz Parque;-23,527;-46,678;150;05/01/25;2
Perdizes;Arena Allianz Parque;-23,527;-46,678;150;05/01/25;2
Perdizes;Arena Allianz Parque;-23,527;-46,678;150;05/01/25;2
Perdizes;Arena Allianz Parque;-23,527;-46,678;150;05/01/25;3
Perdizes;Arena Allianz Parque;-23,527;-46,678;150;05/01/25;5
Perdizes;Arena Allianz Parque;-23,527;-46,678;150;05/01/25;5
Perdizes;Arena Allianz Parque;-23,527;-46,678;150;05/01/25;6
Perdizes;Arena Allianz Parque;-23,527;-46,678;150;05/01/25;7
Perdizes;Arena Allianz Parque;-23,527;-46,678;150;05/01/25;8
Perdizes;Arena Allianz Parque;-23,527;-46,678;150;05/01/25;8
Perdizes;Arena Allianz Parque;-23,527;-46,678;150;05/01/25;8
Perdizes;Arena Allianz Parque;-23,527;-46,678;150;05/01/25;8
Perdizes;Arena Allianz Parque;-23,527;-46,678;150;05/01/25;9
Perdizes;Arena Allianz Parque;-23,527;-46,678;150;05/01/25;10
Perdizes;Arena Allianz Parque;-23,527;-46,678;150;06/01/25;1
Perdizes;Arena Allianz Parque;-23,527;-46,678;150;06/01/25;1
Perdizes;Arena Allianz Parque;-23,527;-46,678;150;06/01/25;2
Perdizes;Arena Allianz Parque;-23,527;-46,678;150;06/01/25;2
Perdizes;Arena Allianz Parque;-23,527;-46,678;150;06/01/25;2
Perdizes;Arena Allianz Parque;-23,527;-46,678;150;06/01/25;2
Perdizes;Arena Allianz Parque;-23,527;-46,678;150;06/01/25;5
Perdizes;Arena Allianz Parque;-23,527;-46,678;150;06/01/25;6
Perdizes;Arena Allianz Parque;-23,527;-46,678;150;06/01/25;6
Perdizes;Arena Allianz Parque;-23,527;-46,678;150;06/01/25;6
Perdizes;Arena Allianz Parque;-23,527;-46,678;150;06/01/25;6
Perdizes;Arena Allianz Parque;-23,527;-46,678;150;06/01/25;6
Perdizes;Arena Allianz Parque;-23,527;-46,678;150;06/01/25;7
Perdizes;Arena Allianz Parque;-23,527;-46,678;150;06/01/25;7
Perdizes;Arena Allianz Parque;-23,527;-46,678;150;06/01/25;7
Perdizes;Arena Allianz Parque;-23,527;-46,678;150;06/01/25;8
Perdizes;Arena Allianz Parque;-23,527;-46,678;150;06/01/25;9
Perdizes;Arena Allianz Parque;-23,527;-46,678;150;06/01/25;10
Perdizes;Arena Allianz Parque;-23,527;-46,678;150;06/01/25;10
Perdizes;Arena Allianz Parque;-23,527;-46,678;150;06/01/25;10
Perdizes;Arena Allianz Parque;-23,527;-46,678;150;07/01/25;1
Perdizes;Arena Allianz Parque;-23,527;-46,678;150;07/01/25;1
Perdizes;Arena Allianz Parque;-23,527;-46,678;150;07/01/25;1
Perdizes;Arena Allianz Parque;-23,527;-46,678;150;07/01/25;2
Perdizes;Arena Allianz Parque;-23,527;-46,678;150;07/01/25;2
Perdizes;Arena Allianz Parque;-23,527;-46,678;150;07/01/25;3
Perdizes;Arena Allianz Parque;-23,527;-46,678;150;07/01/25;4
Perdizes;Arena Allianz Parque;-23,527;-46,678;150;07/01/25;4
Perdizes;Arena Allianz Parque;-23,527;-46,678;150;07/01/25;4
Perdizes;Arena Allianz Parque;-23,527;-46,678;150;07/01/25;5
Perdizes;Arena Allianz Parque;-23,527;-46,678;150;07/01/25;6
Perdizes;Arena Allianz Parque;-23,527;-46,678;150;07/01/25;6
Perdizes;Arena Allianz Parque;-23,527;-46,678;150;08/01/25;1
Perdizes;Arena Allianz Parque;-23,527;-46,678;150;08/01/25;2
Perdizes;Arena Allianz Parque;-23,527;-46,678;150;08/01/25;2
Perdizes;Arena Allianz Parque;-23,527;-46,678;150;08/01/25;3
Perdizes;Arena Allianz Parque;-23,527;-46,678;150;08/01/25;4
Perdizes;Arena Allianz Parque;-23,527;-46,678;150;08/01/25;5
Perdizes;Arena Allianz Parque;-23,527;-46,678;150;08/01/25;5
Perdizes;Arena Allianz Parque;-23,527;-46,678;150;08/01/25;6
Perdizes;Arena Allianz Parque;-23,527;-46,678;150;08/01/25;6
Perdizes;Arena Allianz Parque;-23,527;-46,678;150;08/01/25;8
Perdizes;Arena Allianz Parque;-23,527;-46,678;120;01/02/25;1
Perdizes;Arena Allianz Parque;-23,527;-46,678;120;01/02/25;1
Perdizes;Arena Allianz Parque;-23,527;-46,678;120;01/02/25;3
Perdizes;Arena Allianz Parque;-23,527;-46,678;120;01/02/25;4
Perdizes;Arena Allianz Parque;-23,527;-46,678;120;01/02/25;8
Perdizes;Arena Allianz Parque;-23,527;-46,678;120;01/02/25;9
Perdizes;Arena Allianz Parque;-23,527;-46,678;120;01/02/25;10
Perdizes;Arena Allianz Parque;-23,527;-46,678;120;02/02/25;1
Perdizes;Arena Allianz Parque;-23,527;-46,678;120;02/02/25;2
Perdizes;Arena Allianz Parque;-23,527;-46,678;120;02/02/25;3
Perdizes;Arena Allianz Parque;-23,527;-46,678;120;02/02/25;3
Perdizes;Arena Allianz Parque;-23,527;-46,678;120;02/02/25;3
Perdizes;Arena Allianz Parque;-23,527;-46,678;120;02/02/25;4
Perdizes;Arena Allianz Parque;-23,527;-46,678;120;02/02/25;4
Perdizes;Arena Allianz Parque;-23,527;-46,678;120;02/02/25;5
Perdizes;Arena Allianz Parque;-23,527;-46,678;120;02/02/25;6
Perdizes;Arena Allianz Parque;-23,527;-46,678;120;02/02/25;7
Perdizes;Arena Allianz Parque;-23,527;-46,678;120;02/02/25;7
Perdizes;Arena Allianz Parque;-23,527;-46,678;120;02/02/25;7
Perdizes;Arena Allianz Parque;-23,527;-46,678;120;02/02/25;8
Perdizes;Arena Allianz Parque;-23,527;-46,678;120;02/02/25;8
Perdizes;Arena Allianz Parque;-23,527;-46,678;120;02/02/25;10
Perdizes;Arena Allianz Parque;-23,527;-46,678;120;02/02/25;10
Perdizes;Arena Allianz Parque;-23,527;-46,678;120;02/02/25;10
Perdizes;Arena Allianz Parque;-23,527;-46,678;120;03/02/25;3
Perdizes;Arena Allianz Parque;-23,527;-46,678;120;03/02/25;3
Perdizes;Arena Allianz Parque;-23,527;-46,678;120;03/02/25;4
Perdizes;Arena Allianz Parque;-23,527;-46,678;120;03/02/25;4
Perdizes;Arena Allianz Parque;-23,527;-46,678;120;03/02/25;6
Perdizes;Arena Allianz Parque;-23,527;-46,678;120;03/02/25;7
Perdizes;Arena Allianz Parque;-23,527;-46,678;120;03/02/25;8
Perdizes;Arena Allianz Parque;-23,527;-46,678;120;03/02/25;8
Perdizes;Arena Allianz Parque;-23,527;-46,678;120;03/02/25;9
Perdizes;Arena Allianz Parque;-23,527;-46,678;120;03/02/25;9
Perdizes;Arena Allianz Parque;-23,527;-46,678;120;03/02/25;9
Perdizes;Arena Allianz Parque;-23,527;-46,678;120;04/02/25;1
Perdizes;Arena Allianz Parque;-23,527;-46,678;120;04/02/25;1
Perdizes;Arena Allianz Parque;-23,527;-46,678;120;04/02/25;1
Perdizes;Arena Allianz Parque;-23,527;-46,678;120;04/02/25;2
Perdizes;Arena Allianz Parque;-23,527;-46,678;120;04/02/25;2
Perdizes;Arena Allianz Parque;-23,527;-46,678;120;04/02/25;4
Perdizes;Arena Allianz Parque;-23,527;-46,678;120;04/02/25;4
Perdizes;Arena Allianz Parque;-23,527;-46,678;120;04/02/25;5
Perdizes;Arena Allianz Parque;-23,527;-46,678;120;04/02/25;5
Perdizes;Arena Allianz Parque;-23,527;-46,678;120;04/02/25;6
Perdizes;Arena Allianz Parque;-23,527;-46,678;120;04/02/25;7
Perdizes;Arena Allianz Parque;-23,527;-46,678;120;04/02/25;7
Perdizes;Arena Allianz Parque;-23,527;-46,678;120;04/02/25;8
Perdizes;Arena Allianz Parque;-23,527;-46,678;120;04/02/25;9
Perdizes;Arena Allianz Parque;-23,527;-46,678;120;04/02/25;9
Perdizes;Arena Allianz Parque;-23,527;-46,678;120;04/02/25;9
Perdizes;Arena Allianz Parque;-23,527;-46,678;120;04/02/25;9
Perdizes;Arena Allianz Parque;-23,527;-46,678;120;04/02/25;9
Perdizes;Arena Allianz Parque;-23,527;-46,678;120;04/02/25;10
Perdizes;Arena Allianz Parque;-23,527;-46,678;120;05/02/25;2
Perdizes;Arena Allianz Parque;-23,527;-46,678;120;05/02/25;2
Perdizes;Arena Allianz Parque;-23,527;-46,678;120;05/02/25;5
Perdizes;Arena Allianz Parque;-23,527;-46,678;120;05/02/25;7
Perdizes;Arena Allianz Parque;-23,527;-46,678;120;05/02/25;7
Perdizes;Arena Allianz Parque;-23,527;-46,678;120;05/02/25;9
Perdizes;Arena Allianz Parque;-23,527;-46,678;120;05/02/25;9
Perdizes;Arena Allianz Parque;-23,527;-46,678;120;06/02/25;2
Perdizes;Arena Allianz Parque;-23,527;-46,678;120;06/02/25;4
Perdizes;Arena Allianz Parque;-23,527;-46,678;120;06/02/25;4
Perdizes;Arena Allianz Parque;-23,527;-46,678;120;06/02/25;4
Perdizes;Arena Allianz Parque;-23,527;-46,678;120;06/02/25;5
Perdizes;Arena Allianz Parque;-23,527;-46,678;120;06/02/25;5
Perdizes;Arena Allianz Parque;-23,527;-46,678;120;06/02/25;6
Perdizes;Arena Allianz Parque;-23,527;-46,678;120;06/02/25;7
Perdizes;Arena Allianz Parque;-23,527;-46,678;120;06/02/25;9
Perdizes;Arena Allianz Parque;-23,527;-46,678;120;06/02/25;9
Perdizes;Arena Allianz Parque;-23,527;-46,678;120;06/02/25;9
Perdizes;Arena Allianz Parque;-23,527;-46,678;120;06/02/25;10
Perdizes;Arena Allianz Parque;-23,527;-46,678;120;06/02/25;10
Perdizes;Arena Allianz Parque;-23,527;-46,678;120;07/02/25;1
Perdizes;Arena Allianz Parque;-23,527;-46,678;120;07/02/25;1
Perdizes;Arena Allianz Parque;-23,527;-46,678;120;07/02/25;1
Perdizes;Arena Allianz Parque;-23,527;-46,678;120;07/02/25;1
Perdizes;Arena Allianz Parque;-23,527;-46,678;120;07/02/25;1
Perdizes;Arena Allianz Parque;-23,527;-46,678;120;07/02/25;1
Perdizes;Arena Allianz Parque;-23,527;-46,678;120;07/02/25;2
Perdizes;Arena Allianz Parque;-23,527;-46,678;120;07/02/25;3
Perdizes;Arena Allianz Parque;-23,527;-46,678;120;07/02/25;4
Perdizes;Arena Allianz Parque;-23,527;-46,678;120;07/02/25;4
Perdizes;Arena Allianz Parque;-23,527;-46,678;120;07/02/25;5
Perdizes;Arena Allianz Parque;-23,527;-46,678;120;07/02/25;8
Perdizes;Arena Allianz Parque;-23,527;-46,678;120;07/02/25;9
Perdizes;Arena Allianz Parque;-23,527;-46,678;120;07/02/25;9
Perdizes;Arena Allianz Parque;-23,527;-46,678;120;07/02/25;9
Perdizes;Arena Allianz Parque;-23,527;-46,678;120;07/02/25;10
Perdizes;Arena Allianz Parque;-23,527;-46,678;120;08/02/25;1
Perdizes;Arena Allianz Parque;-23,527;-46,678;120;08/02/25;1
Perdizes;Arena Allianz Parque;-23,527;-46,678;120;08/02/25;2
Perdizes;Arena Allianz Parque;-23,527;-46,678;120;08/02/25;2
Perdizes;Arena Allianz Parque;-23,527;-46,678;120;08/02/25;3
Perdizes;Arena Allianz Parque;-23,527;-46,678;120;08/02/25;3
Perdizes;Arena Allianz Parque;-23,527;-46,678;120;08/02/25;4
Perdizes;Arena Allianz Parque;-23,527;-46,678;120;08/02/25;6
Perdizes;Arena Allianz Parque;-23,527;-46,678;120;08/02/25;9
Perdizes;Arena Allianz Parque;-23,527;-46,678;120;08/02/25;9
Perdizes;Arena Allianz Parque;-23,527;-46,678;120;08/02/25;10
Perdizes;Arena Allianz Parque;-23,527;-46,678;180;01/03/25;1
Perdizes;Arena Allianz Parque;-23,527;-46,678;180;01/03/25;1
Perdizes;Arena Allianz Parque;-23,527;-46,678;180;01/03/25;1
Perdizes;Arena Allianz Parque;-23,527;-46,678;180;01/03/25;3
Perdizes;Arena Allianz Parque;-23,527;-46,678;180;01/03/25;3
Perdizes;Arena Allianz Parque;-23,527;-46,678;180;01/03/25;4
Perdizes;Arena Allianz Parque;-23,527;-46,678;180;01/03/25;4
Perdizes;Arena Allianz Parque;-23,527;-46,678;180;01/03/25;6
Perdizes;Arena Allianz Parque;-23,527;-46,678;180;01/03/25;7
Perdizes;Arena Allianz Parque;-23,527;-46,678;180;01/03/25;7
Perdizes;Arena Allianz Parque;-23,527;-46,678;180;01/03/25;7
Perdizes;Arena Allianz Parque;-23,527;-46,678;180;01/03/25;7
Perdizes;Arena Allianz Parque;-23,527;-46,678;180;01/03/25;8
Perdizes;Arena Allianz Parque;-23,527;-46,678;180;01/03/25;9
Perdizes;Arena Allianz Parque;-23,527;-46,678;180;01/03/25;10
Perdizes;Arena Allianz Parque;-23,527;-46,678;180;01/03/25;10
Perdizes;Arena Allianz Parque;-23,527;-46,678;180;01/03/25;10
Perdizes;Arena Allianz Parque;-23,527;-46,678;180;02/03/25;1
Perdizes;Arena Allianz Parque;-23,527;-46,678;180;02/03/25;1
Perdizes;Arena Allianz Parque;-23,527;-46,678;180;02/03/25;2
Perdizes;Arena Allianz Parque;-23,527;-46,678;180;02/03/25;2
Perdizes;Arena Allianz Parque;-23,527;-46,678;180;02/03/25;3
Perdizes;Arena Allianz Parque;-23,527;-46,678;180;02/03/25;3
Perdizes;Arena Allianz Parque;-23,527;-46,678;180;02/03/25;5
Perdizes;Arena Allianz Parque;-23,527;-46,678;180;02/03/25;6
Perdizes;Arena Allianz Parque;-23,527;-46,678;180;02/03/25;6
Perdizes;Arena Allianz Parque;-23,527;-46,678;180;02/03/25;8
Perdizes;Arena Allianz Parque;-23,527;-46,678;180;02/03/25;9
Perdizes;Arena Allianz Parque;-23,527;-46,678;180;02/03/25;10
Perdizes;Arena Allianz Parque;-23,527;-46,678;180;03/03/25;1
Perdizes;Arena Allianz Parque;-23,527;-46,678;180;03/03/25;2
Perdizes;Arena Allianz Parque;-23,527;-46,678;180;03/03/25;2
Perdizes;Arena Allianz Parque;-23,527;-46,678;180;03/03/25;2
Perdizes;Arena Allianz Parque;-23,527;-46,678;180;03/03/25;3
Perdizes;Arena Allianz Parque;-23,527;-46,678;180;03/03/25;3
Perdizes;Arena Allianz Parque;-23,527;-46,678;180;03/03/25;4
Perdizes;Arena Allianz Parque;-23,527;-46,678;180;03/03/25;5
Perdizes;Arena Allianz Parque;-23,527;-46,678;180;03/03/25;5
Perdizes;Arena Allianz Parque;-23,527;-46,678;180;03/03/25;5
Perdizes;Arena Allianz Parque;-23,527;-46,678;180;03/03/25;5
Perdizes;Arena Allianz Parque;-23,527;-46,678;180;03/03/25;8
Perdizes;Arena Allianz Parque;-23,527;-46,678;180;03/03/25;9
Perdizes;Arena Allianz Parque;-23,527;-46,678;180;04/03/25;1
Perdizes;Arena Allianz Parque;-23,527;-46,678;180;04/03/25;1
Perdizes;Arena Allianz Parque;-23,527;-46,678;180;04/03/25;1
Perdizes;Arena Allianz Parque;-23,527;-46,678;180;04/03/25;2
Perdizes;Arena Allianz Parque;-23,527;-46,678;180;04/03/25;2
Perdizes;Arena Allianz Parque;-23,527;-46,678;180;04/03/25;2
Perdizes;Arena Allianz Parque;-23,527;-46,678;180;04/03/25;3
Perdizes;Arena Allianz Parque;-23,527;-46,678;180;04/03/25;6
Perdizes;Arena Allianz Parque;-23,527;-46,678;180;04/03/25;6
Perdizes;Arena Allianz Parque;-23,527;-46,678;180;04/03/25;8
Perdizes;Arena Allianz Parque;-23,527;-46,678;180;04/03/25;8
Perdizes;Arena Allianz Parque;-23,527;-46,678;180;04/03/25;9
Perdizes;Arena Allianz Parque;-23,527;-46,678;180;04/03/25;10
Perdizes;Arena Allianz Parque;-23,527;-46,678;180;05/03/25;2
Perdizes;Arena Allianz Parque;-23,527;-46,678;180;05/03/25;4
Perdizes;Arena Allianz Parque;-23,527;-46,678;180;05/03/25;4
Perdizes;Arena Allianz Parque;-23,527;-46,678;180;05/03/25;5
Perdizes;Arena Allianz Parque;-23,527;-46,678;180;05/03/25;6
Perdizes;Arena Allianz Parque;-23,527;-46,678;180;05/03/25;7
Perdizes;Arena Allianz Parque;-23,527;-46,678;180;05/03/25;7
Perdizes;Arena Allianz Parque;-23,527;-46,678;180;05/03/25;8
Perdizes;Arena Allianz Parque;-23,527;-46,678;180;05/03/25;8
Perdizes;Arena Allianz Parque;-23,527;-46,678;180;05/03/25;10
Perdizes;Arena Allianz Parque;-23,527;-46,678;180;06/03/25;1
Perdizes;Arena Allianz Parque;-23,527;-46,678;180;06/03/25;2
Perdizes;Arena Allianz Parque;-23,527;-46,678;180;06/03/25;2
Perdizes;Arena Allianz Parque;-23,527;-46,678;180;06/03/25;3
Perdizes;Arena Allianz Parque;-23,527;-46,678;180;06/03/25;3
Perdizes;Arena Allianz Parque;-23,527;-46,678;180;06/03/25;3
Perdizes;Arena Allianz Parque;-23,527;-46,678;180;06/03/25;3
Perdizes;Arena Allianz Parque;-23,527;-46,678;180;06/03/25;4
Perdizes;Arena Allianz Parque;-23,527;-46,678;180;06/03/25;5
Perdizes;Arena Allianz Parque;-23,527;-46,678;180;06/03/25;6
Perdizes;Arena Allianz Parque;-23,527;-46,678;180;06/03/25;7
Perdizes;Arena Allianz Parque;-23,527;-46,678;180;06/03/25;7
Perdizes;Arena Allianz Parque;-23,527;-46,678;180;06/03/25;8
Perdizes;Arena Allianz Parque;-23,527;-46,678;180;06/03/25;9
Perdizes;Arena Allianz Parque;-23,527;-46,678;180;06/03/25;10
Perdizes;Arena Allianz Parque;-23,527;-46,678;180;07/03/25;1
Perdizes;Arena Allianz Parque;-23,527;-46,678;180;07/03/25;2
Perdizes;Arena Allianz Parque;-23,527;-46,678;180;07/03/25;3
Perdizes;Arena Allianz Parque;-23,527;-46,678;180;07/03/25;4
Perdizes;Arena Allianz Parque;-23,527;-46,678;180;07/03/25;4
Perdizes;Arena Allianz Parque;-23,527;-46,678;180;07/03/25;5
Perdizes;Arena Allianz Parque;-23,527;-46,678;180;07/03/25;5
Perdizes;Arena Allianz Parque;-23,527;-46,678;180;07/03/25;5
Perdizes;Arena Allianz Parque;-23,527;-46,678;180;07/03/25;6
Perdizes;Arena Allianz Parque;-23,527;-46,678;180;07/03/25;6
Perdizes;Arena Allianz Parque;-23,527;-46,678;180;07/03/25;6
Perdizes;Arena Allianz Parque;-23,527;-46,678;180;07/03/25;6
Perdizes;Arena Allianz Parque;-23,527;-46,678;180;07/03/25;7
Perdizes;Arena Allianz Parque;-23,527;-46,678;180;07/03/25;10
Perdizes;Arena Allianz Parque;-23,527;-46,678;180;07/03/25;10
Perdizes;Arena Allianz Parque;-23,527;-46,678;180;08/03/25;1
Perdizes;Arena Allianz Parque;-23,527;-46,678;180;08/03/25;1
Perdizes;Arena Allianz Parque;-23,527;-46,678;180;08/03/25;2
Perdizes;Arena Allianz Parque;-23,527;-46,678;180;08/03/25;3
Perdizes;Arena Allianz Parque;-23,527;-46,678;180;08/03/25;3
Perdizes;Arena Allianz Parque;-23,527;-46,678;180;08/03/25;4
Perdizes;Arena Allianz Parque;-23,527;-46,678;180;08/03/25;5
Perdizes;Arena Allianz Parque;-23,527;-46,678;180;08/03/25;6
Perdizes;Arena Allianz Parque;-23,527;-46,678;180;08/03/25;6
Perdizes;Arena Allianz Parque;-23,527;-46,678;180;08/03/25;6
Perdizes;Arena Allianz Parque;-23,527;-46,678;180;08/03/25;7
Perdizes;Arena Allianz Parque;-23,527;-46,678;180;08/03/25;7
Perdizes;Arena Allianz Parque;-23,527;-46,678;180;08/03/25;7
Perdizes;Arena Allianz Parque;-23,527;-46,678;180;08/03/25;9
Perdizes;Arena Allianz Parque;-23,527;-46,678;180;08/03/25;9
Perdizes;Arena Allianz Parque;-23,527;-46,678;180;08/03/25;9
Perdizes;Arena Allianz Parque;-23,527;-46,678;180;08/03/25;9
Perdizes;Arena Allianz Parque;-23,527;-46,678;180;08/03/25;10
Perdizes;Arena Allianz Parque;-23,527;-46,678;130;01/04/25;1
Perdizes;Arena Allianz Parque;-23,527;-46,678;130;01/04/25;2
Perdizes;Arena Allianz Parque;-23,527;-46,678;130;01/04/25;4
Perdizes;Arena Allianz Parque;-23,527;-46,678;130;01/04/25;6
Perdizes;Arena Allianz Parque;-23,527;-46,678;130;01/04/25;6
Perdizes;Arena Allianz Parque;-23,527;-46,678;130;01/04/25;6
Perdizes;Arena Allianz Parque;-23,527;-46,678;130;01/04/25;7
Perdizes;Arena Allianz Parque;-23,527;-46,678;130;01/04/25;7
Perdizes;Arena Allianz Parque;-23,527;-46,678;130;01/04/25;9
Perdizes;Arena Allianz Parque;-23,527;-46,678;130;01/04/25;10
Perdizes;Arena Allianz Parque;-23,527;-46,678;130;02/04/25;1
Perdizes;Arena Allianz Parque;-23,527;-46,678;130;02/04/25;1
Perdizes;Arena Allianz Parque;-23,527;-46,678;130;02/04/25;2
Perdizes;Arena Allianz Parque;-23,527;-46,678;130;02/04/25;2
Perdizes;Arena Allianz Parque;-23,527;-46,678;130;02/04/25;3
Perdizes;Arena Allianz Parque;-23,527;-46,678;130;02/04/25;4
Perdizes;Arena Allianz Parque;-23,527;-46,678;130;02/04/25;5
Perdizes;Arena Allianz Parque;-23,527;-46,678;130;02/04/25;6
Perdizes;Arena Allianz Parque;-23,527;-46,678;130;02/04/25;6
Perdizes;Arena Allianz Parque;-23,527;-46,678;130;02/04/25;6
Perdizes;Arena Allianz Parque;-23,527;-46,678;130;02/04/25;7
Perdizes;Arena Allianz Parque;-23,527;-46,678;130;02/04/25;7
Perdizes;Arena Allianz Parque;-23,527;-46,678;130;02/04/25;8
Perdizes;Arena Allianz Parque;-23,527;-46,678;130;02/04/25;8
Perdizes;Arena Allianz Parque;-23,527;-46,678;130;02/04/25;8
Perdizes;Arena Allianz Parque;-23,527;-46,678;130;02/04/25;9
Perdizes;Arena Allianz Parque;-23,527;-46,678;130;02/04/25;10
Perdizes;Arena Allianz Parque;-23,527;-46,678;130;02/04/25;10
Perdizes;Arena Allianz Parque;-23,527;-46,678;130;03/04/25;2
Perdizes;Arena Allianz Parque;-23,527;-46,678;130;03/04/25;3
Perdizes;Arena Allianz Parque;-23,527;-46,678;130;03/04/25;3
Perdizes;Arena Allianz Parque;-23,527;-46,678;130;03/04/25;4
Perdizes;Arena Allianz Parque;-23,527;-46,678;130;03/04/25;4
Perdizes;Arena Allianz Parque;-23,527;-46,678;130;03/04/25;5
Perdizes;Arena Allianz Parque;-23,527;-46,678;130;03/04/25;6
Perdizes;Arena Allianz Parque;-23,527;-46,678;130;03/04/25;6
Perdizes;Arena Allianz Parque;-23,527;-46,678;130;03/04/25;6
Perdizes;Arena Allianz Parque;-23,527;-46,678;130;03/04/25;7
Perdizes;Arena Allianz Parque;-23,527;-46,678;130;03/04/25;8
Perdizes;Arena Allianz Parque;-23,527;-46,678;130;03/04/25;8
Perdizes;Arena Allianz Parque;-23,527;-46,678;130;03/04/25;8
Perdizes;Arena Allianz Parque;-23,527;-46,678;130;03/04/25;9
Perdizes;Arena Allianz Parque;-23,527;-46,678;130;03/04/25;9
Perdizes;Arena Allianz Parque;-23,527;-46,678;130;04/04/25;1
Perdizes;Arena Allianz Parque;-23,527;-46,678;130;04/04/25;1
Perdizes;Arena Allianz Parque;-23,527;-46,678;130;04/04/25;2
Perdizes;Arena Allianz Parque;-23,527;-46,678;130;04/04/25;2
Perdizes;Arena Allianz Parque;-23,527;-46,678;130;04/04/25;2
Perdizes;Arena Allianz Parque;-23,527;-46,678;130;04/04/25;2
Perdizes;Arena Allianz Parque;-23,527;-46,678;130;04/04/25;2
Perdizes;Arena Allianz Parque;-23,527;-46,678;130;04/04/25;3
Perdizes;Arena Allianz Parque;-23,527;-46,678;130;04/04/25;3
Perdizes;Arena Allianz Parque;-23,527;-46,678;130;04/04/25;4
Perdizes;Arena Allianz Parque;-23,527;-46,678;130;04/04/25;5
Perdizes;Arena Allianz Parque;-23,527;-46,678;130;04/04/25;6
Perdizes;Arena Allianz Parque;-23,527;-46,678;130;04/04/25;7
Perdizes;Arena Allianz Parque;-23,527;-46,678;130;04/04/25;7
Perdizes;Arena Allianz Parque;-23,527;-46,678;130;04/04/25;7
Perdizes;Arena Allianz Parque;-23,527;-46,678;130;04/04/25;7
Perdizes;Arena Allianz Parque;-23,527;-46,678;130;04/04/25;7
Perdizes;Arena Allianz Parque;-23,527;-46,678;130;04/04/25;9
Perdizes;Arena Allianz Parque;-23,527;-46,678;130;04/04/25;9
Perdizes;Arena Allianz Parque;-23,527;-46,678;130;04/04/25;10
Perdizes;Arena Allianz Parque;-23,527;-46,678;130;04/04/25;10
Perdizes;Arena Allianz Parque;-23,527;-46,678;130;05/04/25;1
Perdizes;Arena Allianz Parque;-23,527;-46,678;130;05/04/25;1
Perdizes;Arena Allianz Parque;-23,527;-46,678;130;05/04/25;2
Perdizes;Arena Allianz Parque;-23,527;-46,678;130;05/04/25;2
Perdizes;Arena Allianz Parque;-23,527;-46,678;130;05/04/25;2
Perdizes;Arena Allianz Parque;-23,527;-46,678;130;05/04/25;2
Perdizes;Arena Allianz Parque;-23,527;-46,678;130;05/04/25;4
Perdizes;Arena Allianz Parque;-23,527;-46,678;130;05/04/25;6
Perdizes;Arena Allianz Parque;-23,527;-46,678;130;05/04/25;7
Perdizes;Arena Allianz Parque;-23,527;-46,678;130;05/04/25;7
Perdizes;Arena Allianz Parque;-23,527;-46,678;130;05/04/25;7
Perdizes;Arena Allianz Parque;-23,527;-46,678;130;05/04/25;9
Perdizes;Arena Allianz Parque;-23,527;-46,678;130;05/04/25;9
Perdizes;Arena Allianz Parque;-23,527;-46,678;130;05/04/25;10
Perdizes;Arena Allianz Parque;-23,527;-46,678;130;05/04/25;10
Perdizes;Arena Allianz Parque;-23,527;-46,678;130;06/04/25;1
Perdizes;Arena Allianz Parque;-23,527;-46,678;130;06/04/25;1
Perdizes;Arena Allianz Parque;-23,527;-46,678;130;06/04/25;1
Perdizes;Arena Allianz Parque;-23,527;-46,678;130;06/04/25;2
Perdizes;Arena Allianz Parque;-23,527;-46,678;130;06/04/25;3
Perdizes;Arena Allianz Parque;-23,527;-46,678;130;06/04/25;3
Perdizes;Arena Allianz Parque;-23,527;-46,678;130;06/04/25;4
Perdizes;Arena Allianz Parque;-23,527;-46,678;130;06/04/25;6
Perdizes;Arena Allianz Parque;-23,527;-46,678;130;06/04/25;6
Perdizes;Arena Allianz Parque;-23,527;-46,678;130;06/04/25;6
Perdizes;Arena Allianz Parque;-23,527;-46,678;130;06/04/25;7
Perdizes;Arena Allianz Parque;-23,527;-46,678;130;06/04/25;7
Perdizes;Arena Allianz Parque;-23,527;-46,678;130;06/04/25;7
Perdizes;Arena Allianz Parque;-23,527;-46,678;130;06/04/25;7
Perdizes;Arena Allianz Parque;-23,527;-46,678;130;06/04/25;8
Perdizes;Arena Allianz Parque;-23,527;-46,678;130;06/04/25;8
Perdizes;Arena Allianz Parque;-23,527;-46,678;130;06/04/25;10
Perdizes;Arena Allianz Parque;-23,527;-46,678;130;07/04/25;3
Perdizes;Arena Allianz Parque;-23,527;-46,678;130;07/04/25;4
Perdizes;Arena Allianz Parque;-23,527;-46,678;130;07/04/25;4
Perdizes;Arena Allianz Parque;-23,527;-46,678;130;07/04/25;4
Perdizes;Arena Allianz Parque;-23,527;-46,678;130;07/04/25;4
Perdizes;Arena Allianz Parque;-23,527;-46,678;130;07/04/25;7
Perdizes;Arena Allianz Parque;-23,527;-46,678;130;07/04/25;8
Perdizes;Arena Allianz Parque;-23,527;-46,678;130;07/04/25;9
Perdizes;Arena Allianz Parque;-23,527;-46,678;130;07/04/25;10
Perdizes;Arena Allianz Parque;-23,527;-46,678;130;08/04/25;1
Perdizes;Arena Allianz Parque;-23,527;-46,678;130;08/04/25;1
Perdizes;Arena Allianz Parque;-23,527;-46,678;130;08/04/25;2
Perdizes;Arena Allianz Parque;-23,527;-46,678;130;08/04/25;2
Perdizes;Arena Allianz Parque;-23,527;-46,678;130;08/04/25;3
Perdizes;Arena Allianz Parque;-23,527;-46,678;130;08/04/25;3
Perdizes;Arena Allianz Parque;-23,527;-46,678;130;08/04/25;3
Perdizes;Arena Allianz Parque;-23,527;-46,678;130;08/04/25;4
Perdizes;Arena Allianz Parque;-23,527;-46,678;130;08/04/25;4
Perdizes;Arena Allianz Parque;-23,527;-46,678;130;08/04/25;5
Perdizes;Arena Allianz Parque;-23,527;-46,678;130;08/04/25;6
Perdizes;Arena Allianz Parque;-23,527;-46,678;130;08/04/25;7
Perdizes;Arena Allianz Parque;-23,527;-46,678;130;08/04/25;8
Perdizes;Arena Allianz Parque;-23,527;-46,678;130;08/04/25;8
Perdizes;Arena Allianz Parque;-23,527;-46,678;130;08/04/25;9
Perdizes;Arena Allianz Parque;-23,527;-46,678;130;08/04/25;9
Perdizes;Arena Allianz Parque;-23,527;-46,678;130;08/04/25;10
Perdizes;Arena Allianz Parque;-23,527;-46,678;130;08/04/25;10
Perdizes;Arena Allianz Parque;-23,527;-46,678;200;01/05/25;2
Perdizes;Arena Allianz Parque;-23,527;-46,678;200;01/05/25;2
Perdizes;Arena Allianz Parque;-23,527;-46,678;200;01/05/25;4
Perdizes;Arena Allianz Parque;-23,527;-46,678;200;01/05/25;4
Perdizes;Arena Allianz Parque;-23,527;-46,678;200;01/05/25;4
Perdizes;Arena Allianz Parque;-23,527;-46,678;200;01/05/25;4
Perdizes;Arena Allianz Parque;-23,527;-46,678;200;01/05/25;5
Perdizes;Arena Allianz Parque;-23,527;-46,678;200;01/05/25;5
Perdizes;Arena Allianz Parque;-23,527;-46,678;200;01/05/25;5
Perdizes;Arena Allianz Parque;-23,527;-46,678;200;01/05/25;6
Perdizes;Arena Allianz Parque;-23,527;-46,678;200;01/05/25;6
Perdizes;Arena Allianz Parque;-23,527;-46,678;200;01/05/25;8
Perdizes;Arena Allianz Parque;-23,527;-46,678;200;01/05/25;9
Perdizes;Arena Allianz Parque;-23,527;-46,678;200;01/05/25;10
Perdizes;Arena Allianz Parque;-23,527;-46,678;200;01/05/25;10
Perdizes;Arena Allianz Parque;-23,527;-46,678;200;02/05/25;1
Perdizes;Arena Allianz Parque;-23,527;-46,678;200;02/05/25;1
Perdizes;Arena Allianz Parque;-23,527;-46,678;200;02/05/25;1
Perdizes;Arena Allianz Parque;-23,527;-46,678;200;02/05/25;2
Perdizes;Arena Allianz Parque;-23,527;-46,678;200;02/05/25;2
Perdizes;Arena Allianz Parque;-23,527;-46,678;200;02/05/25;4
Perdizes;Arena Allianz Parque;-23,527;-46,678;200;02/05/25;6
Perdizes;Arena Allianz Parque;-23,527;-46,678;200;02/05/25;10
Perdizes;Arena Allianz Parque;-23,527;-46,678;200;02/05/25;10
Perdizes;Arena Allianz Parque;-23,527;-46,678;200;03/05/25;1
Perdizes;Arena Allianz Parque;-23,527;-46,678;200;03/05/25;1
Perdizes;Arena Allianz Parque;-23,527;-46,678;200;03/05/25;2
Perdizes;Arena Allianz Parque;-23,527;-46,678;200;03/05/25;2
Perdizes;Arena Allianz Parque;-23,527;-46,678;200;03/05/25;3
Perdizes;Arena Allianz Parque;-23,527;-46,678;200;03/05/25;7
Perdizes;Arena Allianz Parque;-23,527;-46,678;200;03/05/25;7
Perdizes;Arena Allianz Parque;-23,527;-46,678;200;03/05/25;8
Perdizes;Arena Allianz Parque;-23,527;-46,678;200;03/05/25;8
Perdizes;Arena Allianz Parque;-23,527;-46,678;200;03/05/25;9
Perdizes;Arena Allianz Parque;-23,527;-46,678;200;03/05/25;9
Perdizes;Arena Allianz Parque;-23,527;-46,678;200;04/05/25;1
Perdizes;Arena Allianz Parque;-23,527;-46,678;200;04/05/25;2
Perdizes;Arena Allianz Parque;-23,527;-46,678;200;04/05/25;3
Perdizes;Arena Allianz Parque;-23,527;-46,678;200;04/05/25;3
Perdizes;Arena Allianz Parque;-23,527;-46,678;200;04/05/25;4
Perdizes;Arena Allianz Parque;-23,527;-46,678;200;04/05/25;4
Perdizes;Arena Allianz Parque;-23,527;-46,678;200;04/05/25;5
Perdizes;Arena Allianz Parque;-23,527;-46,678;200;04/05/25;5
Perdizes;Arena Allianz Parque;-23,527;-46,678;200;04/05/25;5
Perdizes;Arena Allianz Parque;-23,527;-46,678;200;04/05/25;5
Perdizes;Arena Allianz Parque;-23,527;-46,678;200;04/05/25;7
Perdizes;Arena Allianz Parque;-23,527;-46,678;200;04/05/25;8
Perdizes;Arena Allianz Parque;-23,527;-46,678;200;04/05/25;8
Perdizes;Arena Allianz Parque;-23,527;-46,678;200;04/05/25;9
Perdizes;Arena Allianz Parque;-23,527;-46,678;200;04/05/25;9
Perdizes;Arena Allianz Parque;-23,527;-46,678;200;04/05/25;9
Perdizes;Arena Allianz Parque;-23,527;-46,678;200;04/05/25;10
Perdizes;Arena Allianz Parque;-23,527;-46,678;200;04/05/25;10
Perdizes;Arena Allianz Parque;-23,527;-46,678;200;05/05/25;1
Perdizes;Arena Allianz Parque;-23,527;-46,678;200;05/05/25;1
Perdizes;Arena Allianz Parque;-23,527;-46,678;200;05/05/25;1
Perdizes;Arena Allianz Parque;-23,527;-46,678;200;05/05/25;1
Perdizes;Arena Allianz Parque;-23,527;-46,678;200;05/05/25;2
Perdizes;Arena Allianz Parque;-23,527;-46,678;200;05/05/25;2
Perdizes;Arena Allianz Parque;-23,527;-46,678;200;05/05/25;4
Perdizes;Arena Allianz Parque;-23,527;-46,678;200;05/05/25;5
Perdizes;Arena Allianz Parque;-23,527;-46,678;200;05/05/25;6
Perdizes;Arena Allianz Parque;-23,527;-46,678;200;05/05/25;6
Perdizes;Arena Allianz Parque;-23,527;-46,678;200;05/05/25;6
Perdizes;Arena Allianz Parque;-23,527;-46,678;200;05/05/25;6
Perdizes;Arena Allianz Parque;-23,527;-46,678;200;05/05/25;7
Perdizes;Arena Allianz Parque;-23,527;-46,678;200;05/05/25;8
Perdizes;Arena Allianz Parque;-23,527;-46,678;200;05/05/25;8
Perdizes;Arena Allianz Parque;-23,527;-46,678;200;05/05/25;8
Perdizes;Arena Allianz Parque;-23,527;-46,678;200;05/05/25;9
Perdizes;Arena Allianz Parque;-23,527;-46,678;200;05/05/25;9
Perdizes;Arena Allianz Parque;-23,527;-46,678;200;05/05/25;9
Perdizes;Arena Allianz Parque;-23,527;-46,678;200;05/05/25;10
Perdizes;Arena Allianz Parque;-23,527;-46,678;200;05/05/25;10
Perdizes;Arena Allianz Parque;-23,527;-46,678;200;05/05/25;10
Perdizes;Arena Allianz Parque;-23,527;-46,678;200;06/05/25;1
Perdizes;Arena Allianz Parque;-23,527;-46,678;200;06/05/25;1
Perdizes;Arena Allianz Parque;-23,527;-46,678;200;06/05/25;1
Perdizes;Arena Allianz Parque;-23,527;-46,678;200;06/05/25;1
Perdizes;Arena Allianz Parque;-23,527;-46,678;200;06/05/25;2
Perdizes;Arena Allianz Parque;-23,527;-46,678;200;06/05/25;2
Perdizes;Arena Allianz Parque;-23,527;-46,678;200;06/05/25;4
Perdizes;Arena Allianz Parque;-23,527;-46,678;200;06/05/25;5
Perdizes;Arena Allianz Parque;-23,527;-46,678;200;06/05/25;5
Perdizes;Arena Allianz Parque;-23,527;-46,678;200;06/05/25;6
Perdizes;Arena Allianz Parque;-23,527;-46,678;200;06/05/25;7
Perdizes;Arena Allianz Parque;-23,527;-46,678;200;06/05/25;8
Perdizes;Arena Allianz Parque;-23,527;-46,678;200;06/05/25;8
Perdizes;Arena Allianz Parque;-23,527;-46,678;200;06/05/25;10
Perdizes;Arena Allianz Parque;-23,527;-46,678;200;06/05/25;10
Perdizes;Arena Allianz Parque;-23,527;-46,678;200;06/05/25;10
Perdizes;Arena Allianz Parque;-23,527;-46,678;200;07/05/25;1
Perdizes;Arena Allianz Parque;-23,527;-46,678;200;07/05/25;1
Perdizes;Arena Allianz Parque;-23,527;-46,678;200;07/05/25;1
Perdizes;Arena Allianz Parque;-23,527;-46,678;200;07/05/25;2
Perdizes;Arena Allianz Parque;-23,527;-46,678;200;07/05/25;2
Perdizes;Arena Allianz Parque;-23,527;-46,678;200;07/05/25;3
Perdizes;Arena Allianz Parque;-23,527;-46,678;200;07/05/25;4
Perdizes;Arena Allianz Parque;-23,527;-46,678;200;07/05/25;4
Perdizes;Arena Allianz Parque;-23,527;-46,678;200;07/05/25;5
Perdizes;Arena Allianz Parque;-23,527;-46,678;200;07/05/25;6
Perdizes;Arena Allianz Parque;-23,527;-46,678;200;07/05/25;7
Perdizes;Arena Allianz Parque;-23,527;-46,678;200;07/05/25;8
Perdizes;Arena Allianz Parque;-23,527;-46,678;200;07/05/25;9
Perdizes;Arena Allianz Parque;-23,527;-46,678;200;07/05/25;9
Perdizes;Arena Allianz Parque;-23,527;-46,678;200;07/05/25;10
Perdizes;Arena Allianz Parque;-23,527;-46,678;200;08/05/25;1
Perdizes;Arena Allianz Parque;-23,527;-46,678;200;08/05/25;2
Perdizes;Arena Allianz Parque;-23,527;-46,678;200;08/05/25;2
Perdizes;Arena Allianz Parque;-23,527;-46,678;200;08/05/25;2
Perdizes;Arena Allianz Parque;-23,527;-46,678;200;08/05/25;2
Perdizes;Arena Allianz Parque;-23,527;-46,678;200;08/05/25;4
Perdizes;Arena Allianz Parque;-23,527;-46,678;200;08/05/25;5
Perdizes;Arena Allianz Parque;-23,527;-46,678;200;08/05/25;5
Perdizes;Arena Allianz Parque;-23,527;-46,678;200;08/05/25;6
Perdizes;Arena Allianz Parque;-23,527;-46,678;200;08/05/25;7
Perdizes;Arena Allianz Parque;-23,527;-46,678;200;08/05/25;7
Perdizes;Arena Allianz Parque;-23,527;-46,678;200;08/05/25;8
Perdizes;Arena Allianz Parque;-23,527;-46,678;200;08/05/25;8
Perdizes;Arena Allianz Parque;-23,527;-46,678;200;08/05/25;9
Perdizes;Arena Allianz Parque;-23,527;-46,678;200;08/05/25;9
Perdizes;Arena Allianz Parque;-23,527;-46,678;140;01/06/25;2
Perdizes;Arena Allianz Parque;-23,527;-46,678;140;01/06/25;3
Perdizes;Arena Allianz Parque;-23,527;-46,678;140;01/06/25;6
Perdizes;Arena Allianz Parque;-23,527;-46,678;140;01/06/25;8
Perdizes;Arena Allianz Parque;-23,527;-46,678;140;01/06/25;10
Perdizes;Arena Allianz Parque;-23,527;-46,678;140;02/06/25;1
Perdizes;Arena Allianz Parque;-23,527;-46,678;140;02/06/25;1
Perdizes;Arena Allianz Parque;-23,527;-46,678;140;02/06/25;2
Perdizes;Arena Allianz Parque;-23,527;-46,678;140;02/06/25;3
Perdizes;Arena Allianz Parque;-23,527;-46,678;140;02/06/25;3
Perdizes;Arena Allianz Parque;-23,527;-46,678;140;02/06/25;5
Perdizes;Arena Allianz Parque;-23,527;-46,678;140;02/06/25;6
Perdizes;Arena Allianz Parque;-23,527;-46,678;140;02/06/25;8
Perdizes;Arena Allianz Parque;-23,527;-46,678;140;02/06/25;9
Perdizes;Arena Allianz Parque;-23,527;-46,678;140;02/06/25;9
Perdizes;Arena Allianz Parque;-23,527;-46,678;140;03/06/25;1
Perdizes;Arena Allianz Parque;-23,527;-46,678;140;03/06/25;3
Perdizes;Arena Allianz Parque;-23,527;-46,678;140;03/06/25;4
Perdizes;Arena Allianz Parque;-23,527;-46,678;140;03/06/25;6
Perdizes;Arena Allianz Parque;-23,527;-46,678;140;03/06/25;7
Perdizes;Arena Allianz Parque;-23,527;-46,678;140;03/06/25;9
Perdizes;Arena Allianz Parque;-23,527;-46,678;140;03/06/25;10
Perdizes;Arena Allianz Parque;-23,527;-46,678;140;04/06/25;2
Perdizes;Arena Allianz Parque;-23,527;-46,678;140;04/06/25;3
Perdizes;Arena Allianz Parque;-23,527;-46,678;140;04/06/25;3
Perdizes;Arena Allianz Parque;-23,527;-46,678;140;04/06/25;5
Perdizes;Arena Allianz Parque;-23,527;-46,678;140;04/06/25;7
Perdizes;Arena Allianz Parque;-23,527;-46,678;140;04/06/25;7
Perdizes;Arena Allianz Parque;-23,527;-46,678;140;04/06/25;10
Perdizes;Arena Allianz Parque;-23,527;-46,678;140;05/06/25;1
Perdizes;Arena Allianz Parque;-23,527;-46,678;140;05/06/25;2
Perdizes;Arena Allianz Parque;-23,527;-46,678;140;05/06/25;2
Perdizes;Arena Allianz Parque;-23,527;-46,678;140;05/06/25;2
Perdizes;Arena Allianz Parque;-23,527;-46,678;140;05/06/25;3
Perdizes;Arena Allianz Parque;-23,527;-46,678;140;05/06/25;4
Perdizes;Arena Allianz Parque;-23,527;-46,678;140;05/06/25;5
Perdizes;Arena Allianz Parque;-23,527;-46,678;140;05/06/25;6
Perdizes;Arena Allianz Parque;-23,527;-46,678;140;05/06/25;7
Perdizes;Arena Allianz Parque;-23,527;-46,678;140;05/06/25;8
Perdizes;Arena Allianz Parque;-23,527;-46,678;140;05/06/25;9
Perdizes;Arena Allianz Parque;-23,527;-46,678;140;06/06/25;1
Perdizes;Arena Allianz Parque;-23,527;-46,678;140;06/06/25;1
Perdizes;Arena Allianz Parque;-23,527;-46,678;140;06/06/25;3
Perdizes;Arena Allianz Parque;-23,527;-46,678;140;06/06/25;4
Perdizes;Arena Allianz Parque;-23,527;-46,678;140;06/06/25;6
Perdizes;Arena Allianz Parque;-23,527;-46,678;140;06/06/25;6
Perdizes;Arena Allianz Parque;-23,527;-46,678;140;06/06/25;7
Perdizes;Arena Allianz Parque;-23,527;-46,678;140;06/06/25;7
Perdizes;Arena Allianz Parque;-23,527;-46,678;140;06/06/25;9
Perdizes;Arena Allianz Parque;-23,527;-46,678;140;07/06/25;2
Perdizes;Arena Allianz Parque;-23,527;-46,678;140;07/06/25;2
Perdizes;Arena Allianz Parque;-23,527;-46,678;140;07/06/25;2
Perdizes;Arena Allianz Parque;-23,527;-46,678;140;07/06/25;4
Perdizes;Arena Allianz Parque;-23,527;-46,678;140;07/06/25;5
Perdizes;Arena Allianz Parque;-23,527;-46,678;140;07/06/25;6
Perdizes;Arena Allianz Parque;-23,527;-46,678;140;07/06/25;8
Perdizes;Arena Allianz Parque;-23,527;-46,678;140;07/06/25;9
Perdizes;Arena Allianz Parque;-23,527;-46,678;140;07/06/25;10
Perdizes;Arena Allianz Parque;-23,527;-46,678;140;08/06/25;1
Perdizes;Arena Allianz Parque;-23,527;-46,678;140;08/06/25;2
Perdizes;Arena Allianz Parque;-23,527;-46,678;140;08/06/25;2
Perdizes;Arena Allianz Parque;-23,527;-46,678;140;08/06/25;2
Perdizes;Arena Allianz Parque;-23,527;-46,678;140;08/06/25;3
Perdizes;Arena Allianz Parque;-23,527;-46,678;140;08/06/25;4
Perdizes;Arena Allianz Parque;-23,527;-46,678;140;08/06/25;10
Perdizes;Arena Allianz Parque;-23,527;-46,678;110;01/07/25;1
Perdizes;Arena Allianz Parque;-23,527;-46,678;110;01/07/25;2
Perdizes;Arena Allianz Parque;-23,527;-46,678;110;01/07/25;3
Perdizes;Arena Allianz Parque;-23,527;-46,678;110;01/07/25;4
Perdizes;Arena Allianz Parque;-23,527;-46,678;110;01/07/25;5
Perdizes;Arena Allianz Parque;-23,527;-46,678;110;01/07/25;5
Perdizes;Arena Allianz Parque;-23,527;-46,678;110;01/07/25;5
Perdizes;Arena Allianz Parque;-23,527;-46,678;110;01/07/25;6
Perdizes;Arena Allianz Parque;-23,527;-46,678;110;01/07/25;7
Perdizes;Arena Allianz Parque;-23,527;-46,678;110;01/07/25;8
Perdizes;Arena Allianz Parque;-23,527;-46,678;110;01/07/25;9
Perdizes;Arena Allianz Parque;-23,527;-46,678;110;01/07/25;10
Perdizes;Arena Allianz Parque;-23,527;-46,678;110;02/07/25;1
Perdizes;Arena Allianz Parque;-23,527;-46,678;110;02/07/25;1
Perdizes;Arena Allianz Parque;-23,527;-46,678;110;02/07/25;1
Perdizes;Arena Allianz Parque;-23,527;-46,678;110;02/07/25;1
Perdizes;Arena Allianz Parque;-23,527;-46,678;110;02/07/25;3
Perdizes;Arena Allianz Parque;-23,527;-46,678;110;02/07/25;5
Perdizes;Arena Allianz Parque;-23,527;-46,678;110;02/07/25;6
Perdizes;Arena Allianz Parque;-23,527;-46,678;110;02/07/25;6
Perdizes;Arena Allianz Parque;-23,527;-46,678;110;02/07/25;7
Perdizes;Arena Allianz Parque;-23,527;-46,678;110;02/07/25;7
Perdizes;Arena Allianz Parque;-23,527;-46,678;110;02/07/25;9
Perdizes;Arena Allianz Parque;-23,527;-46,678;110;02/07/25;9
Perdizes;Arena Allianz Parque;-23,527;-46,678;110;03/07/25;1
Perdizes;Arena Allianz Parque;-23,527;-46,678;110;03/07/25;2
Perdizes;Arena Allianz Parque;-23,527;-46,678;110;03/07/25;2
Perdizes;Arena Allianz Parque;-23,527;-46,678;110;03/07/25;3
Perdizes;Arena Allianz Parque;-23,527;-46,678;110;03/07/25;4
Perdizes;Arena Allianz Parque;-23,527;-46,678;110;03/07/25;4
Perdizes;Arena Allianz Parque;-23,527;-46,678;110;03/07/25;5
Perdizes;Arena Allianz Parque;-23,527;-46,678;110;03/07/25;6
Perdizes;Arena Allianz Parque;-23,527;-46,678;110;03/07/25;8
Perdizes;Arena Allianz Parque;-23,527;-46,678;110;03/07/25;8
Perdizes;Arena Allianz Parque;-23,527;-46,678;110;03/07/25;9
Perdizes;Arena Allianz Parque;-23,527;-46,678;110;04/07/25;4
Perdizes;Arena Allianz Parque;-23,527;-46,678;110;04/07/25;5
Perdizes;Arena Allianz Parque;-23,527;-46,678;110;04/07/25;5
Perdizes;Arena Allianz Parque;-23,527;-46,678;110;04/07/25;6
Perdizes;Arena Allianz Parque;-23,527;-46,678;110;04/07/25;9
Perdizes;Arena Allianz Parque;-23,527;-46,678;110;04/07/25;10
Perdizes;Arena Allianz Parque;-23,527;-46,678;110;04/07/25;10
Perdizes;Arena Allianz Parque;-23,527;-46,678;110;05/07/25;1
Perdizes;Arena Allianz Parque;-23,527;-46,678;110;05/07/25;2
Perdizes;Arena Allianz Parque;-23,527;-46,678;110;05/07/25;3
Perdizes;Arena Allianz Parque;-23,527;-46,678;110;05/07/25;4
Perdizes;Arena Allianz Parque;-23,527;-46,678;110;05/07/25;6
Perdizes;Arena Allianz Parque;-23,527;-46,678;110;05/07/25;7
Perdizes;Arena Allianz Parque;-23,527;-46,678;110;05/07/25;7
Perdizes;Arena Allianz Parque;-23,527;-46,678;110;05/07/25;10
Perdizes;Arena Allianz Parque;-23,527;-46,678;110;05/07/25;10
Perdizes;Arena Allianz Parque;-23,527;-46,678;110;05/07/25;10
Perdizes;Arena Allianz Parque;-23,527;-46,678;110;05/07/25;10
Perdizes;Arena Allianz Parque;-23,527;-46,678;110;06/07/25;1
Perdizes;Arena Allianz Parque;-23,527;-46,678;110;06/07/25;2
Perdizes;Arena Allianz Parque;-23,527;-46,678;110;06/07/25;2
Perdizes;Arena Allianz Parque;-23,527;-46,678;110;06/07/25;3
Perdizes;Arena Allianz Parque;-23,527;-46,678;110;06/07/25;3
Perdizes;Arena Allianz Parque;-23,527;-46,678;110;06/07/25;3
Perdizes;Arena Allianz Parque;-23,527;-46,678;110;06/07/25;3
Perdizes;Arena Allianz Parque;-23,527;-46,678;110;06/07/25;4
Perdizes;Arena Allianz Parque;-23,527;-46,678;110;06/07/25;4
Perdizes;Arena Allianz Parque;-23,527;-46,678;110;06/07/25;5
Perdizes;Arena Allianz Parque;-23,527;-46,678;110;06/07/25;5
Perdizes;Arena Allianz Parque;-23,527;-46,678;110;06/07/25;8
Perdizes;Arena Allianz Parque;-23,527;-46,678;110;06/07/25;8
Perdizes;Arena Allianz Parque;-23,527;-46,678;110;06/07/25;8
Perdizes;Arena Allianz Parque;-23,527;-46,678;110;06/07/25;8
Perdizes;Arena Allianz Parque;-23,527;-46,678;110;06/07/25;8
Perdizes;Arena Allianz Parque;-23,527;-46,678;110;06/07/25;9
Perdizes;Arena Allianz Parque;-23,527;-46,678;110;06/07/25;10
Perdizes;Arena Allianz Parque;-23,527;-46,678;110;06/07/25;10
Perdizes;Arena Allianz Parque;-23,527;-46,678;110;06/07/25;10
Perdizes;Arena Allianz Parque;-23,527;-46,678;110;06/07/25;10
Perdizes;Arena Allianz Parque;-23,527;-46,678;110;07/07/25;2
Perdizes;Arena Allianz Parque;-23,527;-46,678;110;07/07/25;2
Perdizes;Arena Allianz Parque;-23,527;-46,678;110;07/07/25;3
Perdizes;Arena Allianz Parque;-23,527;-46,678;110;07/07/25;4
Perdizes;Arena Allianz Parque;-23,527;-46,678;110;07/07/25;6
Perdizes;Arena Allianz Parque;-23,527;-46,678;110;07/07/25;8
Perdizes;Arena Allianz Parque;-23,527;-46,678;110;07/07/25;8
Perdizes;Arena Allianz Parque;-23,527;-46,678;110;07/07/25;8
Perdizes;Arena Allianz Parque;-23,527;-46,678;110;07/07/25;10
Perdizes;Arena Allianz Parque;-23,527;-46,678;110;08/07/25;1
Perdizes;Arena Allianz Parque;-23,527;-46,678;110;08/07/25;1
Perdizes;Arena Allianz Parque;-23,527;-46,678;110;08/07/25;3
Perdizes;Arena Allianz Parque;-23,527;-46,678;110;08/07/25;4
Perdizes;Arena Allianz Parque;-23,527;-46,678;110;08/07/25;4
Perdizes;Arena Allianz Parque;-23,527;-46,678;110;08/07/25;6
Perdizes;Arena Allianz Parque;-23,527;-46,678;110;08/07/25;7
Perdizes;Arena Allianz Parque;-23,527;-46,678;110;08/07/25;8
Perdizes;Arena Allianz Parque;-23,527;-46,678;110;08/07/25;9
Perdizes;Arena Allianz Parque;-23,527;-46,678;110;08/07/25;9
Perdizes;Arena Allianz Parque;-23,527;-46,678;110;08/07/25;10
Perdizes;Arena Allianz Parque;-23,527;-46,678;190;01/08/25;2
Perdizes;Arena Allianz Parque;-23,527;-46,678;190;01/08/25;3
Perdizes;Arena Allianz Parque;-23,527;-46,678;190;01/08/25;4
Perdizes;Arena Allianz Parque;-23,527;-46,678;190;01/08/25;6
Perdizes;Arena Allianz Parque;-23,527;-46,678;190;01/08/25;7
Perdizes;Arena Allianz Parque;-23,527;-46,678;190;01/08/25;7
Perdizes;Arena Allianz Parque;-23,527;-46,678;190;01/08/25;8
Perdizes;Arena Allianz Parque;-23,527;-46,678;190;01/08/25;8
Perdizes;Arena Allianz Parque;-23,527;-46,678;190;01/08/25;8
Perdizes;Arena Allianz Parque;-23,527;-46,678;190;01/08/25;9
Perdizes;Arena Allianz Parque;-23,527;-46,678;190;01/08/25;10
Perdizes;Arena Allianz Parque;-23,527;-46,678;190;01/08/25;10
Perdizes;Arena Allianz Parque;-23,527;-46,678;190;02/08/25;1
Perdizes;Arena Allianz Parque;-23,527;-46,678;190;02/08/25;2
Perdizes;Arena Allianz Parque;-23,527;-46,678;190;02/08/25;2
Perdizes;Arena Allianz Parque;-23,527;-46,678;190;02/08/25;3
Perdizes;Arena Allianz Parque;-23,527;-46,678;190;02/08/25;3
Perdizes;Arena Allianz Parque;-23,527;-46,678;190;02/08/25;4
Perdizes;Arena Allianz Parque;-23,527;-46,678;190;02/08/25;5
Perdizes;Arena Allianz Parque;-23,527;-46,678;190;02/08/25;6
Perdizes;Arena Allianz Parque;-23,527;-46,678;190;02/08/25;7
Perdizes;Arena Allianz Parque;-23,527;-46,678;190;02/08/25;8
Perdizes;Arena Allianz Parque;-23,527;-46,678;190;02/08/25;9
Perdizes;Arena Allianz Parque;-23,527;-46,678;190;02/08/25;9
Perdizes;Arena Allianz Parque;-23,527;-46,678;190;02/08/25;10
Perdizes;Arena Allianz Parque;-23,527;-46,678;190;02/08/25;10
Perdizes;Arena Allianz Parque;-23,527;-46,678;190;03/08/25;1
Perdizes;Arena Allianz Parque;-23,527;-46,678;190;03/08/25;4
Perdizes;Arena Allianz Parque;-23,527;-46,678;190;03/08/25;7
Perdizes;Arena Allianz Parque;-23,527;-46,678;190;03/08/25;9
Perdizes;Arena Allianz Parque;-23,527;-46,678;190;03/08/25;10
Perdizes;Arena Allianz Parque;-23,527;-46,678;190;03/08/25;10
Perdizes;Arena Allianz Parque;-23,527;-46,678;190;04/08/25;1
Perdizes;Arena Allianz Parque;-23,527;-46,678;190;04/08/25;1
Perdizes;Arena Allianz Parque;-23,527;-46,678;190;04/08/25;3
Perdizes;Arena Allianz Parque;-23,527;-46,678;190;04/08/25;3
Perdizes;Arena Allianz Parque;-23,527;-46,678;190;04/08/25;3
Perdizes;Arena Allianz Parque;-23,527;-46,678;190;04/08/25;6
Perdizes;Arena Allianz Parque;-23,527;-46,678;190;04/08/25;6
Perdizes;Arena Allianz Parque;-23,527;-46,678;190;04/08/25;6
Perdizes;Arena Allianz Parque;-23,527;-46,678;190;04/08/25;6
Perdizes;Arena Allianz Parque;-23,527;-46,678;190;04/08/25;7
Perdizes;Arena Allianz Parque;-23,527;-46,678;190;04/08/25;8
Perdizes;Arena Allianz Parque;-23,527;-46,678;190;04/08/25;9
Perdizes;Arena Allianz Parque;-23,527;-46,678;190;04/08/25;9
Perdizes;Arena Allianz Parque;-23,527;-46,678;190;04/08/25;9
Perdizes;Arena Allianz Parque;-23,527;-46,678;190;05/08/25;1
Perdizes;Arena Allianz Parque;-23,527;-46,678;190;05/08/25;1
Perdizes;Arena Allianz Parque;-23,527;-46,678;190;05/08/25;2
Perdizes;Arena Allianz Parque;-23,527;-46,678;190;05/08/25;2
Perdizes;Arena Allianz Parque;-23,527;-46,678;190;05/08/25;2
Perdizes;Arena Allianz Parque;-23,527;-46,678;190;05/08/25;4
Perdizes;Arena Allianz Parque;-23,527;-46,678;190;05/08/25;4
Perdizes;Arena Allianz Parque;-23,527;-46,678;190;05/08/25;5
Perdizes;Arena Allianz Parque;-23,527;-46,678;190;05/08/25;6
Perdizes;Arena Allianz Parque;-23,527;-46,678;190;05/08/25;6
Perdizes;Arena Allianz Parque;-23,527;-46,678;190;05/08/25;6
Perdizes;Arena Allianz Parque;-23,527;-46,678;190;05/08/25;7
Perdizes;Arena Allianz Parque;-23,527;-46,678;190;05/08/25;7
Perdizes;Arena Allianz Parque;-23,527;-46,678;190;05/08/25;7
Perdizes;Arena Allianz Parque;-23,527;-46,678;190;05/08/25;8
Perdizes;Arena Allianz Parque;-23,527;-46,678;190;05/08/25;8
Perdizes;Arena Allianz Parque;-23,527;-46,678;190;05/08/25;9
Perdizes;Arena Allianz Parque;-23,527;-46,678;190;05/08/25;9
Perdizes;Arena Allianz Parque;-23,527;-46,678;190;05/08/25;9
Perdizes;Arena Allianz Parque;-23,527;-46,678;190;05/08/25;10
Perdizes;Arena Allianz Parque;-23,527;-46,678;190;05/08/25;10
Perdizes;Arena Allianz Parque;-23,527;-46,678;190;05/08/25;10
Perdizes;Arena Allianz Parque;-23,527;-46,678;190;06/08/25;1
Perdizes;Arena Allianz Parque;-23,527;-46,678;190;06/08/25;1
Perdizes;Arena Allianz Parque;-23,527;-46,678;190;06/08/25;2
Perdizes;Arena Allianz Parque;-23,527;-46,678;190;06/08/25;3
Perdizes;Arena Allianz Parque;-23,527;-46,678;190;06/08/25;4
Perdizes;Arena Allianz Parque;-23,527;-46,678;190;06/08/25;4
Perdizes;Arena Allianz Parque;-23,527;-46,678;190;06/08/25;5
Perdizes;Arena Allianz Parque;-23,527;-46,678;190;06/08/25;5
Perdizes;Arena Allianz Parque;-23,527;-46,678;190;06/08/25;5
Perdizes;Arena Allianz Parque;-23,527;-46,678;190;06/08/25;6
Perdizes;Arena Allianz Parque;-23,527;-46,678;190;06/08/25;7
Perdizes;Arena Allianz Parque;-23,527;-46,678;190;06/08/25;8
Perdizes;Arena Allianz Parque;-23,527;-46,678;190;06/08/25;8
Perdizes;Arena Allianz Parque;-23,527;-46,678;190;06/08/25;8
Perdizes;Arena Allianz Parque;-23,527;-46,678;190;06/08/25;9
Perdizes;Arena Allianz Parque;-23,527;-46,678;190;06/08/25;9
Perdizes;Arena Allianz Parque;-23,527;-46,678;190;07/08/25;1
Perdizes;Arena Allianz Parque;-23,527;-46,678;190;07/08/25;2
Perdizes;Arena Allianz Parque;-23,527;-46,678;190;07/08/25;3
Perdizes;Arena Allianz Parque;-23,527;-46,678;190;07/08/25;3
Perdizes;Arena Allianz Parque;-23,527;-46,678;190;07/08/25;4
Perdizes;Arena Allianz Parque;-23,527;-46,678;190;07/08/25;4
Perdizes;Arena Allianz Parque;-23,527;-46,678;190;07/08/25;5
Perdizes;Arena Allianz Parque;-23,527;-46,678;190;07/08/25;6
Perdizes;Arena Allianz Parque;-23,527;-46,678;190;07/08/25;6
Perdizes;Arena Allianz Parque;-23,527;-46,678;190;07/08/25;6
Perdizes;Arena Allianz Parque;-23,527;-46,678;190;07/08/25;6
Perdizes;Arena Allianz Parque;-23,527;-46,678;190;07/08/25;7
Perdizes;Arena Allianz Parque;-23,527;-46,678;190;07/08/25;7
Perdizes;Arena Allianz Parque;-23,527;-46,678;190;07/08/25;8
Perdizes;Arena Allianz Parque;-23,527;-46,678;190;07/08/25;8
Perdizes;Arena Allianz Parque;-23,527;-46,678;190;07/08/25;9
Perdizes;Arena Allianz Parque;-23,527;-46,678;190;07/08/25;9
Perdizes;Arena Allianz Parque;-23,527;-46,678;190;08/08/25;1
Perdizes;Arena Allianz Parque;-23,527;-46,678;190;08/08/25;4
Perdizes;Arena Allianz Parque;-23,527;-46,678;190;08/08/25;6
Perdizes;Arena Allianz Parque;-23,527;-46,678;190;08/08/25;6
Perdizes;Arena Allianz Parque;-23,527;-46,678;190;08/08/25;8
Perdizes;Arena Allianz Parque;-23,527;-46,678;190;08/08/25;9
Perdizes;Arena Allianz Parque;-23,527;-46,678;190;08/08/25;9
Perdizes;Arena Allianz Parque;-23,527;-46,678;190;08/08/25;10
Perdizes;Arena Allianz Parque;-23,527;-46,678;100;01/09/25;1
Perdizes;Arena Allianz Parque;-23,527;-46,678;100;01/09/25;1
Perdizes;Arena Allianz Parque;-23,527;-46,678;100;01/09/25;1
Perdizes;Arena Allianz Parque;-23,527;-46,678;100;01/09/25;1
Perdizes;Arena Allianz Parque;-23,527;-46,678;100;01/09/25;2
Perdizes;Arena Allianz Parque;-23,527;-46,678;100;01/09/25;3
Perdizes;Arena Allianz Parque;-23,527;-46,678;100;01/09/25;4
Perdizes;Arena Allianz Parque;-23,527;-46,678;100;01/09/25;4
Perdizes;Arena Allianz Parque;-23,527;-46,678;100;01/09/25;5
Perdizes;Arena Allianz Parque;-23,527;-46,678;100;01/09/25;5
Perdizes;Arena Allianz Parque;-23,527;-46,678;100;01/09/25;7
Perdizes;Arena Allianz Parque;-23,527;-46,678;100;01/09/25;7
Perdizes;Arena Allianz Parque;-23,527;-46,678;100;01/09/25;7
Perdizes;Arena Allianz Parque;-23,527;-46,678;100;01/09/25;7
Perdizes;Arena Allianz Parque;-23,527;-46,678;100;01/09/25;8
Perdizes;Arena Allianz Parque;-23,527;-46,678;100;01/09/25;8
Perdizes;Arena Allianz Parque;-23,527;-46,678;100;01/09/25;9
Perdizes;Arena Allianz Parque;-23,527;-46,678;100;01/09/25;10
Perdizes;Arena Allianz Parque;-23,527;-46,678;100;01/09/25;10
Perdizes;Arena Allianz Parque;-23,527;-46,678;100;02/09/25;3
Perdizes;Arena Allianz Parque;-23,527;-46,678;100;02/09/25;5
Perdizes;Arena Allianz Parque;-23,527;-46,678;100;02/09/25;5
Perdizes;Arena Allianz Parque;-23,527;-46,678;100;02/09/25;6
Perdizes;Arena Allianz Parque;-23,527;-46,678;100;02/09/25;7
Perdizes;Arena Allianz Parque;-23,527;-46,678;100;02/09/25;8
Perdizes;Arena Allianz Parque;-23,527;-46,678;100;02/09/25;8
Perdizes;Arena Allianz Parque;-23,527;-46,678;100;02/09/25;8
Perdizes;Arena Allianz Parque;-23,527;-46,678;100;02/09/25;9
Perdizes;Arena Allianz Parque;-23,527;-46,678;100;03/09/25;1
Perdizes;Arena Allianz Parque;-23,527;-46,678;100;03/09/25;1
Perdizes;Arena Allianz Parque;-23,527;-46,678;100;03/09/25;2
Perdizes;Arena Allianz Parque;-23,527;-46,678;100;03/09/25;4
Perdizes;Arena Allianz Parque;-23,527;-46,678;100;03/09/25;4
Perdizes;Arena Allianz Parque;-23,527;-46,678;100;03/09/25;5
Perdizes;Arena Allianz Parque;-23,527;-46,678;100;03/09/25;7
Perdizes;Arena Allianz Parque;-23,527;-46,678;100;03/09/25;7
Perdizes;Arena Allianz Parque;-23,527;-46,678;100;03/09/25;8
Perdizes;Arena Allianz Parque;-23,527;-46,678;100;03/09/25;8
Perdizes;Arena Allianz Parque;-23,527;-46,678;100;03/09/25;9
Perdizes;Arena Allianz Parque;-23,527;-46,678;100;03/09/25;9
Perdizes;Arena Allianz Parque;-23,527;-46,678;100;04/09/25;2
Perdizes;Arena Allianz Parque;-23,527;-46,678;100;04/09/25;2
Perdizes;Arena Allianz Parque;-23,527;-46,678;100;04/09/25;3
Perdizes;Arena Allianz Parque;-23,527;-46,678;100;04/09/25;4
Perdizes;Arena Allianz Parque;-23,527;-46,678;100;04/09/25;4
Perdizes;Arena Allianz Parque;-23,527;-46,678;100;04/09/25;4
Perdizes;Arena Allianz Parque;-23,527;-46,678;100;04/09/25;6
Perdizes;Arena Allianz Parque;-23,527;-46,678;100;04/09/25;8
Perdizes;Arena Allianz Parque;-23,527;-46,678;100;04/09/25;9
Perdizes;Arena Allianz Parque;-23,527;-46,678;100;04/09/25;10
Perdizes;Arena Allianz Parque;-23,527;-46,678;100;05/09/25;1
Perdizes;Arena Allianz Parque;-23,527;-46,678;100;05/09/25;1
Perdizes;Arena Allianz Parque;-23,527;-46,678;100;05/09/25;1
Perdizes;Arena Allianz Parque;-23,527;-46,678;100;05/09/25;3
Perdizes;Arena Allianz Parque;-23,527;-46,678;100;05/09/25;5
Perdizes;Arena Allianz Parque;-23,527;-46,678;100;05/09/25;6
Perdizes;Arena Allianz Parque;-23,527;-46,678;100;05/09/25;6
Perdizes;Arena Allianz Parque;-23,527;-46,678;100;05/09/25;6
Perdizes;Arena Allianz Parque;-23,527;-46,678;100;05/09/25;7
Perdizes;Arena Allianz Parque;-23,527;-46,678;100;05/09/25;7
Perdizes;Arena Allianz Parque;-23,527;-46,678;100;05/09/25;8
Perdizes;Arena Allianz Parque;-23,527;-46,678;100;05/09/25;8
Perdizes;Arena Allianz Parque;-23,527;-46,678;100;05/09/25;9
Perdizes;Arena Allianz Parque;-23,527;-46,678;100;05/09/25;10
Perdizes;Arena Allianz Parque;-23,527;-46,678;100;05/09/25;10
Perdizes;Arena Allianz Parque;-23,527;-46,678;100;06/09/25;1
Perdizes;Arena Allianz Parque;-23,527;-46,678;100;06/09/25;1
Perdizes;Arena Allianz Parque;-23,527;-46,678;100;06/09/25;1
Perdizes;Arena Allianz Parque;-23,527;-46,678;100;06/09/25;1
Perdizes;Arena Allianz Parque;-23,527;-46,678;100;06/09/25;2
Perdizes;Arena Allianz Parque;-23,527;-46,678;100;06/09/25;3
Perdizes;Arena Allianz Parque;-23,527;-46,678;100;06/09/25;3
Perdizes;Arena Allianz Parque;-23,527;-46,678;100;06/09/25;4
Perdizes;Arena Allianz Parque;-23,527;-46,678;100;06/09/25;5
Perdizes;Arena Allianz Parque;-23,527;-46,678;100;06/09/25;5
Perdizes;Arena Allianz Parque;-23,527;-46,678;100;06/09/25;6
Perdizes;Arena Allianz Parque;-23,527;-46,678;100;06/09/25;6
Perdizes;Arena Allianz Parque;-23,527;-46,678;100;06/09/25;7
Perdizes;Arena Allianz Parque;-23,527;-46,678;100;06/09/25;7
Perdizes;Arena Allianz Parque;-23,527;-46,678;100;06/09/25;7
Perdizes;Arena Allianz Parque;-23,527;-46,678;100;06/09/25;7
Perdizes;Arena Allianz Parque;-23,527;-46,678;100;06/09/25;10
Perdizes;Arena Allianz Parque;-23,527;-46,678;100;07/09/25;1
Perdizes;Arena Allianz Parque;-23,527;-46,678;100;07/09/25;2
Perdizes;Arena Allianz Parque;-23,527;-46,678;100;07/09/25;2
Perdizes;Arena Allianz Parque;-23,527;-46,678;100;07/09/25;4
Perdizes;Arena Allianz Parque;-23,527;-46,678;100;07/09/25;4
Perdizes;Arena Allianz Parque;-23,527;-46,678;100;07/09/25;6
Perdizes;Arena Allianz Parque;-23,527;-46,678;100;07/09/25;9
Perdizes;Arena Allianz Parque;-23,527;-46,678;100;07/09/25;9
Perdizes;Arena Allianz Parque;-23,527;-46,678;100;07/09/25;10
Perdizes;Arena Allianz Parque;-23,527;-46,678;100;08/09/25;2
Perdizes;Arena Allianz Parque;-23,527;-46,678;100;08/09/25;3
Perdizes;Arena Allianz Parque;-23,527;-46,678;100;08/09/25;3
Perdizes;Arena Allianz Parque;-23,527;-46,678;100;08/09/25;3
Perdizes;Arena Allianz Parque;-23,527;-46,678;100;08/09/25;4
Perdizes;Arena Allianz Parque;-23,527;-46,678;100;08/09/25;5
Perdizes;Arena Allianz Parque;-23,527;-46,678;100;08/09/25;5
Perdizes;Arena Allianz Parque;-23,527;-46,678;100;08/09/25;7
Perdizes;Arena Allianz Parque;-23,527;-46,678;100;08/09/25;7
Perdizes;Arena Allianz Parque;-23,527;-46,678;100;08/09/25;8
Perdizes;Arena Allianz Parque;-23,527;-46,678;100;08/09/25;8
Perdizes;Arena Allianz Parque;-23,527;-46,678;100;08/09/25;8
Perdizes;Arena Allianz Parque;-23,527;-46,678;100;08/09/25;9
Perdizes;Arena Allianz Parque;-23,527;-46,678;100;08/09/25;9
Perdizes;Arena Allianz Parque;-23,527;-46,678;100;08/09/25;10
Perdizes;Arena Allianz Parque;-23,527;-46,678;160;01/10/25;1
Perdizes;Arena Allianz Parque;-23,527;-46,678;160;01/10/25;2
Perdizes;Arena Allianz Parque;-23,527;-46,678;160;01/10/25;2
Perdizes;Arena Allianz Parque;-23,527;-46,678;160;01/10/25;3
Perdizes;Arena Allianz Parque;-23,527;-46,678;160;01/10/25;3
Perdizes;Arena Allianz Parque;-23,527;-46,678;160;01/10/25;4
Perdizes;Arena Allianz Parque;-23,527;-46,678;160;01/10/25;5
Perdizes;Arena Allianz Parque;-23,527;-46,678;160;01/10/25;8
Perdizes;Arena Allianz Parque;-23,527;-46,678;160;02/10/25;1
Perdizes;Arena Allianz Parque;-23,527;-46,678;160;02/10/25;2
Perdizes;Arena Allianz Parque;-23,527;-46,678;160;02/10/25;4
Perdizes;Arena Allianz Parque;-23,527;-46,678;160;02/10/25;4
Perdizes;Arena Allianz Parque;-23,527;-46,678;160;02/10/25;5
Perdizes;Arena Allianz Parque;-23,527;-46,678;160;02/10/25;7
Perdizes;Arena Allianz Parque;-23,527;-46,678;160;02/10/25;8
Perdizes;Arena Allianz Parque;-23,527;-46,678;160;02/10/25;8
Perdizes;Arena Allianz Parque;-23,527;-46,678;160;02/10/25;9
Perdizes;Arena Allianz Parque;-23,527;-46,678;160;02/10/25;10
Perdizes;Arena Allianz Parque;-23,527;-46,678;160;03/10/25;3
Perdizes;Arena Allianz Parque;-23,527;-46,678;160;03/10/25;3
Perdizes;Arena Allianz Parque;-23,527;-46,678;160;03/10/25;4
Perdizes;Arena Allianz Parque;-23,527;-46,678;160;03/10/25;4
Perdizes;Arena Allianz Parque;-23,527;-46,678;160;03/10/25;5
Perdizes;Arena Allianz Parque;-23,527;-46,678;160;03/10/25;6
Perdizes;Arena Allianz Parque;-23,527;-46,678;160;03/10/25;7
Perdizes;Arena Allianz Parque;-23,527;-46,678;160;03/10/25;8
Perdizes;Arena Allianz Parque;-23,527;-46,678;160;03/10/25;8
Perdizes;Arena Allianz Parque;-23,527;-46,678;160;03/10/25;8
Perdizes;Arena Allianz Parque;-23,527;-46,678;160;03/10/25;9
Perdizes;Arena Allianz Parque;-23,527;-46,678;160;03/10/25;10
Perdizes;Arena Allianz Parque;-23,527;-46,678;160;04/10/25;4
Perdizes;Arena Allianz Parque;-23,527;-46,678;160;04/10/25;7
Perdizes;Arena Allianz Parque;-23,527;-46,678;160;04/10/25;8
Perdizes;Arena Allianz Parque;-23,527;-46,678;160;04/10/25;9
Perdizes;Arena Allianz Parque;-23,527;-46,678;160;04/10/25;9
Perdizes;Arena Allianz Parque;-23,527;-46,678;160;04/10/25;9
Perdizes;Arena Allianz Parque;-23,527;-46,678;160;05/10/25;4
Perdizes;Arena Allianz Parque;-23,527;-46,678;160;05/10/25;4
Perdizes;Arena Allianz Parque;-23,527;-46,678;160;05/10/25;5
Perdizes;Arena Allianz Parque;-23,527;-46,678;160;05/10/25;8
Perdizes;Arena Allianz Parque;-23,527;-46,678;160;05/10/25;9
Perdizes;Arena Allianz Parque;-23,527;-46,678;160;06/10/25;1
Perdizes;Arena Allianz Parque;-23,527;-46,678;160;06/10/25;2
Perdizes;Arena Allianz Parque;-23,527;-46,678;160;06/10/25;3
Perdizes;Arena Allianz Parque;-23,527;-46,678;160;06/10/25;3
Perdizes;Arena Allianz Parque;-23,527;-46,678;160;06/10/25;4
Perdizes;Arena Allianz Parque;-23,527;-46,678;160;06/10/25;6
Perdizes;Arena Allianz Parque;-23,527;-46,678;160;06/10/25;9
Perdizes;Arena Allianz Parque;-23,527;-46,678;160;06/10/25;9
Perdizes;Arena Allianz Parque;-23,527;-46,678;160;07/10/25;1
Perdizes;Arena Allianz Parque;-23,527;-46,678;160;07/10/25;2
Perdizes;Arena Allianz Parque;-23,527;-46,678;160;07/10/25;3
Perdizes;Arena Allianz Parque;-23,527;-46,678;160;07/10/25;4
Perdizes;Arena Allianz Parque;-23,527;-46,678;160;07/10/25;4
Perdizes;Arena Allianz Parque;-23,527;-46,678;160;07/10/25;4
Perdizes;Arena Allianz Parque;-23,527;-46,678;160;07/10/25;5
Perdizes;Arena Allianz Parque;-23,527;-46,678;160;07/10/25;5
Perdizes;Arena Allianz Parque;-23,527;-46,678;160;07/10/25;6
Perdizes;Arena Allianz Parque;-23,527;-46,678;160;07/10/25;7
Perdizes;Arena Allianz Parque;-23,527;-46,678;160;07/10/25;7
Perdizes;Arena Allianz Parque;-23,527;-46,678;160;07/10/25;8
Perdizes;Arena Allianz Parque;-23,527;-46,678;160;07/10/25;8
Perdizes;Arena Allianz Parque;-23,527;-46,678;160;08/10/25;1
Perdizes;Arena Allianz Parque;-23,527;-46,678;160;08/10/25;3
Perdizes;Arena Allianz Parque;-23,527;-46,678;160;08/10/25;3
Perdizes;Arena Allianz Parque;-23,527;-46,678;160;08/10/25;4
Perdizes;Arena Allianz Parque;-23,527;-46,678;160;08/10/25;5
Perdizes;Arena Allianz Parque;-23,527;-46,678;160;08/10/25;5
Perdizes;Arena Allianz Parque;-23,527;-46,678;160;08/10/25;7
Perdizes;Arena Allianz Parque;-23,527;-46,678;160;08/10/25;7
Perdizes;Arena Allianz Parque;-23,527;-46,678;160;08/10/25;9
Perdizes;Arena Allianz Parque;-23,527;-46,678;170;01/11/25;1
Perdizes;Arena Allianz Parque;-23,527;-46,678;170;01/11/25;1
Perdizes;Arena Allianz Parque;-23,527;-46,678;170;01/11/25;3
Perdizes;Arena Allianz Parque;-23,527;-46,678;170;01/11/25;8
Perdizes;Arena Allianz Parque;-23,527;-46,678;170;01/11/25;8
Perdizes;Arena Allianz Parque;-23,527;-46,678;170;01/11/25;10
Perdizes;Arena Allianz Parque;-23,527;-46,678;170;01/11/25;10
Perdizes;Arena Allianz Parque;-23,527;-46,678;170;02/11/25;1
Perdizes;Arena Allianz Parque;-23,527;-46,678;170;02/11/25;2
Perdizes;Arena Allianz Parque;-23,527;-46,678;170;02/11/25;4
Perdizes;Arena Allianz Parque;-23,527;-46,678;170;02/11/25;4
Perdizes;Arena Allianz Parque;-23,527;-46,678;170;02/11/25;4
Perdizes;Arena Allianz Parque;-23,527;-46,678;170;02/11/25;6
Perdizes;Arena Allianz Parque;-23,527;-46,678;170;02/11/25;8
Perdizes;Arena Allianz Parque;-23,527;-46,678;170;02/11/25;8
Perdizes;Arena Allianz Parque;-23,527;-46,678;170;02/11/25;8
Perdizes;Arena Allianz Parque;-23,527;-46,678;170;02/11/25;9
Perdizes;Arena Allianz Parque;-23,527;-46,678;170;03/11/25;1
Perdizes;Arena Allianz Parque;-23,527;-46,678;170;03/11/25;1
Perdizes;Arena Allianz Parque;-23,527;-46,678;170;03/11/25;3
Perdizes;Arena Allianz Parque;-23,527;-46,678;170;03/11/25;5
Perdizes;Arena Allianz Parque;-23,527;-46,678;170;03/11/25;8
Perdizes;Arena Allianz Parque;-23,527;-46,678;170;03/11/25;8
Perdizes;Arena Allianz Parque;-23,527;-46,678;170;04/11/25;1
Perdizes;Arena Allianz Parque;-23,527;-46,678;170;04/11/25;4
Perdizes;Arena Allianz Parque;-23,527;-46,678;170;04/11/25;6
Perdizes;Arena Allianz Parque;-23,527;-46,678;170;04/11/25;6
Perdizes;Arena Allianz Parque;-23,527;-46,678;170;04/11/25;8
Perdizes;Arena Allianz Parque;-23,527;-46,678;170;04/11/25;8
Perdizes;Arena Allianz Parque;-23,527;-46,678;170;04/11/25;8
Perdizes;Arena Allianz Parque;-23,527;-46,678;170;04/11/25;8
Perdizes;Arena Allianz Parque;-23,527;-46,678;170;04/11/25;10
Perdizes;Arena Allianz Parque;-23,527;-46,678;170;05/11/25;1
Perdizes;Arena Allianz Parque;-23,527;-46,678;170;05/11/25;1
Perdizes;Arena Allianz Parque;-23,527;-46,678;170;05/11/25;2
Perdizes;Arena Allianz Parque;-23,527;-46,678;170;05/11/25;2
Perdizes;Arena Allianz Parque;-23,527;-46,678;170;05/11/25;3
Perdizes;Arena Allianz Parque;-23,527;-46,678;170;05/11/25;3
Perdizes;Arena Allianz Parque;-23,527;-46,678;170;05/11/25;4
Perdizes;Arena Allianz Parque;-23,527;-46,678;170;05/11/25;5
Perdizes;Arena Allianz Parque;-23,527;-46,678;170;05/11/25;6
Perdizes;Arena Allianz Parque;-23,527;-46,678;170;05/11/25;8
Perdizes;Arena Allianz Parque;-23,527;-46,678;170;05/11/25;8
Perdizes;Arena Allianz Parque;-23,527;-46,678;170;05/11/25;9
Perdizes;Arena Allianz Parque;-23,527;-46,678;170;06/11/25;3
Perdizes;Arena Allianz Parque;-23,527;-46,678;170;06/11/25;5
Perdizes;Arena Allianz Parque;-23,527;-46,678;170;06/11/25;8
Perdizes;Arena Allianz Parque;-23,527;-46,678;170;06/11/25;9
Perdizes;Arena Allianz Parque;-23,527;-46,678;170;07/11/25;1
Perdizes;Arena Allianz Parque;-23,527;-46,678;170;07/11/25;2
Perdizes;Arena Allianz Parque;-23,527;-46,678;170;07/11/25;3
Perdizes;Arena Allianz Parque;-23,527;-46,678;170;07/11/25;5
Perdizes;Arena Allianz Parque;-23,527;-46,678;170;07/11/25;6
Perdizes;Arena Allianz Parque;-23,527;-46,678;170;07/11/25;6
Perdizes;Arena Allianz Parque;-23,527;-46,678;170;07/11/25;6
Perdizes;Arena Allianz Parque;-23,527;-46,678;170;07/11/25;7
Perdizes;Arena Allianz Parque;-23,527;-46,678;170;07/11/25;8
Perdizes;Arena Allianz Parque;-23,527;-46,678;170;07/11/25;8
Perdizes;Arena Allianz Parque;-23,527;-46,678;170;07/11/25;8
Perdizes;Arena Allianz Parque;-23,527;-46,678;170;07/11/25;10
Perdizes;Arena Allianz Parque;-23,527;-46,678;170;07/11/25;10
Perdizes;Arena Allianz Parque;-23,527;-46,678;170;07/11/25;10
Perdizes;Arena Allianz Parque;-23,527;-46,678;170;08/11/25;1
Perdizes;Arena Allianz Parque;-23,527;-46,678;170;08/11/25;2
Perdizes;Arena Allianz Parque;-23,527;-46,678;170;08/11/25;4
Perdizes;Arena Allianz Parque;-23,527;-46,678;170;08/11/25;4
Perdizes;Arena Allianz Parque;-23,527;-46,678;170;08/11/25;5
Perdizes;Arena Allianz Parque;-23,527;-46,678;170;08/11/25;6
Perdizes;Arena Allianz Parque;-23,527;-46,678;170;08/11/25;6
Perdizes;Arena Allianz Parque;-23,527;-46,678;170;08/11/25;9
Perdizes;Arena Allianz Parque;-23,527;-46,678;170;08/11/25;10
Perdizes;Arena Allianz Parque;-23,527;-46,678;210;01/12/25;1
Perdizes;Arena Allianz Parque;-23,527;-46,678;210;01/12/25;1
Perdizes;Arena Allianz Parque;-23,527;-46,678;210;01/12/25;3
Perdizes;Arena Allianz Parque;-23,527;-46,678;210;01/12/25;4
Perdizes;Arena Allianz Parque;-23,527;-46,678;210;01/12/25;5
Perdizes;Arena Allianz Parque;-23,527;-46,678;210;01/12/25;5
Perdizes;Arena Allianz Parque;-23,527;-46,678;210;01/12/25;6
Perdizes;Arena Allianz Parque;-23,527;-46,678;210;01/12/25;7
Perdizes;Arena Allianz Parque;-23,527;-46,678;210;01/12/25;7
Perdizes;Arena Allianz Parque;-23,527;-46,678;210;01/12/25;7
Perdizes;Arena Allianz Parque;-23,527;-46,678;210;01/12/25;7
Perdizes;Arena Allianz Parque;-23,527;-46,678;210;01/12/25;8
Perdizes;Arena Allianz Parque;-23,527;-46,678;210;01/12/25;8
Perdizes;Arena Allianz Parque;-23,527;-46,678;210;01/12/25;8
Perdizes;Arena Allianz Parque;-23,527;-46,678;210;01/12/25;8
Perdizes;Arena Allianz Parque;-23,527;-46,678;210;01/12/25;9
Perdizes;Arena Allianz Parque;-23,527;-46,678;210;01/12/25;9
Perdizes;Arena Allianz Parque;-23,527;-46,678;210;01/12/25;10
Perdizes;Arena Allianz Parque;-23,527;-46,678;210;01/12/25;10
Perdizes;Arena Allianz Parque;-23,527;-46,678;210;02/12/25;1
Perdizes;Arena Allianz Parque;-23,527;-46,678;210;02/12/25;1
Perdizes;Arena Allianz Parque;-23,527;-46,678;210;02/12/25;2
Perdizes;Arena Allianz Parque;-23,527;-46,678;210;02/12/25;2
Perdizes;Arena Allianz Parque;-23,527;-46,678;210;02/12/25;3
Perdizes;Arena Allianz Parque;-23,527;-46,678;210;02/12/25;4
Perdizes;Arena Allianz Parque;-23,527;-46,678;210;02/12/25;5
Perdizes;Arena Allianz Parque;-23,527;-46,678;210;02/12/25;6
Perdizes;Arena Allianz Parque;-23,527;-46,678;210;02/12/25;6
Perdizes;Arena Allianz Parque;-23,527;-46,678;210;02/12/25;7
Perdizes;Arena Allianz Parque;-23,527;-46,678;210;02/12/25;7
Perdizes;Arena Allianz Parque;-23,527;-46,678;210;02/12/25;8
Perdizes;Arena Allianz Parque;-23,527;-46,678;210;02/12/25;8
Perdizes;Arena Allianz Parque;-23,527;-46,678;210;02/12/25;10
Perdizes;Arena Allianz Parque;-23,527;-46,678;210;03/12/25;1
Perdizes;Arena Allianz Parque;-23,527;-46,678;210;03/12/25;4
Perdizes;Arena Allianz Parque;-23,527;-46,678;210;03/12/25;5
Perdizes;Arena Allianz Parque;-23,527;-46,678;210;03/12/25;6
Perdizes;Arena Allianz Parque;-23,527;-46,678;210;03/12/25;6
Perdizes;Arena Allianz Parque;-23,527;-46,678;210;03/12/25;7
Perdizes;Arena Allianz Parque;-23,527;-46,678;210;03/12/25;7
Perdizes;Arena Allianz Parque;-23,527;-46,678;210;03/12/25;7
Perdizes;Arena Allianz Parque;-23,527;-46,678;210;03/12/25;8
Perdizes;Arena Allianz Parque;-23,527;-46,678;210;03/12/25;9
Perdizes;Arena Allianz Parque;-23,527;-46,678;210;03/12/25;9
Perdizes;Arena Allianz Parque;-23,527;-46,678;210;04/12/25;1
Perdizes;Arena Allianz Parque;-23,527;-46,678;210;04/12/25;2
Perdizes;Arena Allianz Parque;-23,527;-46,678;210;04/12/25;3
Perdizes;Arena Allianz Parque;-23,527;-46,678;210;04/12/25;4
Perdizes;Arena Allianz Parque;-23,527;-46,678;210;04/12/25;4
Perdizes;Arena Allianz Parque;-23,527;-46,678;210;04/12/25;5
Perdizes;Arena Allianz Parque;-23,527;-46,678;210;04/12/25;5
Perdizes;Arena Allianz Parque;-23,527;-46,678;210;04/12/25;6
Perdizes;Arena Allianz Parque;-23,527;-46,678;210;04/12/25;6
Perdizes;Arena Allianz Parque;-23,527;-46,678;210;04/12/25;6
Perdizes;Arena Allianz Parque;-23,527;-46,678;210;04/12/25;6
Perdizes;Arena Allianz Parque;-23,527;-46,678;210;04/12/25;7
Perdizes;Arena Allianz Parque;-23,527;-46,678;210;04/12/25;8
Perdizes;Arena Allianz Parque;-23,527;-46,678;210;04/12/25;8
Perdizes;Arena Allianz Parque;-23,527;-46,678;210;04/12/25;9
Perdizes;Arena Allianz Parque;-23,527;-46,678;210;05/12/25;1
Perdizes;Arena Allianz Parque;-23,527;-46,678;210;05/12/25;2
Perdizes;Arena Allianz Parque;-23,527;-46,678;210;05/12/25;2
Perdizes;Arena Allianz Parque;-23,527;-46,678;210;05/12/25;3
Perdizes;Arena Allianz Parque;-23,527;-46,678;210;05/12/25;3
Perdizes;Arena Allianz Parque;-23,527;-46,678;210;05/12/25;4
Perdizes;Arena Allianz Parque;-23,527;-46,678;210;05/12/25;4
Perdizes;Arena Allianz Parque;-23,527;-46,678;210;05/12/25;4
Perdizes;Arena Allianz Parque;-23,527;-46,678;210;05/12/25;6
Perdizes;Arena Allianz Parque;-23,527;-46,678;210;05/12/25;7
Perdizes;Arena Allianz Parque;-23,527;-46,678;210;05/12/25;7
Perdizes;Arena Allianz Parque;-23,527;-46,678;210;05/12/25;8
Perdizes;Arena Allianz Parque;-23,527;-46,678;210;05/12/25;8
Perdizes;Arena Allianz Parque;-23,527;-46,678;210;05/12/25;8
Perdizes;Arena Allianz Parque;-23,527;-46,678;210;05/12/25;8
Perdizes;Arena Allianz Parque;-23,527;-46,678;210;05/12/25;9
Perdizes;Arena Allianz Parque;-23,527;-46,678;210;05/12/25;9
Perdizes;Arena Allianz Parque;-23,527;-46,678;210;05/12/25;9
Perdizes;Arena Allianz Parque;-23,527;-46,678;210;05/12/25;10
Perdizes;Arena Allianz Parque;-23,527;-46,678;210;06/12/25;1
Perdizes;Arena Allianz Parque;-23,527;-46,678;210;06/12/25;1
Perdizes;Arena Allianz Parque;-23,527;-46,678;210;06/12/25;1
Perdizes;Arena Allianz Parque;-23,527;-46,678;210;06/12/25;2
Perdizes;Arena Allianz Parque;-23,527;-46,678;210;06/12/25;2
Perdizes;Arena Allianz Parque;-23,527;-46,678;210;06/12/25;3
Perdizes;Arena Allianz Parque;-23,527;-46,678;210;06/12/25;3
Perdizes;Arena Allianz Parque;-23,527;-46,678;210;06/12/25;4
Perdizes;Arena Allianz Parque;-23,527;-46,678;210;06/12/25;6
Perdizes;Arena Allianz Parque;-23,527;-46,678;210;06/12/25;6
Perdizes;Arena Allianz Parque;-23,527;-46,678;210;06/12/25;6
Perdizes;Arena Allianz Parque;-23,527;-46,678;210;06/12/25;8
Perdizes;Arena Allianz Parque;-23,527;-46,678;210;06/12/25;8
Perdizes;Arena Allianz Parque;-23,527;-46,678;210;06/12/25;9
Perdizes;Arena Allianz Parque;-23,527;-46,678;210;06/12/25;9
Perdizes;Arena Allianz Parque;-23,527;-46,678;210;06/12/25;10
Perdizes;Arena Allianz Parque;-23,527;-46,678;210;07/12/25;1
Perdizes;Arena Allianz Parque;-23,527;-46,678;210;07/12/25;1
Perdizes;Arena Allianz Parque;-23,527;-46,678;210;07/12/25;1
Perdizes;Arena Allianz Parque;-23,527;-46,678;210;07/12/25;2
Perdizes;Arena Allianz Parque;-23,527;-46,678;210;07/12/25;2
Perdizes;Arena Allianz Parque;-23,527;-46,678;210;07/12/25;2
Perdizes;Arena Allianz Parque;-23,527;-46,678;210;07/12/25;3
Perdizes;Arena Allianz Parque;-23,527;-46,678;210;07/12/25;3
Perdizes;Arena Allianz Parque;-23,527;-46,678;210;07/12/25;3
Perdizes;Arena Allianz Parque;-23,527;-46,678;210;07/12/25;4
Perdizes;Arena Allianz Parque;-23,527;-46,678;210;07/12/25;4
Perdizes;Arena Allianz Parque;-23,527;-46,678;210;07/12/25;5
Perdizes;Arena Allianz Parque;-23,527;-46,678;210;07/12/25;5
Perdizes;Arena Allianz Parque;-23,527;-46,678;210;07/12/25;5
Perdizes;Arena Allianz Parque;-23,527;-46,678;210;07/12/25;6
Perdizes;Arena Allianz Parque;-23,527;-46,678;210;07/12/25;7
Perdizes;Arena Allianz Parque;-23,527;-46,678;210;07/12/25;8
Perdizes;Arena Allianz Parque;-23,527;-46,678;210;07/12/25;9
Perdizes;Arena Allianz Parque;-23,527;-46,678;210;07/12/25;9
Perdizes;Arena Allianz Parque;-23,527;-46,678;210;07/12/25;9
Perdizes;Arena Allianz Parque;-23,527;-46,678;210;07/12/25;10
Perdizes;Arena Allianz Parque;-23,527;-46,678;210;08/12/25;2
Perdizes;Arena Allianz Parque;-23,527;-46,678;210;08/12/25;3
Perdizes;Arena Allianz Parque;-23,527;-46,678;210;08/12/25;3
Perdizes;Arena Allianz Parque;-23,527;-46,678;210;08/12/25;4
Perdizes;Arena Allianz Parque;-23,527;-46,678;210;08/12/25;5
Perdizes;Arena Allianz Parque;-23,527;-46,678;210;08/12/25;6
Perdizes;Arena Allianz Parque;-23,527;-46,678;210;08/12/25;7
Perdizes;Arena Allianz Parque;-23,527;-46,678;210;08/12/25;8
Perdizes;Arena Allianz Parque;-23,527;-46,678;210;08/12/25;8
Perdizes;Arena Allianz Parque;-23,527;-46,678;210;08/12/25;9
Perdizes;Arena Allianz Parque;-23,527;-46,678;210;08/12/25;9
Perdizes;Arena Allianz Parque;-23,527;-46,678;150;01/01/26;1
Perdizes;Arena Allianz Parque;-23,527;-46,678;150;01/01/26;2
Perdizes;Arena Allianz Parque;-23,527;-46,678;150;01/01/26;2
Perdizes;Arena Allianz Parque;-23,527;-46,678;150;01/01/26;4
Perdizes;Arena Allianz Parque;-23,527;-46,678;150;01/01/26;4
Perdizes;Arena Allianz Parque;-23,527;-46,678;150;01/01/26;4
Perdizes;Arena Allianz Parque;-23,527;-46,678;150;01/01/26;5
Perdizes;Arena Allianz Parque;-23,527;-46,678;150;01/01/26;5
Perdizes;Arena Allianz Parque;-23,527;-46,678;150;01/01/26;5
Perdizes;Arena Allianz Parque;-23,527;-46,678;150;01/01/26;5
Perdizes;Arena Allianz Parque;-23,527;-46,678;150;01/01/26;7
Perdizes;Arena Allianz Parque;-23,527;-46,678;150;01/01/26;7
Perdizes;Arena Allianz Parque;-23,527;-46,678;150;01/01/26;9
Perdizes;Arena Allianz Parque;-23,527;-46,678;150;01/01/26;9
Perdizes;Arena Allianz Parque;-23,527;-46,678;150;01/01/26;10
Perdizes;Arena Allianz Parque;-23,527;-46,678;150;02/01/26;1
Perdizes;Arena Allianz Parque;-23,527;-46,678;150;02/01/26;3
Perdizes;Arena Allianz Parque;-23,527;-46,678;150;02/01/26;3
Perdizes;Arena Allianz Parque;-23,527;-46,678;150;02/01/26;3
Perdizes;Arena Allianz Parque;-23,527;-46,678;150;02/01/26;4
Perdizes;Arena Allianz Parque;-23,527;-46,678;150;02/01/26;4
Perdizes;Arena Allianz Parque;-23,527;-46,678;150;02/01/26;5
Perdizes;Arena Allianz Parque;-23,527;-46,678;150;02/01/26;6
Perdizes;Arena Allianz Parque;-23,527;-46,678;150;02/01/26;6
Perdizes;Arena Allianz Parque;-23,527;-46,678;150;02/01/26;8
Perdizes;Arena Allianz Parque;-23,527;-46,678;150;02/01/26;8
Perdizes;Arena Allianz Parque;-23,527;-46,678;150;02/01/26;10
Perdizes;Arena Allianz Parque;-23,527;-46,678;150;02/01/26;10
Perdizes;Arena Allianz Parque;-23,527;-46,678;150;03/01/26;1
Perdizes;Arena Allianz Parque;-23,527;-46,678;150;03/01/26;1
Perdizes;Arena Allianz Parque;-23,527;-46,678;150;03/01/26;1
Perdizes;Arena Allianz Parque;-23,527;-46,678;150;03/01/26;1
Perdizes;Arena Allianz Parque;-23,527;-46,678;150;03/01/26;2
Perdizes;Arena Allianz Parque;-23,527;-46,678;150;03/01/26;2
Perdizes;Arena Allianz Parque;-23,527;-46,678;150;03/01/26;2
Perdizes;Arena Allianz Parque;-23,527;-46,678;150;03/01/26;3
Perdizes;Arena Allianz Parque;-23,527;-46,678;150;03/01/26;3
Perdizes;Arena Allianz Parque;-23,527;-46,678;150;03/01/26;3
Perdizes;Arena Allianz Parque;-23,527;-46,678;150;03/01/26;5
Perdizes;Arena Allianz Parque;-23,527;-46,678;150;03/01/26;5
Perdizes;Arena Allianz Parque;-23,527;-46,678;150;03/01/26;5
Perdizes;Arena Allianz Parque;-23,527;-46,678;150;03/01/26;6
Perdizes;Arena Allianz Parque;-23,527;-46,678;150;03/01/26;7
Perdizes;Arena Allianz Parque;-23,527;-46,678;150;03/01/26;9
Perdizes;Arena Allianz Parque;-23,527;-46,678;150;03/01/26;10
Perdizes;Arena Allianz Parque;-23,527;-46,678;150;03/01/26;10
Perdizes;Arena Allianz Parque;-23,527;-46,678;150;04/01/26;1
Perdizes;Arena Allianz Parque;-23,527;-46,678;150;04/01/26;1
Perdizes;Arena Allianz Parque;-23,527;-46,678;150;04/01/26;2
Perdizes;Arena Allianz Parque;-23,527;-46,678;150;04/01/26;3
Perdizes;Arena Allianz Parque;-23,527;-46,678;150;04/01/26;4
Perdizes;Arena Allianz Parque;-23,527;-46,678;150;04/01/26;4
Perdizes;Arena Allianz Parque;-23,527;-46,678;150;04/01/26;6
Perdizes;Arena Allianz Parque;-23,527;-46,678;150;04/01/26;6
Perdizes;Arena Allianz Parque;-23,527;-46,678;150;04/01/26;6
Perdizes;Arena Allianz Parque;-23,527;-46,678;150;04/01/26;6
Perdizes;Arena Allianz Parque;-23,527;-46,678;150;04/01/26;7
Perdizes;Arena Allianz Parque;-23,527;-46,678;150;04/01/26;9
Perdizes;Arena Allianz Parque;-23,527;-46,678;150;04/01/26;9
Perdizes;Arena Allianz Parque;-23,527;-46,678;150;04/01/26;9
Perdizes;Arena Allianz Parque;-23,527;-46,678;150;05/01/26;1
Perdizes;Arena Allianz Parque;-23,527;-46,678;150;05/01/26;1
Perdizes;Arena Allianz Parque;-23,527;-46,678;150;05/01/26;2
Perdizes;Arena Allianz Parque;-23,527;-46,678;150;05/01/26;2
Perdizes;Arena Allianz Parque;-23,527;-46,678;150;05/01/26;4
Perdizes;Arena Allianz Parque;-23,527;-46,678;150;05/01/26;4
Perdizes;Arena Allianz Parque;-23,527;-46,678;150;05/01/26;5
Perdizes;Arena Allianz Parque;-23,527;-46,678;150;05/01/26;5
Perdizes;Arena Allianz Parque;-23,527;-46,678;150;05/01/26;5
Perdizes;Arena Allianz Parque;-23,527;-46,678;150;05/01/26;6
Perdizes;Arena Allianz Parque;-23,527;-46,678;150;05/01/26;6
Perdizes;Arena Allianz Parque;-23,527;-46,678;150;05/01/26;7
Perdizes;Arena Allianz Parque;-23,527;-46,678;150;05/01/26;7
Perdizes;Arena Allianz Parque;-23,527;-46,678;150;05/01/26;8
Perdizes;Arena Allianz Parque;-23,527;-46,678;150;05/01/26;9
Perdizes;Arena Allianz Parque;-23,527;-46,678;150;06/01/26;2
Perdizes;Arena Allianz Parque;-23,527;-46,678;150;06/01/26;3
Perdizes;Arena Allianz Parque;-23,527;-46,678;150;06/01/26;3
Perdizes;Arena Allianz Parque;-23,527;-46,678;150;06/01/26;3
Perdizes;Arena Allianz Parque;-23,527;-46,678;150;06/01/26;4
Perdizes;Arena Allianz Parque;-23,527;-46,678;150;06/01/26;4
Perdizes;Arena Allianz Parque;-23,527;-46,678;150;06/01/26;5
Perdizes;Arena Allianz Parque;-23,527;-46,678;150;06/01/26;5
Perdizes;Arena Allianz Parque;-23,527;-46,678;150;06/01/26;5
Perdizes;Arena Allianz Parque;-23,527;-46,678;150;06/01/26;5
Perdizes;Arena Allianz Parque;-23,527;-46,678;150;06/01/26;5
Perdizes;Arena Allianz Parque;-23,527;-46,678;150;06/01/26;7
Perdizes;Arena Allianz Parque;-23,527;-46,678;150;06/01/26;7
Perdizes;Arena Allianz Parque;-23,527;-46,678;150;06/01/26;9
Perdizes;Arena Allianz Parque;-23,527;-46,678;150;06/01/26;9
Perdizes;Arena Allianz Parque;-23,527;-46,678;150;06/01/26;9
Perdizes;Arena Allianz Parque;-23,527;-46,678;150;06/01/26;10
Perdizes;Arena Allianz Parque;-23,527;-46,678;150;07/01/26;1
Perdizes;Arena Allianz Parque;-23,527;-46,678;150;07/01/26;2
Perdizes;Arena Allianz Parque;-23,527;-46,678;150;07/01/26;2
Perdizes;Arena Allianz Parque;-23,527;-46,678;150;07/01/26;2
Perdizes;Arena Allianz Parque;-23,527;-46,678;150;07/01/26;3
Perdizes;Arena Allianz Parque;-23,527;-46,678;150;07/01/26;3
Perdizes;Arena Allianz Parque;-23,527;-46,678;150;07/01/26;3
Perdizes;Arena Allianz Parque;-23,527;-46,678;150;07/01/26;3
Perdizes;Arena Allianz Parque;-23,527;-46,678;150;07/01/26;3
Perdizes;Arena Allianz Parque;-23,527;-46,678;150;07/01/26;4
Perdizes;Arena Allianz Parque;-23,527;-46,678;150;07/01/26;4
Perdizes;Arena Allianz Parque;-23,527;-46,678;150;07/01/26;4
Perdizes;Arena Allianz Parque;-23,527;-46,678;150;07/01/26;5
Perdizes;Arena Allianz Parque;-23,527;-46,678;150;07/01/26;5
Perdizes;Arena Allianz Parque;-23,527;-46,678;150;07/01/26;6
Perdizes;Arena Allianz Parque;-23,527;-46,678;150;07/01/26;6
Perdizes;Arena Allianz Parque;-23,527;-46,678;150;07/01/26;6
Perdizes;Arena Allianz Parque;-23,527;-46,678;150;07/01/26;7
Perdizes;Arena Allianz Parque;-23,527;-46,678;150;07/01/26;8
Perdizes;Arena Allianz Parque;-23,527;-46,678;150;07/01/26;8
Perdizes;Arena Allianz Parque;-23,527;-46,678;150;07/01/26;8
Perdizes;Arena Allianz Parque;-23,527;-46,678;150;07/01/26;8
Perdizes;Arena Allianz Parque;-23,527;-46,678;150;07/01/26;8
Perdizes;Arena Allianz Parque;-23,527;-46,678;150;07/01/26;9
Perdizes;Arena Allianz Parque;-23,527;-46,678;150;07/01/26;10
Perdizes;Arena Allianz Parque;-23,527;-46,678;150;08/01/26;1
Perdizes;Arena Allianz Parque;-23,527;-46,678;150;08/01/26;1
Perdizes;Arena Allianz Parque;-23,527;-46,678;150;08/01/26;2
Perdizes;Arena Allianz Parque;-23,527;-46,678;150;08/01/26;2
Perdizes;Arena Allianz Parque;-23,527;-46,678;150;08/01/26;4
Perdizes;Arena Allianz Parque;-23,527;-46,678;150;08/01/26;4
Perdizes;Arena Allianz Parque;-23,527;-46,678;150;08/01/26;5
Perdizes;Arena Allianz Parque;-23,527;-46,678;150;08/01/26;6
Perdizes;Arena Allianz Parque;-23,527;-46,678;150;08/01/26;8
Perdizes;Arena Allianz Parque;-23,527;-46,678;150;08/01/26;8
Perdizes;Arena Allianz Parque;-23,527;-46,678;150;08/01/26;8
Perdizes;Arena Allianz Parque;-23,527;-46,678;150;08/01/26;10
Perdizes;Arena Allianz Parque;-23,527;-46,678;150;08/01/26;10
Perdizes;Arena Allianz Parque;-23,527;-46,678;120;01/02/26;1
Perdizes;Arena Allianz Parque;-23,527;-46,678;120;01/02/26;1
Perdizes;Arena Allianz Parque;-23,527;-46,678;120;01/02/26;2
Perdizes;Arena Allianz Parque;-23,527;-46,678;120;01/02/26;2
Perdizes;Arena Allianz Parque;-23,527;-46,678;120;01/02/26;2
Perdizes;Arena Allianz Parque;-23,527;-46,678;120;01/02/26;3
Perdizes;Arena Allianz Parque;-23,527;-46,678;120;01/02/26;6
Perdizes;Arena Allianz Parque;-23,527;-46,678;120;01/02/26;7
Perdizes;Arena Allianz Parque;-23,527;-46,678;120;01/02/26;7
Perdizes;Arena Allianz Parque;-23,527;-46,678;120;01/02/26;7
Perdizes;Arena Allianz Parque;-23,527;-46,678;120;01/02/26;8
Perdizes;Arena Allianz Parque;-23,527;-46,678;120;01/02/26;8
Perdizes;Arena Allianz Parque;-23,527;-46,678;120;02/02/26;1
Perdizes;Arena Allianz Parque;-23,527;-46,678;120;02/02/26;2
Perdizes;Arena Allianz Parque;-23,527;-46,678;120;02/02/26;3
Perdizes;Arena Allianz Parque;-23,527;-46,678;120;02/02/26;3
Perdizes;Arena Allianz Parque;-23,527;-46,678;120;02/02/26;3
Perdizes;Arena Allianz Parque;-23,527;-46,678;120;02/02/26;4
Perdizes;Arena Allianz Parque;-23,527;-46,678;120;02/02/26;4
Perdizes;Arena Allianz Parque;-23,527;-46,678;120;02/02/26;6
Perdizes;Arena Allianz Parque;-23,527;-46,678;120;02/02/26;8
Perdizes;Arena Allianz Parque;-23,527;-46,678;120;02/02/26;9
Perdizes;Arena Allianz Parque;-23,527;-46,678;120;02/02/26;10
Perdizes;Arena Allianz Parque;-23,527;-46,678;120;02/02/26;10
Perdizes;Arena Allianz Parque;-23,527;-46,678;120;03/02/26;2
Perdizes;Arena Allianz Parque;-23,527;-46,678;120;03/02/26;2
Perdizes;Arena Allianz Parque;-23,527;-46,678;120;03/02/26;2
Perdizes;Arena Allianz Parque;-23,527;-46,678;120;03/02/26;2
Perdizes;Arena Allianz Parque;-23,527;-46,678;120;03/02/26;3
Perdizes;Arena Allianz Parque;-23,527;-46,678;120;03/02/26;3
Perdizes;Arena Allianz Parque;-23,527;-46,678;120;03/02/26;4
Perdizes;Arena Allianz Parque;-23,527;-46,678;120;03/02/26;4
Perdizes;Arena Allianz Parque;-23,527;-46,678;120;03/02/26;4
Perdizes;Arena Allianz Parque;-23,527;-46,678;120;03/02/26;5
Perdizes;Arena Allianz Parque;-23,527;-46,678;120;03/02/26;5
Perdizes;Arena Allianz Parque;-23,527;-46,678;120;03/02/26;7
Perdizes;Arena Allianz Parque;-23,527;-46,678;120;03/02/26;7
Perdizes;Arena Allianz Parque;-23,527;-46,678;120;03/02/26;8
Perdizes;Arena Allianz Parque;-23,527;-46,678;120;03/02/26;8
Perdizes;Arena Allianz Parque;-23,527;-46,678;120;03/02/26;9
Perdizes;Arena Allianz Parque;-23,527;-46,678;120;03/02/26;10
Perdizes;Arena Allianz Parque;-23,527;-46,678;120;04/02/26;1
Perdizes;Arena Allianz Parque;-23,527;-46,678;120;04/02/26;1
Perdizes;Arena Allianz Parque;-23,527;-46,678;120;04/02/26;1
Perdizes;Arena Allianz Parque;-23,527;-46,678;120;04/02/26;2
Perdizes;Arena Allianz Parque;-23,527;-46,678;120;04/02/26;4
Perdizes;Arena Allianz Parque;-23,527;-46,678;120;04/02/26;4
Perdizes;Arena Allianz Parque;-23,527;-46,678;120;04/02/26;5
Perdizes;Arena Allianz Parque;-23,527;-46,678;120;04/02/26;5
Perdizes;Arena Allianz Parque;-23,527;-46,678;120;04/02/26;9
Perdizes;Arena Allianz Parque;-23,527;-46,678;120;04/02/26;10
Perdizes;Arena Allianz Parque;-23,527;-46,678;120;04/02/26;10
Perdizes;Arena Allianz Parque;-23,527;-46,678;120;05/02/26;1
Perdizes;Arena Allianz Parque;-23,527;-46,678;120;05/02/26;1
Perdizes;Arena Allianz Parque;-23,527;-46,678;120;05/02/26;3
Perdizes;Arena Allianz Parque;-23,527;-46,678;120;05/02/26;3
Perdizes;Arena Allianz Parque;-23,527;-46,678;120;05/02/26;4
Perdizes;Arena Allianz Parque;-23,527;-46,678;120;05/02/26;5
Perdizes;Arena Allianz Parque;-23,527;-46,678;120;05/02/26;6
Perdizes;Arena Allianz Parque;-23,527;-46,678;120;05/02/26;6
Perdizes;Arena Allianz Parque;-23,527;-46,678;120;05/02/26;8
Perdizes;Arena Allianz Parque;-23,527;-46,678;120;05/02/26;8
Perdizes;Arena Allianz Parque;-23,527;-46,678;120;05/02/26;8
Perdizes;Arena Allianz Parque;-23,527;-46,678;120;05/02/26;9
Perdizes;Arena Allianz Parque;-23,527;-46,678;120;05/02/26;9
Perdizes;Arena Allianz Parque;-23,527;-46,678;120;05/02/26;10
Perdizes;Arena Allianz Parque;-23,527;-46,678;120;05/02/26;10
Perdizes;Arena Allianz Parque;-23,527;-46,678;120;06/02/26;2
Perdizes;Arena Allianz Parque;-23,527;-46,678;120;06/02/26;2
Perdizes;Arena Allianz Parque;-23,527;-46,678;120;06/02/26;2
Perdizes;Arena Allianz Parque;-23,527;-46,678;120;06/02/26;5
Perdizes;Arena Allianz Parque;-23,527;-46,678;120;06/02/26;5
Perdizes;Arena Allianz Parque;-23,527;-46,678;120;06/02/26;5
Perdizes;Arena Allianz Parque;-23,527;-46,678;120;06/02/26;5
Perdizes;Arena Allianz Parque;-23,527;-46,678;120;06/02/26;5
Perdizes;Arena Allianz Parque;-23,527;-46,678;120;06/02/26;7
Perdizes;Arena Allianz Parque;-23,527;-46,678;120;06/02/26;8
Perdizes;Arena Allianz Parque;-23,527;-46,678;120;06/02/26;10
Perdizes;Arena Allianz Parque;-23,527;-46,678;120;06/02/26;10
Perdizes;Arena Allianz Parque;-23,527;-46,678;120;07/02/26;1
Perdizes;Arena Allianz Parque;-23,527;-46,678;120;07/02/26;3
Perdizes;Arena Allianz Parque;-23,527;-46,678;120;07/02/26;4
Perdizes;Arena Allianz Parque;-23,527;-46,678;120;07/02/26;4
Perdizes;Arena Allianz Parque;-23,527;-46,678;120;07/02/26;4
Perdizes;Arena Allianz Parque;-23,527;-46,678;120;07/02/26;4
Perdizes;Arena Allianz Parque;-23,527;-46,678;120;07/02/26;6
Perdizes;Arena Allianz Parque;-23,527;-46,678;120;07/02/26;6
Perdizes;Arena Allianz Parque;-23,527;-46,678;120;07/02/26;8
Perdizes;Arena Allianz Parque;-23,527;-46,678;120;07/02/26;8
Perdizes;Arena Allianz Parque;-23,527;-46,678;120;07/02/26;9
Perdizes;Arena Allianz Parque;-23,527;-46,678;120;07/02/26;9
Perdizes;Arena Allianz Parque;-23,527;-46,678;120;07/02/26;9
Perdizes;Arena Allianz Parque;-23,527;-46,678;120;08/02/26;3
Perdizes;Arena Allianz Parque;-23,527;-46,678;120;08/02/26;4
Perdizes;Arena Allianz Parque;-23,527;-46,678;120;08/02/26;5
Perdizes;Arena Allianz Parque;-23,527;-46,678;120;08/02/26;5
Perdizes;Arena Allianz Parque;-23,527;-46,678;120;08/02/26;5
Perdizes;Arena Allianz Parque;-23,527;-46,678;120;08/02/26;8
Perdizes;Arena Allianz Parque;-23,527;-46,678;120;08/02/26;8
Perdizes;Arena Allianz Parque;-23,527;-46,678;120;08/02/26;10
Perdizes;Arena Allianz Parque;-23,527;-46,678;180;01/03/26;1
Perdizes;Arena Allianz Parque;-23,527;-46,678;180;01/03/26;1
Perdizes;Arena Allianz Parque;-23,527;-46,678;180;01/03/26;2
Perdizes;Arena Allianz Parque;-23,527;-46,678;180;01/03/26;3
Perdizes;Arena Allianz Parque;-23,527;-46,678;180;01/03/26;3
Perdizes;Arena Allianz Parque;-23,527;-46,678;180;01/03/26;5
Perdizes;Arena Allianz Parque;-23,527;-46,678;180;01/03/26;6
Perdizes;Arena Allianz Parque;-23,527;-46,678;180;01/03/26;8
Perdizes;Arena Allianz Parque;-23,527;-46,678;180;01/03/26;8
Perdizes;Arena Allianz Parque;-23,527;-46,678;180;01/03/26;9
Perdizes;Arena Allianz Parque;-23,527;-46,678;180;02/03/26;1
Perdizes;Arena Allianz Parque;-23,527;-46,678;180;02/03/26;2
Perdizes;Arena Allianz Parque;-23,527;-46,678;180;02/03/26;6
Perdizes;Arena Allianz Parque;-23,527;-46,678;180;02/03/26;7
Perdizes;Arena Allianz Parque;-23,527;-46,678;180;02/03/26;8
Perdizes;Arena Allianz Parque;-23,527;-46,678;180;02/03/26;9
Perdizes;Arena Allianz Parque;-23,527;-46,678;180;02/03/26;10
Perdizes;Arena Allianz Parque;-23,527;-46,678;180;02/03/26;10
Perdizes;Arena Allianz Parque;-23,527;-46,678;180;02/03/26;10
Perdizes;Arena Allianz Parque;-23,527;-46,678;180;03/03/26;1
Perdizes;Arena Allianz Parque;-23,527;-46,678;180;03/03/26;1
Perdizes;Arena Allianz Parque;-23,527;-46,678;180;03/03/26;3
Perdizes;Arena Allianz Parque;-23,527;-46,678;180;03/03/26;10
Perdizes;Arena Allianz Parque;-23,527;-46,678;180;03/03/26;10
Perdizes;Arena Allianz Parque;-23,527;-46,678;180;04/03/26;1
Perdizes;Arena Allianz Parque;-23,527;-46,678;180;04/03/26;2
Perdizes;Arena Allianz Parque;-23,527;-46,678;180;04/03/26;3
Perdizes;Arena Allianz Parque;-23,527;-46,678;180;04/03/26;3
Perdizes;Arena Allianz Parque;-23,527;-46,678;180;04/03/26;6
Perdizes;Arena Allianz Parque;-23,527;-46,678;180;04/03/26;7
Perdizes;Arena Allianz Parque;-23,527;-46,678;180;04/03/26;8
Perdizes;Arena Allianz Parque;-23,527;-46,678;180;04/03/26;8
Perdizes;Arena Allianz Parque;-23,527;-46,678;180;04/03/26;9
Perdizes;Arena Allianz Parque;-23,527;-46,678;180;04/03/26;9
Perdizes;Arena Allianz Parque;-23,527;-46,678;180;05/03/26;1
Perdizes;Arena Allianz Parque;-23,527;-46,678;180;05/03/26;1
Perdizes;Arena Allianz Parque;-23,527;-46,678;180;05/03/26;2
Perdizes;Arena Allianz Parque;-23,527;-46,678;180;05/03/26;2
Perdizes;Arena Allianz Parque;-23,527;-46,678;180;05/03/26;3
Perdizes;Arena Allianz Parque;-23,527;-46,678;180;05/03/26;4
Perdizes;Arena Allianz Parque;-23,527;-46,678;180;05/03/26;7
Perdizes;Arena Allianz Parque;-23,527;-46,678;180;05/03/26;10
Perdizes;Arena Allianz Parque;-23,527;-46,678;180;06/03/26;1
Perdizes;Arena Allianz Parque;-23,527;-46,678;180;06/03/26;2
Perdizes;Arena Allianz Parque;-23,527;-46,678;180;06/03/26;3
Perdizes;Arena Allianz Parque;-23,527;-46,678;180;06/03/26;3
Perdizes;Arena Allianz Parque;-23,527;-46,678;180;06/03/26;4
Perdizes;Arena Allianz Parque;-23,527;-46,678;180;06/03/26;5
Perdizes;Arena Allianz Parque;-23,527;-46,678;180;06/03/26;5
Perdizes;Arena Allianz Parque;-23,527;-46,678;180;06/03/26;6
Perdizes;Arena Allianz Parque;-23,527;-46,678;180;06/03/26;7
Perdizes;Arena Allianz Parque;-23,527;-46,678;180;06/03/26;7
Perdizes;Arena Allianz Parque;-23,527;-46,678;180;06/03/26;8
Perdizes;Arena Allianz Parque;-23,527;-46,678;180;06/03/26;8
Perdizes;Arena Allianz Parque;-23,527;-46,678;180;06/03/26;9
Perdizes;Arena Allianz Parque;-23,527;-46,678;180;06/03/26;9
Perdizes;Arena Allianz Parque;-23,527;-46,678;180;06/03/26;10
Perdizes;Arena Allianz Parque;-23,527;-46,678;180;06/03/26;10
Perdizes;Arena Allianz Parque;-23,527;-46,678;180;07/03/26;1
Perdizes;Arena Allianz Parque;-23,527;-46,678;180;07/03/26;1
Perdizes;Arena Allianz Parque;-23,527;-46,678;180;07/03/26;1
Perdizes;Arena Allianz Parque;-23,527;-46,678;180;07/03/26;1
Perdizes;Arena Allianz Parque;-23,527;-46,678;180;07/03/26;1
Perdizes;Arena Allianz Parque;-23,527;-46,678;180;07/03/26;2
Perdizes;Arena Allianz Parque;-23,527;-46,678;180;07/03/26;3
Perdizes;Arena Allianz Parque;-23,527;-46,678;180;07/03/26;3
Perdizes;Arena Allianz Parque;-23,527;-46,678;180;07/03/26;4
Perdizes;Arena Allianz Parque;-23,527;-46,678;180;07/03/26;5
Perdizes;Arena Allianz Parque;-23,527;-46,678;180;07/03/26;6
Perdizes;Arena Allianz Parque;-23,527;-46,678;180;07/03/26;6
Perdizes;Arena Allianz Parque;-23,527;-46,678;180;07/03/26;6
Perdizes;Arena Allianz Parque;-23,527;-46,678;180;07/03/26;7
Perdizes;Arena Allianz Parque;-23,527;-46,678;180;07/03/26;8
Perdizes;Arena Allianz Parque;-23,527;-46,678;180;07/03/26;9
Perdizes;Arena Allianz Parque;-23,527;-46,678;180;07/03/26;9
Perdizes;Arena Allianz Parque;-23,527;-46,678;180;07/03/26;9
Perdizes;Arena Allianz Parque;-23,527;-46,678;180;07/03/26;9
Perdizes;Arena Allianz Parque;-23,527;-46,678;180;08/03/26;1
Perdizes;Arena Allianz Parque;-23,527;-46,678;180;08/03/26;1
Perdizes;Arena Allianz Parque;-23,527;-46,678;180;08/03/26;1
Perdizes;Arena Allianz Parque;-23,527;-46,678;180;08/03/26;2
Perdizes;Arena Allianz Parque;-23,527;-46,678;180;08/03/26;3
Perdizes;Arena Allianz Parque;-23,527;-46,678;180;08/03/26;3
Perdizes;Arena Allianz Parque;-23,527;-46,678;180;08/03/26;3
Perdizes;Arena Allianz Parque;-23,527;-46,678;180;08/03/26;4
Perdizes;Arena Allianz Parque;-23,527;-46,678;180;08/03/26;4
Perdizes;Arena Allianz Parque;-23,527;-46,678;180;08/03/26;6
Perdizes;Arena Allianz Parque;-23,527;-46,678;180;08/03/26;6
Perdizes;Arena Allianz Parque;-23,527;-46,678;180;08/03/26;8
Perdizes;Arena Allianz Parque;-23,527;-46,678;180;08/03/26;8
Perdizes;Arena Allianz Parque;-23,527;-46,678;180;08/03/26;9
Perdizes;Arena Allianz Parque;-23,527;-46,678;180;08/03/26;10
Perdizes;Arena Allianz Parque;-23,527;-46,678;130;01/04/26;2
Perdizes;Arena Allianz Parque;-23,527;-46,678;130;01/04/26;5
Perdizes;Arena Allianz Parque;-23,527;-46,678;130;01/04/26;5
Perdizes;Arena Allianz Parque;-23,527;-46,678;130;01/04/26;6
Perdizes;Arena Allianz Parque;-23,527;-46,678;130;01/04/26;6
Perdizes;Arena Allianz Parque;-23,527;-46,678;130;01/04/26;7
Perdizes;Arena Allianz Parque;-23,527;-46,678;130;01/04/26;8
Perdizes;Arena Allianz Parque;-23,527;-46,678;130;01/04/26;8
Perdizes;Arena Allianz Parque;-23,527;-46,678;130;01/04/26;9
Perdizes;Arena Allianz Parque;-23,527;-46,678;130;01/04/26;10
Perdizes;Arena Allianz Parque;-23,527;-46,678;130;01/04/26;10
Perdizes;Arena Allianz Parque;-23,527;-46,678;130;01/04/26;10
Perdizes;Arena Allianz Parque;-23,527;-46,678;130;02/04/26;1
Perdizes;Arena Allianz Parque;-23,527;-46,678;130;02/04/26;1
Perdizes;Arena Allianz Parque;-23,527;-46,678;130;02/04/26;3
Perdizes;Arena Allianz Parque;-23,527;-46,678;130;02/04/26;3
Perdizes;Arena Allianz Parque;-23,527;-46,678;130;02/04/26;3
Perdizes;Arena Allianz Parque;-23,527;-46,678;130;02/04/26;6
Perdizes;Arena Allianz Parque;-23,527;-46,678;130;02/04/26;7
Perdizes;Arena Allianz Parque;-23,527;-46,678;130;02/04/26;8
Perdizes;Arena Allianz Parque;-23,527;-46,678;130;02/04/26;8
Perdizes;Arena Allianz Parque;-23,527;-46,678;130;02/04/26;9
Perdizes;Arena Allianz Parque;-23,527;-46,678;130;02/04/26;10
Perdizes;Arena Allianz Parque;-23,527;-46,678;130;03/04/26;1
Perdizes;Arena Allianz Parque;-23,527;-46,678;130;03/04/26;2
Perdizes;Arena Allianz Parque;-23,527;-46,678;130;03/04/26;3
Perdizes;Arena Allianz Parque;-23,527;-46,678;130;03/04/26;3
Perdizes;Arena Allianz Parque;-23,527;-46,678;130;03/04/26;5
Perdizes;Arena Allianz Parque;-23,527;-46,678;130;03/04/26;6
Perdizes;Arena Allianz Parque;-23,527;-46,678;130;03/04/26;7
Perdizes;Arena Allianz Parque;-23,527;-46,678;130;03/04/26;8
Perdizes;Arena Allianz Parque;-23,527;-46,678;130;03/04/26;8
Perdizes;Arena Allianz Parque;-23,527;-46,678;130;04/04/26;3
Perdizes;Arena Allianz Parque;-23,527;-46,678;130;04/04/26;3
Perdizes;Arena Allianz Parque;-23,527;-46,678;130;04/04/26;4
Perdizes;Arena Allianz Parque;-23,527;-46,678;130;04/04/26;5
Perdizes;Arena Allianz Parque;-23,527;-46,678;130;04/04/26;5
Perdizes;Arena Allianz Parque;-23,527;-46,678;130;04/04/26;5
Perdizes;Arena Allianz Parque;-23,527;-46,678;130;04/04/26;6
Perdizes;Arena Allianz Parque;-23,527;-46,678;130;04/04/26;6
Perdizes;Arena Allianz Parque;-23,527;-46,678;130;04/04/26;8
Perdizes;Arena Allianz Parque;-23,527;-46,678;130;04/04/26;9
Perdizes;Arena Allianz Parque;-23,527;-46,678;130;04/04/26;9
Perdizes;Arena Allianz Parque;-23,527;-46,678;130;04/04/26;9
Perdizes;Arena Allianz Parque;-23,527;-46,678;130;05/04/26;1
Perdizes;Arena Allianz Parque;-23,527;-46,678;130;05/04/26;2
Perdizes;Arena Allianz Parque;-23,527;-46,678;130;05/04/26;3
Perdizes;Arena Allianz Parque;-23,527;-46,678;130;05/04/26;3
Perdizes;Arena Allianz Parque;-23,527;-46,678;130;05/04/26;4
Perdizes;Arena Allianz Parque;-23,527;-46,678;130;05/04/26;5
Perdizes;Arena Allianz Parque;-23,527;-46,678;130;05/04/26;6
Perdizes;Arena Allianz Parque;-23,527;-46,678;130;05/04/26;6
Perdizes;Arena Allianz Parque;-23,527;-46,678;130;05/04/26;8
Perdizes;Arena Allianz Parque;-23,527;-46,678;130;05/04/26;9
Perdizes;Arena Allianz Parque;-23,527;-46,678;130;05/04/26;10
Perdizes;Arena Allianz Parque;-23,527;-46,678;130;06/04/26;1
Perdizes;Arena Allianz Parque;-23,527;-46,678;130;06/04/26;2
Perdizes;Arena Allianz Parque;-23,527;-46,678;130;06/04/26;2
Perdizes;Arena Allianz Parque;-23,527;-46,678;130;06/04/26;3
Perdizes;Arena Allianz Parque;-23,527;-46,678;130;06/04/26;4
Perdizes;Arena Allianz Parque;-23,527;-46,678;130;06/04/26;5
Perdizes;Arena Allianz Parque;-23,527;-46,678;130;06/04/26;6
Perdizes;Arena Allianz Parque;-23,527;-46,678;130;06/04/26;6
Perdizes;Arena Allianz Parque;-23,527;-46,678;130;06/04/26;6
Perdizes;Arena Allianz Parque;-23,527;-46,678;130;06/04/26;6
Perdizes;Arena Allianz Parque;-23,527;-46,678;130;06/04/26;7
Perdizes;Arena Allianz Parque;-23,527;-46,678;130;06/04/26;7
Perdizes;Arena Allianz Parque;-23,527;-46,678;130;06/04/26;7
Perdizes;Arena Allianz Parque;-23,527;-46,678;130;07/04/26;1
Perdizes;Arena Allianz Parque;-23,527;-46,678;130;07/04/26;1
Perdizes;Arena Allianz Parque;-23,527;-46,678;130;07/04/26;2
Perdizes;Arena Allianz Parque;-23,527;-46,678;130;07/04/26;3
Perdizes;Arena Allianz Parque;-23,527;-46,678;130;07/04/26;3
Perdizes;Arena Allianz Parque;-23,527;-46,678;130;07/04/26;3
Perdizes;Arena Allianz Parque;-23,527;-46,678;130;07/04/26;4
Perdizes;Arena Allianz Parque;-23,527;-46,678;130;07/04/26;4
Perdizes;Arena Allianz Parque;-23,527;-46,678;130;07/04/26;4
Perdizes;Arena Allianz Parque;-23,527;-46,678;130;07/04/26;5
Perdizes;Arena Allianz Parque;-23,527;-46,678;130;07/04/26;5
Perdizes;Arena Allianz Parque;-23,527;-46,678;130;07/04/26;5
Perdizes;Arena Allianz Parque;-23,527;-46,678;130;07/04/26;6
Perdizes;Arena Allianz Parque;-23,527;-46,678;130;07/04/26;6
Perdizes;Arena Allianz Parque;-23,527;-46,678;130;07/04/26;7
Perdizes;Arena Allianz Parque;-23,527;-46,678;130;07/04/26;8
Perdizes;Arena Allianz Parque;-23,527;-46,678;130;07/04/26;9
Perdizes;Arena Allianz Parque;-23,527;-46,678;130;07/04/26;10
Perdizes;Arena Allianz Parque;-23,527;-46,678;130;08/04/26;2
Perdizes;Arena Allianz Parque;-23,527;-46,678;130;08/04/26;2
Perdizes;Arena Allianz Parque;-23,527;-46,678;130;08/04/26;4
Perdizes;Arena Allianz Parque;-23,527;-46,678;130;08/04/26;4
Perdizes;Arena Allianz Parque;-23,527;-46,678;130;08/04/26;4
Perdizes;Arena Allianz Parque;-23,527;-46,678;130;08/04/26;5
Perdizes;Arena Allianz Parque;-23,527;-46,678;130;08/04/26;6
Perdizes;Arena Allianz Parque;-23,527;-46,678;130;08/04/26;7
Perdizes;Arena Allianz Parque;-23,527;-46,678;130;08/04/26;7
Perdizes;Arena Allianz Parque;-23,527;-46,678;130;08/04/26;10
Perdizes;Arena Allianz Parque;-23,527;-46,678;200;01/05/26;1
Perdizes;Arena Allianz Parque;-23,527;-46,678;200;01/05/26;2
Perdizes;Arena Allianz Parque;-23,527;-46,678;200;01/05/26;2
Perdizes;Arena Allianz Parque;-23,527;-46,678;200;01/05/26;2
Perdizes;Arena Allianz Parque;-23,527;-46,678;200;01/05/26;3
Perdizes;Arena Allianz Parque;-23,527;-46,678;200;01/05/26;3
Perdizes;Arena Allianz Parque;-23,527;-46,678;200;01/05/26;4
Perdizes;Arena Allianz Parque;-23,527;-46,678;200;01/05/26;6
Perdizes;Arena Allianz Parque;-23,527;-46,678;200;01/05/26;6
Perdizes;Arena Allianz Parque;-23,527;-46,678;200;01/05/26;8
Perdizes;Arena Allianz Parque;-23,527;-46,678;200;01/05/26;10
Perdizes;Arena Allianz Parque;-23,527;-46,678;200;01/05/26;10
Perdizes;Arena Allianz Parque;-23,527;-46,678;200;02/05/26;1
Perdizes;Arena Allianz Parque;-23,527;-46,678;200;02/05/26;2
Perdizes;Arena Allianz Parque;-23,527;-46,678;200;02/05/26;3
Perdizes;Arena Allianz Parque;-23,527;-46,678;200;02/05/26;5
Perdizes;Arena Allianz Parque;-23,527;-46,678;200;02/05/26;5
Perdizes;Arena Allianz Parque;-23,527;-46,678;200;02/05/26;5
Perdizes;Arena Allianz Parque;-23,527;-46,678;200;02/05/26;5
Perdizes;Arena Allianz Parque;-23,527;-46,678;200;02/05/26;5
Perdizes;Arena Allianz Parque;-23,527;-46,678;200;02/05/26;7
Perdizes;Arena Allianz Parque;-23,527;-46,678;200;02/05/26;7
Perdizes;Arena Allianz Parque;-23,527;-46,678;200;02/05/26;7
Perdizes;Arena Allianz Parque;-23,527;-46,678;200;02/05/26;7
Perdizes;Arena Allianz Parque;-23,527;-46,678;200;02/05/26;9
Perdizes;Arena Allianz Parque;-23,527;-46,678;200;03/05/26;1
Perdizes;Arena Allianz Parque;-23,527;-46,678;200;03/05/26;1
Perdizes;Arena Allianz Parque;-23,527;-46,678;200;03/05/26;1
Perdizes;Arena Allianz Parque;-23,527;-46,678;200;03/05/26;1
Perdizes;Arena Allianz Parque;-23,527;-46,678;200;03/05/26;1
Perdizes;Arena Allianz Parque;-23,527;-46,678;200;03/05/26;2
Perdizes;Arena Allianz Parque;-23,527;-46,678;200;03/05/26;2
Perdizes;Arena Allianz Parque;-23,527;-46,678;200;03/05/26;4
Perdizes;Arena Allianz Parque;-23,527;-46,678;200;03/05/26;5
Perdizes;Arena Allianz Parque;-23,527;-46,678;200;03/05/26;5
Perdizes;Arena Allianz Parque;-23,527;-46,678;200;03/05/26;6
Perdizes;Arena Allianz Parque;-23,527;-46,678;200;03/05/26;6
Perdizes;Arena Allianz Parque;-23,527;-46,678;200;03/05/26;7
Perdizes;Arena Allianz Parque;-23,527;-46,678;200;03/05/26;7
Perdizes;Arena Allianz Parque;-23,527;-46,678;200;03/05/26;7
Perdizes;Arena Allianz Parque;-23,527;-46,678;200;03/05/26;8
Perdizes;Arena Allianz Parque;-23,527;-46,678;200;03/05/26;8
Perdizes;Arena Allianz Parque;-23,527;-46,678;200;03/05/26;8
Perdizes;Arena Allianz Parque;-23,527;-46,678;200;03/05/26;9
Perdizes;Arena Allianz Parque;-23,527;-46,678;200;03/05/26;10
Perdizes;Arena Allianz Parque;-23,527;-46,678;200;03/05/26;10
Perdizes;Arena Allianz Parque;-23,527;-46,678;200;04/05/26;1
Perdizes;Arena Allianz Parque;-23,527;-46,678;200;04/05/26;2
Perdizes;Arena Allianz Parque;-23,527;-46,678;200;04/05/26;2
Perdizes;Arena Allianz Parque;-23,527;-46,678;200;04/05/26;2
Perdizes;Arena Allianz Parque;-23,527;-46,678;200;04/05/26;3
Perdizes;Arena Allianz Parque;-23,527;-46,678;200;04/05/26;6
Perdizes;Arena Allianz Parque;-23,527;-46,678;200;04/05/26;8
Perdizes;Arena Allianz Parque;-23,527;-46,678;200;04/05/26;8
Perdizes;Arena Allianz Parque;-23,527;-46,678;200;04/05/26;8
Perdizes;Arena Allianz Parque;-23,527;-46,678;200;04/05/26;8
Perdizes;Arena Allianz Parque;-23,527;-46,678;200;05/05/26;2
Perdizes;Arena Allianz Parque;-23,527;-46,678;200;05/05/26;3
Perdizes;Arena Allianz Parque;-23,527;-46,678;200;05/05/26;3
Perdizes;Arena Allianz Parque;-23,527;-46,678;200;05/05/26;4
Perdizes;Arena Allianz Parque;-23,527;-46,678;200;05/05/26;4
Perdizes;Arena Allianz Parque;-23,527;-46,678;200;05/05/26;5
Perdizes;Arena Allianz Parque;-23,527;-46,678;200;05/05/26;5
Perdizes;Arena Allianz Parque;-23,527;-46,678;200;05/05/26;7
Perdizes;Arena Allianz Parque;-23,527;-46,678;200;05/05/26;7
Perdizes;Arena Allianz Parque;-23,527;-46,678;200;05/05/26;8
Perdizes;Arena Allianz Parque;-23,527;-46,678;200;05/05/26;9
Perdizes;Arena Allianz Parque;-23,527;-46,678;200;05/05/26;9
Perdizes;Arena Allianz Parque;-23,527;-46,678;200;05/05/26;9
Perdizes;Arena Allianz Parque;-23,527;-46,678;200;05/05/26;10
Perdizes;Arena Allianz Parque;-23,527;-46,678;200;05/05/26;10
Perdizes;Arena Allianz Parque;-23,527;-46,678;200;06/05/26;1
Perdizes;Arena Allianz Parque;-23,527;-46,678;200;06/05/26;1
Perdizes;Arena Allianz Parque;-23,527;-46,678;200;06/05/26;2
Perdizes;Arena Allianz Parque;-23,527;-46,678;200;06/05/26;3
Perdizes;Arena Allianz Parque;-23,527;-46,678;200;06/05/26;3
Perdizes;Arena Allianz Parque;-23,527;-46,678;200;06/05/26;5
Perdizes;Arena Allianz Parque;-23,527;-46,678;200;06/05/26;5
Perdizes;Arena Allianz Parque;-23,527;-46,678;200;06/05/26;5
Perdizes;Arena Allianz Parque;-23,527;-46,678;200;06/05/26;5
Perdizes;Arena Allianz Parque;-23,527;-46,678;200;06/05/26;6
Perdizes;Arena Allianz Parque;-23,527;-46,678;200;06/05/26;8
Perdizes;Arena Allianz Parque;-23,527;-46,678;200;06/05/26;8
Perdizes;Arena Allianz Parque;-23,527;-46,678;200;06/05/26;10
Perdizes;Arena Allianz Parque;-23,527;-46,678;200;06/05/26;10
Perdizes;Arena Allianz Parque;-23,527;-46,678;200;07/05/26;1
Perdizes;Arena Allianz Parque;-23,527;-46,678;200;07/05/26;2
Perdizes;Arena Allianz Parque;-23,527;-46,678;200;07/05/26;6
Perdizes;Arena Allianz Parque;-23,527;-46,678;200;07/05/26;7
Perdizes;Arena Allianz Parque;-23,527;-46,678;200;07/05/26;7
Perdizes;Arena Allianz Parque;-23,527;-46,678;200;07/05/26;9
Perdizes;Arena Allianz Parque;-23,527;-46,678;200;07/05/26;10
Perdizes;Arena Allianz Parque;-23,527;-46,678;200;08/05/26;1
Perdizes;Arena Allianz Parque;-23,527;-46,678;200;08/05/26;3
Perdizes;Arena Allianz Parque;-23,527;-46,678;200;08/05/26;4
Perdizes;Arena Allianz Parque;-23,527;-46,678;200;08/05/26;4
Perdizes;Arena Allianz Parque;-23,527;-46,678;200;08/05/26;5
Perdizes;Arena Allianz Parque;-23,527;-46,678;200;08/05/26;7
Perdizes;Arena Allianz Parque;-23,527;-46,678;200;08/05/26;7
Perdizes;Arena Allianz Parque;-23,527;-46,678;200;08/05/26;8
Perdizes;Arena Allianz Parque;-23,527;-46,678;200;08/05/26;8
Perdizes;Arena Allianz Parque;-23,527;-46,678;200;08/05/26;9
Perdizes;Arena Allianz Parque;-23,527;-46,678;200;08/05/26;10
Pinheiros;Restaurante Pinheiros;-23,567;-46,69;35;01/01/24;1
Pinheiros;Restaurante Pinheiros;-23,567;-46,69;35;01/01/24;1
Pinheiros;Restaurante Pinheiros;-23,567;-46,69;35;01/01/24;1
Pinheiros;Restaurante Pinheiros;-23,567;-46,69;35;01/01/24;2
Pinheiros;Restaurante Pinheiros;-23,567;-46,69;35;01/01/24;3
Pinheiros;Restaurante Pinheiros;-23,567;-46,69;35;01/01/24;3
Pinheiros;Restaurante Pinheiros;-23,567;-46,69;35;01/01/24;3
Pinheiros;Restaurante Pinheiros;-23,567;-46,69;35;01/01/24;3
Pinheiros;Restaurante Pinheiros;-23,567;-46,69;35;01/01/24;5
Pinheiros;Restaurante Pinheiros;-23,567;-46,69;35;01/01/24;8
Pinheiros;Restaurante Pinheiros;-23,567;-46,69;35;01/01/24;8
Pinheiros;Restaurante Pinheiros;-23,567;-46,69;35;01/01/24;8
Pinheiros;Restaurante Pinheiros;-23,567;-46,69;35;01/01/24;9
Pinheiros;Restaurante Pinheiros;-23,567;-46,69;35;01/01/24;10
Pinheiros;Restaurante Pinheiros;-23,567;-46,69;35;01/01/24;10
Pinheiros;Restaurante Pinheiros;-23,567;-46,69;35;02/01/24;1
Pinheiros;Restaurante Pinheiros;-23,567;-46,69;35;02/01/24;1
Pinheiros;Restaurante Pinheiros;-23,567;-46,69;35;02/01/24;2
Pinheiros;Restaurante Pinheiros;-23,567;-46,69;35;02/01/24;3
Pinheiros;Restaurante Pinheiros;-23,567;-46,69;35;02/01/24;3
Pinheiros;Restaurante Pinheiros;-23,567;-46,69;35;02/01/24;5
Pinheiros;Restaurante Pinheiros;-23,567;-46,69;35;02/01/24;7
Pinheiros;Restaurante Pinheiros;-23,567;-46,69;35;02/01/24;8
Pinheiros;Restaurante Pinheiros;-23,567;-46,69;35;02/01/24;10
Pinheiros;Restaurante Pinheiros;-23,567;-46,69;35;03/01/24;1
Pinheiros;Restaurante Pinheiros;-23,567;-46,69;35;03/01/24;3
Pinheiros;Restaurante Pinheiros;-23,567;-46,69;35;03/01/24;4
Pinheiros;Restaurante Pinheiros;-23,567;-46,69;35;03/01/24;4
Pinheiros;Restaurante Pinheiros;-23,567;-46,69;35;03/01/24;5
Pinheiros;Restaurante Pinheiros;-23,567;-46,69;35;03/01/24;6
Pinheiros;Restaurante Pinheiros;-23,567;-46,69;35;03/01/24;7
Pinheiros;Restaurante Pinheiros;-23,567;-46,69;35;03/01/24;9
Pinheiros;Restaurante Pinheiros;-23,567;-46,69;35;03/01/24;9
Pinheiros;Restaurante Pinheiros;-23,567;-46,69;35;03/01/24;9
Pinheiros;Restaurante Pinheiros;-23,567;-46,69;35;03/01/24;10
Pinheiros;Restaurante Pinheiros;-23,567;-46,69;35;04/01/24;2
Pinheiros;Restaurante Pinheiros;-23,567;-46,69;35;04/01/24;3
Pinheiros;Restaurante Pinheiros;-23,567;-46,69;35;04/01/24;4
Pinheiros;Restaurante Pinheiros;-23,567;-46,69;35;04/01/24;4
Pinheiros;Restaurante Pinheiros;-23,567;-46,69;35;04/01/24;4
Pinheiros;Restaurante Pinheiros;-23,567;-46,69;35;04/01/24;5
Pinheiros;Restaurante Pinheiros;-23,567;-46,69;35;04/01/24;6
Pinheiros;Restaurante Pinheiros;-23,567;-46,69;35;04/01/24;6
Pinheiros;Restaurante Pinheiros;-23,567;-46,69;35;04/01/24;9
Pinheiros;Restaurante Pinheiros;-23,567;-46,69;35;04/01/24;10
Pinheiros;Restaurante Pinheiros;-23,567;-46,69;35;05/01/24;1
Pinheiros;Restaurante Pinheiros;-23,567;-46,69;35;05/01/24;1
Pinheiros;Restaurante Pinheiros;-23,567;-46,69;35;05/01/24;1
Pinheiros;Restaurante Pinheiros;-23,567;-46,69;35;05/01/24;1
Pinheiros;Restaurante Pinheiros;-23,567;-46,69;35;05/01/24;2
Pinheiros;Restaurante Pinheiros;-23,567;-46,69;35;05/01/24;2
Pinheiros;Restaurante Pinheiros;-23,567;-46,69;35;05/01/24;3
Pinheiros;Restaurante Pinheiros;-23,567;-46,69;35;05/01/24;7
Pinheiros;Restaurante Pinheiros;-23,567;-46,69;35;05/01/24;8
Pinheiros;Restaurante Pinheiros;-23,567;-46,69;35;05/01/24;8
Pinheiros;Restaurante Pinheiros;-23,567;-46,69;35;05/01/24;8
Pinheiros;Restaurante Pinheiros;-23,567;-46,69;35;05/01/24;8
Pinheiros;Restaurante Pinheiros;-23,567;-46,69;35;05/01/24;9
Pinheiros;Restaurante Pinheiros;-23,567;-46,69;35;06/01/24;1
Pinheiros;Restaurante Pinheiros;-23,567;-46,69;35;06/01/24;1
Pinheiros;Restaurante Pinheiros;-23,567;-46,69;35;06/01/24;1
Pinheiros;Restaurante Pinheiros;-23,567;-46,69;35;06/01/24;1
Pinheiros;Restaurante Pinheiros;-23,567;-46,69;35;06/01/24;2
Pinheiros;Restaurante Pinheiros;-23,567;-46,69;35;06/01/24;3
Pinheiros;Restaurante Pinheiros;-23,567;-46,69;35;06/01/24;3
Pinheiros;Restaurante Pinheiros;-23,567;-46,69;35;06/01/24;8
Pinheiros;Restaurante Pinheiros;-23,567;-46,69;35;07/01/24;1
Pinheiros;Restaurante Pinheiros;-23,567;-46,69;35;07/01/24;2
Pinheiros;Restaurante Pinheiros;-23,567;-46,69;35;07/01/24;3
Pinheiros;Restaurante Pinheiros;-23,567;-46,69;35;07/01/24;6
Pinheiros;Restaurante Pinheiros;-23,567;-46,69;35;07/01/24;6
Pinheiros;Restaurante Pinheiros;-23,567;-46,69;35;07/01/24;7
Pinheiros;Restaurante Pinheiros;-23,567;-46,69;35;07/01/24;7
Pinheiros;Restaurante Pinheiros;-23,567;-46,69;35;07/01/24;7
Pinheiros;Restaurante Pinheiros;-23,567;-46,69;35;07/01/24;8
Pinheiros;Restaurante Pinheiros;-23,567;-46,69;35;07/01/24;9
Pinheiros;Restaurante Pinheiros;-23,567;-46,69;35;07/01/24;10
Pinheiros;Restaurante Pinheiros;-23,567;-46,69;35;08/01/24;2
Pinheiros;Restaurante Pinheiros;-23,567;-46,69;35;08/01/24;3
Pinheiros;Restaurante Pinheiros;-23,567;-46,69;35;08/01/24;4
Pinheiros;Restaurante Pinheiros;-23,567;-46,69;35;08/01/24;4
Pinheiros;Restaurante Pinheiros;-23,567;-46,69;35;08/01/24;5
Pinheiros;Restaurante Pinheiros;-23,567;-46,69;35;08/01/24;6
Pinheiros;Restaurante Pinheiros;-23,567;-46,69;35;08/01/24;6
Pinheiros;Roda Gigante Sao Paulo;-23,452;-46,722;70;01/01/24;1
Pinheiros;Roda Gigante Sao Paulo;-23,452;-46,722;70;01/01/24;2
Pinheiros;Roda Gigante Sao Paulo;-23,452;-46,722;70;01/01/24;2
Pinheiros;Roda Gigante Sao Paulo;-23,452;-46,722;70;01/01/24;2
Pinheiros;Roda Gigante Sao Paulo;-23,452;-46,722;70;01/01/24;2
Pinheiros;Roda Gigante Sao Paulo;-23,452;-46,722;70;01/01/24;3
Pinheiros;Roda Gigante Sao Paulo;-23,452;-46,722;70;01/01/24;4
Pinheiros;Roda Gigante Sao Paulo;-23,452;-46,722;70;01/01/24;4
Pinheiros;Roda Gigante Sao Paulo;-23,452;-46,722;70;01/01/24;7
Pinheiros;Roda Gigante Sao Paulo;-23,452;-46,722;70;01/01/24;7
Pinheiros;Roda Gigante Sao Paulo;-23,452;-46,722;70;01/01/24;9
Pinheiros;Roda Gigante Sao Paulo;-23,452;-46,722;70;01/01/24;10
Pinheiros;Roda Gigante Sao Paulo;-23,452;-46,722;70;02/01/24;1
Pinheiros;Roda Gigante Sao Paulo;-23,452;-46,722;70;02/01/24;2
Pinheiros;Roda Gigante Sao Paulo;-23,452;-46,722;70;02/01/24;2
Pinheiros;Roda Gigante Sao Paulo;-23,452;-46,722;70;02/01/24;3
Pinheiros;Roda Gigante Sao Paulo;-23,452;-46,722;70;02/01/24;3
Pinheiros;Roda Gigante Sao Paulo;-23,452;-46,722;70;02/01/24;4
Pinheiros;Roda Gigante Sao Paulo;-23,452;-46,722;70;02/01/24;7
Pinheiros;Roda Gigante Sao Paulo;-23,452;-46,722;70;02/01/24;7
Pinheiros;Roda Gigante Sao Paulo;-23,452;-46,722;70;02/01/24;8
Pinheiros;Roda Gigante Sao Paulo;-23,452;-46,722;70;02/01/24;9
Pinheiros;Roda Gigante Sao Paulo;-23,452;-46,722;70;02/01/24;10
Pinheiros;Roda Gigante Sao Paulo;-23,452;-46,722;70;02/01/24;10
Pinheiros;Roda Gigante Sao Paulo;-23,452;-46,722;70;03/01/24;1
Pinheiros;Roda Gigante Sao Paulo;-23,452;-46,722;70;03/01/24;2
Pinheiros;Roda Gigante Sao Paulo;-23,452;-46,722;70;03/01/24;3
Pinheiros;Roda Gigante Sao Paulo;-23,452;-46,722;70;03/01/24;4
Pinheiros;Roda Gigante Sao Paulo;-23,452;-46,722;70;03/01/24;4
Pinheiros;Roda Gigante Sao Paulo;-23,452;-46,722;70;03/01/24;7
Pinheiros;Roda Gigante Sao Paulo;-23,452;-46,722;70;03/01/24;7
Pinheiros;Roda Gigante Sao Paulo;-23,452;-46,722;70;03/01/24;8
Pinheiros;Roda Gigante Sao Paulo;-23,452;-46,722;70;03/01/24;8
Pinheiros;Roda Gigante Sao Paulo;-23,452;-46,722;70;03/01/24;9
Pinheiros;Roda Gigante Sao Paulo;-23,452;-46,722;70;03/01/24;9
Pinheiros;Roda Gigante Sao Paulo;-23,452;-46,722;70;03/01/24;9
Pinheiros;Roda Gigante Sao Paulo;-23,452;-46,722;70;03/01/24;9
Pinheiros;Roda Gigante Sao Paulo;-23,452;-46,722;70;03/01/24;9
Pinheiros;Roda Gigante Sao Paulo;-23,452;-46,722;70;04/01/24;1
Pinheiros;Roda Gigante Sao Paulo;-23,452;-46,722;70;04/01/24;1
Pinheiros;Roda Gigante Sao Paulo;-23,452;-46,722;70;04/01/24;2
Pinheiros;Roda Gigante Sao Paulo;-23,452;-46,722;70;04/01/24;3
Pinheiros;Roda Gigante Sao Paulo;-23,452;-46,722;70;04/01/24;5
Pinheiros;Roda Gigante Sao Paulo;-23,452;-46,722;70;04/01/24;5
Pinheiros;Roda Gigante Sao Paulo;-23,452;-46,722;70;04/01/24;5
Pinheiros;Roda Gigante Sao Paulo;-23,452;-46,722;70;04/01/24;6
Pinheiros;Roda Gigante Sao Paulo;-23,452;-46,722;70;04/01/24;6
Pinheiros;Roda Gigante Sao Paulo;-23,452;-46,722;70;04/01/24;6
Pinheiros;Roda Gigante Sao Paulo;-23,452;-46,722;70;04/01/24;6
Pinheiros;Roda Gigante Sao Paulo;-23,452;-46,722;70;04/01/24;9
Pinheiros;Roda Gigante Sao Paulo;-23,452;-46,722;70;04/01/24;10
Pinheiros;Roda Gigante Sao Paulo;-23,452;-46,722;70;04/01/24;10
Pinheiros;Roda Gigante Sao Paulo;-23,452;-46,722;70;05/01/24;3
Pinheiros;Roda Gigante Sao Paulo;-23,452;-46,722;70;05/01/24;5
Pinheiros;Roda Gigante Sao Paulo;-23,452;-46,722;70;05/01/24;6
Pinheiros;Roda Gigante Sao Paulo;-23,452;-46,722;70;05/01/24;6
Pinheiros;Roda Gigante Sao Paulo;-23,452;-46,722;70;05/01/24;7
Pinheiros;Roda Gigante Sao Paulo;-23,452;-46,722;70;05/01/24;8
Pinheiros;Roda Gigante Sao Paulo;-23,452;-46,722;70;05/01/24;9
Pinheiros;Roda Gigante Sao Paulo;-23,452;-46,722;70;05/01/24;9
Pinheiros;Roda Gigante Sao Paulo;-23,452;-46,722;70;06/01/24;3
Pinheiros;Roda Gigante Sao Paulo;-23,452;-46,722;70;06/01/24;4
Pinheiros;Roda Gigante Sao Paulo;-23,452;-46,722;70;06/01/24;5
Pinheiros;Roda Gigante Sao Paulo;-23,452;-46,722;70;06/01/24;5
Pinheiros;Roda Gigante Sao Paulo;-23,452;-46,722;70;06/01/24;6
Pinheiros;Roda Gigante Sao Paulo;-23,452;-46,722;70;06/01/24;8
Pinheiros;Roda Gigante Sao Paulo;-23,452;-46,722;70;06/01/24;9
Pinheiros;Roda Gigante Sao Paulo;-23,452;-46,722;70;06/01/24;10
Pinheiros;Roda Gigante Sao Paulo;-23,452;-46,722;70;07/01/24;1
Pinheiros;Roda Gigante Sao Paulo;-23,452;-46,722;70;07/01/24;1
Pinheiros;Roda Gigante Sao Paulo;-23,452;-46,722;70;07/01/24;1
Pinheiros;Roda Gigante Sao Paulo;-23,452;-46,722;70;07/01/24;4
Pinheiros;Roda Gigante Sao Paulo;-23,452;-46,722;70;07/01/24;4
Pinheiros;Roda Gigante Sao Paulo;-23,452;-46,722;70;07/01/24;5
Pinheiros;Roda Gigante Sao Paulo;-23,452;-46,722;70;07/01/24;7
Pinheiros;Roda Gigante Sao Paulo;-23,452;-46,722;70;07/01/24;9
Pinheiros;Roda Gigante Sao Paulo;-23,452;-46,722;70;08/01/24;1
Pinheiros;Roda Gigante Sao Paulo;-23,452;-46,722;70;08/01/24;1
Pinheiros;Roda Gigante Sao Paulo;-23,452;-46,722;70;08/01/24;1
Pinheiros;Roda Gigante Sao Paulo;-23,452;-46,722;70;08/01/24;2
Pinheiros;Roda Gigante Sao Paulo;-23,452;-46,722;70;08/01/24;3
Pinheiros;Roda Gigante Sao Paulo;-23,452;-46,722;70;08/01/24;3
Pinheiros;Roda Gigante Sao Paulo;-23,452;-46,722;70;08/01/24;4
Pinheiros;Roda Gigante Sao Paulo;-23,452;-46,722;70;08/01/24;6
Pinheiros;Roda Gigante Sao Paulo;-23,452;-46,722;70;08/01/24;6
Pinheiros;Roda Gigante Sao Paulo;-23,452;-46,722;70;08/01/24;8
Pinheiros;Roda Gigante Sao Paulo;-23,452;-46,722;70;08/01/24;8
Pinheiros;Roda Gigante Sao Paulo;-23,452;-46,722;70;08/01/24;9
Pinheiros;Roda Gigante Sao Paulo;-23,452;-46,722;70;08/01/24;9
Pinheiros;Roda Gigante Sao Paulo;-23,452;-46,722;70;08/01/24;9
Pinheiros;Roda Gigante Sao Paulo;-23,452;-46,722;70;08/01/24;10
Pinheiros;Roda Gigante Sao Paulo;-23,452;-46,722;70;08/01/24;10
Santana;Campo Marte;-23,507;-46,637;12;01/01/24;1
Santana;Campo Marte;-23,507;-46,637;12;01/01/24;1
Santana;Campo Marte;-23,507;-46,637;12;01/01/24;1
Santana;Campo Marte;-23,507;-46,637;12;01/01/24;2
Santana;Campo Marte;-23,507;-46,637;12;01/01/24;2
Santana;Campo Marte;-23,507;-46,637;12;01/01/24;3
Santana;Campo Marte;-23,507;-46,637;12;01/01/24;3
Santana;Campo Marte;-23,507;-46,637;12;01/01/24;4
Santana;Campo Marte;-23,507;-46,637;12;01/01/24;5
Santana;Campo Marte;-23,507;-46,637;12;01/01/24;6
Santana;Campo Marte;-23,507;-46,637;12;01/01/24;7
Santana;Campo Marte;-23,507;-46,637;12;01/01/24;8
Santana;Campo Marte;-23,507;-46,637;12;01/01/24;8
Santana;Campo Marte;-23,507;-46,637;12;01/01/24;9
Santana;Campo Marte;-23,507;-46,637;12;01/01/24;10
Santana;Campo Marte;-23,507;-46,637;12;02/01/24;1
Santana;Campo Marte;-23,507;-46,637;12;02/01/24;3
Santana;Campo Marte;-23,507;-46,637;12;02/01/24;3
Santana;Campo Marte;-23,507;-46,637;12;02/01/24;3
Santana;Campo Marte;-23,507;-46,637;12;02/01/24;4
Santana;Campo Marte;-23,507;-46,637;12;02/01/24;4
Santana;Campo Marte;-23,507;-46,637;12;02/01/24;5
Santana;Campo Marte;-23,507;-46,637;12;02/01/24;7
Santana;Campo Marte;-23,507;-46,637;12;02/01/24;9
Santana;Campo Marte;-23,507;-46,637;12;02/01/24;10
Santana;Campo Marte;-23,507;-46,637;12;03/01/24;1
Santana;Campo Marte;-23,507;-46,637;12;03/01/24;3
Santana;Campo Marte;-23,507;-46,637;12;03/01/24;4
Santana;Campo Marte;-23,507;-46,637;12;03/01/24;5
Santana;Campo Marte;-23,507;-46,637;12;03/01/24;6
Santana;Campo Marte;-23,507;-46,637;12;03/01/24;6
Santana;Campo Marte;-23,507;-46,637;12;03/01/24;7
Santana;Campo Marte;-23,507;-46,637;12;03/01/24;7
Santana;Campo Marte;-23,507;-46,637;12;03/01/24;8
Santana;Campo Marte;-23,507;-46,637;12;03/01/24;8
Santana;Campo Marte;-23,507;-46,637;12;03/01/24;9
Santana;Campo Marte;-23,507;-46,637;12;03/01/24;9
Santana;Campo Marte;-23,507;-46,637;12;03/01/24;10
Santana;Campo Marte;-23,507;-46,637;12;04/01/24;1
Santana;Campo Marte;-23,507;-46,637;12;04/01/24;2
Santana;Campo Marte;-23,507;-46,637;12;04/01/24;2
Santana;Campo Marte;-23,507;-46,637;12;04/01/24;3
Santana;Campo Marte;-23,507;-46,637;12;04/01/24;3
Santana;Campo Marte;-23,507;-46,637;12;04/01/24;3
Santana;Campo Marte;-23,507;-46,637;12;04/01/24;4
Santana;Campo Marte;-23,507;-46,637;12;04/01/24;9
Santana;Campo Marte;-23,507;-46,637;12;04/01/24;9
Santana;Campo Marte;-23,507;-46,637;12;04/01/24;9
Santana;Campo Marte;-23,507;-46,637;12;04/01/24;9
Santana;Campo Marte;-23,507;-46,637;12;05/01/24;1
Santana;Campo Marte;-23,507;-46,637;12;05/01/24;1
Santana;Campo Marte;-23,507;-46,637;12;05/01/24;2
Santana;Campo Marte;-23,507;-46,637;12;05/01/24;2
Santana;Campo Marte;-23,507;-46,637;12;05/01/24;3
Santana;Campo Marte;-23,507;-46,637;12;05/01/24;4
Santana;Campo Marte;-23,507;-46,637;12;05/01/24;4
Santana;Campo Marte;-23,507;-46,637;12;05/01/24;4
Santana;Campo Marte;-23,507;-46,637;12;05/01/24;6
Santana;Campo Marte;-23,507;-46,637;12;05/01/24;6
Santana;Campo Marte;-23,507;-46,637;12;05/01/24;7
Santana;Campo Marte;-23,507;-46,637;12;05/01/24;7
Santana;Campo Marte;-23,507;-46,637;12;05/01/24;7
Santana;Campo Marte;-23,507;-46,637;12;05/01/24;8
Santana;Campo Marte;-23,507;-46,637;12;06/01/24;1
Santana;Campo Marte;-23,507;-46,637;12;06/01/24;3
Santana;Campo Marte;-23,507;-46,637;12;06/01/24;5
Santana;Campo Marte;-23,507;-46,637;12;06/01/24;8
Santana;Campo Marte;-23,507;-46,637;12;06/01/24;9
Santana;Campo Marte;-23,507;-46,637;12;07/01/24;1
Santana;Campo Marte;-23,507;-46,637;12;07/01/24;2
Santana;Campo Marte;-23,507;-46,637;12;07/01/24;3
Santana;Campo Marte;-23,507;-46,637;12;07/01/24;4
Santana;Campo Marte;-23,507;-46,637;12;07/01/24;5
Santana;Campo Marte;-23,507;-46,637;12;07/01/24;6
Santana;Campo Marte;-23,507;-46,637;12;07/01/24;9
Santana;Campo Marte;-23,507;-46,637;12;07/01/24;9
Santana;Campo Marte;-23,507;-46,637;12;07/01/24;9
Santana;Campo Marte;-23,507;-46,637;12;08/01/24;1
Santana;Campo Marte;-23,507;-46,637;12;08/01/24;2
Santana;Campo Marte;-23,507;-46,637;12;08/01/24;3
Santana;Campo Marte;-23,507;-46,637;12;08/01/24;3
Santana;Campo Marte;-23,507;-46,637;12;08/01/24;4
Santana;Campo Marte;-23,507;-46,637;12;08/01/24;4
Santana;Campo Marte;-23,507;-46,637;12;08/01/24;5
Santana;Campo Marte;-23,507;-46,637;12;08/01/24;6
Santana;Campo Marte;-23,507;-46,637;12;08/01/24;6
Santana;Campo Marte;-23,507;-46,637;12;08/01/24;6
Santana;Campo Marte;-23,507;-46,637;12;08/01/24;8
Santana;Campo Marte;-23,507;-46,637;12;08/01/24;10
Santana;Campo Marte;-23,507;-46,637;12;08/01/24;10
Se;Catedral da Se;-23,55;-46,633;0;01/01/24;1
Se;Catedral da Se;-23,55;-46,633;0;01/01/24;2
Se;Catedral da Se;-23,55;-46,633;0;01/01/24;2
Se;Catedral da Se;-23,55;-46,633;0;01/01/24;3
Se;Catedral da Se;-23,55;-46,633;0;01/01/24;3
Se;Catedral da Se;-23,55;-46,633;0;01/01/24;5
Se;Catedral da Se;-23,55;-46,633;0;01/01/24;7
Se;Catedral da Se;-23,55;-46,633;0;01/01/24;8
Se;Catedral da Se;-23,55;-46,633;0;01/01/24;8
Se;Catedral da Se;-23,55;-46,633;0;01/01/24;10
Se;Catedral da Se;-23,55;-46,633;0;02/01/24;3
Se;Catedral da Se;-23,55;-46,633;0;02/01/24;3
Se;Catedral da Se;-23,55;-46,633;0;02/01/24;3
Se;Catedral da Se;-23,55;-46,633;0;02/01/24;3
Se;Catedral da Se;-23,55;-46,633;0;02/01/24;4
Se;Catedral da Se;-23,55;-46,633;0;02/01/24;5
Se;Catedral da Se;-23,55;-46,633;0;02/01/24;5
Se;Catedral da Se;-23,55;-46,633;0;02/01/24;6
Se;Catedral da Se;-23,55;-46,633;0;02/01/24;7
Se;Catedral da Se;-23,55;-46,633;0;02/01/24;9
Se;Catedral da Se;-23,55;-46,633;0;02/01/24;9
Se;Catedral da Se;-23,55;-46,633;0;02/01/24;9
Se;Catedral da Se;-23,55;-46,633;0;03/01/24;1
Se;Catedral da Se;-23,55;-46,633;0;03/01/24;2
Se;Catedral da Se;-23,55;-46,633;0;03/01/24;2
Se;Catedral da Se;-23,55;-46,633;0;03/01/24;3
Se;Catedral da Se;-23,55;-46,633;0;03/01/24;5
Se;Catedral da Se;-23,55;-46,633;0;03/01/24;6
Se;Catedral da Se;-23,55;-46,633;0;03/01/24;7
Se;Catedral da Se;-23,55;-46,633;0;03/01/24;8
Se;Catedral da Se;-23,55;-46,633;0;03/01/24;8
Se;Catedral da Se;-23,55;-46,633;0;03/01/24;10
Se;Catedral da Se;-23,55;-46,633;0;04/01/24;2
Se;Catedral da Se;-23,55;-46,633;0;04/01/24;5
Se;Catedral da Se;-23,55;-46,633;0;04/01/24;7
Se;Catedral da Se;-23,55;-46,633;0;04/01/24;7
Se;Catedral da Se;-23,55;-46,633;0;04/01/24;9
Se;Catedral da Se;-23,55;-46,633;0;04/01/24;9
Se;Catedral da Se;-23,55;-46,633;0;04/01/24;10
Se;Catedral da Se;-23,55;-46,633;0;04/01/24;10
Se;Catedral da Se;-23,55;-46,633;0;05/01/24;1
Se;Catedral da Se;-23,55;-46,633;0;05/01/24;1
Se;Catedral da Se;-23,55;-46,633;0;05/01/24;4
Se;Catedral da Se;-23,55;-46,633;0;05/01/24;5
Se;Catedral da Se;-23,55;-46,633;0;05/01/24;5
Se;Catedral da Se;-23,55;-46,633;0;05/01/24;5
Se;Catedral da Se;-23,55;-46,633;0;05/01/24;6
Se;Catedral da Se;-23,55;-46,633;0;05/01/24;7
Se;Catedral da Se;-23,55;-46,633;0;05/01/24;7
Se;Catedral da Se;-23,55;-46,633;0;05/01/24;7
Se;Catedral da Se;-23,55;-46,633;0;05/01/24;8
Se;Catedral da Se;-23,55;-46,633;0;05/01/24;8
Se;Catedral da Se;-23,55;-46,633;0;06/01/24;6
Se;Catedral da Se;-23,55;-46,633;0;06/01/24;6
Se;Catedral da Se;-23,55;-46,633;0;06/01/24;9
Se;Catedral da Se;-23,55;-46,633;0;07/01/24;1
Se;Catedral da Se;-23,55;-46,633;0;07/01/24;3
Se;Catedral da Se;-23,55;-46,633;0;07/01/24;3
Se;Catedral da Se;-23,55;-46,633;0;07/01/24;4
Se;Catedral da Se;-23,55;-46,633;0;07/01/24;5
Se;Catedral da Se;-23,55;-46,633;0;07/01/24;6
Se;Catedral da Se;-23,55;-46,633;0;07/01/24;8
Se;Catedral da Se;-23,55;-46,633;0;07/01/24;10
Se;Catedral da Se;-23,55;-46,633;0;07/01/24;10
Se;Catedral da Se;-23,55;-46,633;0;08/01/24;1
Se;Catedral da Se;-23,55;-46,633;0;08/01/24;2
Se;Catedral da Se;-23,55;-46,633;0;08/01/24;2
Se;Catedral da Se;-23,55;-46,633;0;08/01/24;2
Se;Catedral da Se;-23,55;-46,633;0;08/01/24;2
Se;Catedral da Se;-23,55;-46,633;0;08/01/24;4
Se;Catedral da Se;-23,55;-46,633;0;08/01/24;5
Se;Catedral da Se;-23,55;-46,633;0;08/01/24;5
Se;Catedral da Se;-23,55;-46,633;0;08/01/24;5
Se;Catedral da Se;-23,55;-46,633;0;08/01/24;5
Se;Catedral da Se;-23,55;-46,633;0;08/01/24;5
Se;Catedral da Se;-23,55;-46,633;0;08/01/24;5
Se;Catedral da Se;-23,55;-46,633;0;08/01/24;6
Se;Catedral da Se;-23,55;-46,633;0;08/01/24;8
Se;Catedral da Se;-23,55;-46,633;0;08/01/24;9
Se;Catedral da Se;-23,55;-46,633;0;08/01/24;9
Se;Catedral da Se;-23,55;-46,633;0;08/01/24;10
Tatuape;Shopping Tatuape;-23,54;-46,575;0;01/01/24;2
Tatuape;Shopping Tatuape;-23,54;-46,575;0;01/01/24;2
Tatuape;Shopping Tatuape;-23,54;-46,575;0;01/01/24;3
Tatuape;Shopping Tatuape;-23,54;-46,575;0;01/01/24;4
Tatuape;Shopping Tatuape;-23,54;-46,575;0;01/01/24;4
Tatuape;Shopping Tatuape;-23,54;-46,575;0;01/01/24;4
Tatuape;Shopping Tatuape;-23,54;-46,575;0;01/01/24;4
Tatuape;Shopping Tatuape;-23,54;-46,575;0;01/01/24;5
Tatuape;Shopping Tatuape;-23,54;-46,575;0;01/01/24;5
Tatuape;Shopping Tatuape;-23,54;-46,575;0;01/01/24;6
Tatuape;Shopping Tatuape;-23,54;-46,575;0;01/01/24;8
Tatuape;Shopping Tatuape;-23,54;-46,575;0;01/01/24;9
Tatuape;Shopping Tatuape;-23,54;-46,575;0;01/01/24;10
Tatuape;Shopping Tatuape;-23,54;-46,575;0;01/01/24;10
Tatuape;Shopping Tatuape;-23,54;-46,575;0;02/01/24;1
Tatuape;Shopping Tatuape;-23,54;-46,575;0;02/01/24;2
Tatuape;Shopping Tatuape;-23,54;-46,575;0;02/01/24;3
Tatuape;Shopping Tatuape;-23,54;-46,575;0;02/01/24;4
Tatuape;Shopping Tatuape;-23,54;-46,575;0;02/01/24;4
Tatuape;Shopping Tatuape;-23,54;-46,575;0;02/01/24;5
Tatuape;Shopping Tatuape;-23,54;-46,575;0;02/01/24;6
Tatuape;Shopping Tatuape;-23,54;-46,575;0;02/01/24;9
Tatuape;Shopping Tatuape;-23,54;-46,575;0;02/01/24;9
Tatuape;Shopping Tatuape;-23,54;-46,575;0;02/01/24;10
Tatuape;Shopping Tatuape;-23,54;-46,575;0;03/01/24;1
Tatuape;Shopping Tatuape;-23,54;-46,575;0;03/01/24;2
Tatuape;Shopping Tatuape;-23,54;-46,575;0;03/01/24;3
Tatuape;Shopping Tatuape;-23,54;-46,575;0;03/01/24;4
Tatuape;Shopping Tatuape;-23,54;-46,575;0;03/01/24;5
Tatuape;Shopping Tatuape;-23,54;-46,575;0;03/01/24;5
Tatuape;Shopping Tatuape;-23,54;-46,575;0;03/01/24;5
Tatuape;Shopping Tatuape;-23,54;-46,575;0;03/01/24;5
Tatuape;Shopping Tatuape;-23,54;-46,575;0;03/01/24;5
Tatuape;Shopping Tatuape;-23,54;-46,575;0;03/01/24;9
Tatuape;Shopping Tatuape;-23,54;-46,575;0;03/01/24;10
Tatuape;Shopping Tatuape;-23,54;-46,575;0;03/01/24;10
Tatuape;Shopping Tatuape;-23,54;-46,575;0;03/01/24;10
Tatuape;Shopping Tatuape;-23,54;-46,575;0;04/01/24;1
Tatuape;Shopping Tatuape;-23,54;-46,575;0;04/01/24;1
Tatuape;Shopping Tatuape;-23,54;-46,575;0;04/01/24;1
Tatuape;Shopping Tatuape;-23,54;-46,575;0;04/01/24;2
Tatuape;Shopping Tatuape;-23,54;-46,575;0;04/01/24;2
Tatuape;Shopping Tatuape;-23,54;-46,575;0;04/01/24;2
Tatuape;Shopping Tatuape;-23,54;-46,575;0;04/01/24;3
Tatuape;Shopping Tatuape;-23,54;-46,575;0;04/01/24;3
Tatuape;Shopping Tatuape;-23,54;-46,575;0;04/01/24;5
Tatuape;Shopping Tatuape;-23,54;-46,575;0;04/01/24;6
Tatuape;Shopping Tatuape;-23,54;-46,575;0;04/01/24;6
Tatuape;Shopping Tatuape;-23,54;-46,575;0;04/01/24;7
Tatuape;Shopping Tatuape;-23,54;-46,575;0;04/01/24;7
Tatuape;Shopping Tatuape;-23,54;-46,575;0;04/01/24;9
Tatuape;Shopping Tatuape;-23,54;-46,575;0;04/01/24;9
Tatuape;Shopping Tatuape;-23,54;-46,575;0;05/01/24;2
Tatuape;Shopping Tatuape;-23,54;-46,575;0;05/01/24;3
Tatuape;Shopping Tatuape;-23,54;-46,575;0;05/01/24;3
Tatuape;Shopping Tatuape;-23,54;-46,575;0;05/01/24;3
Tatuape;Shopping Tatuape;-23,54;-46,575;0;05/01/24;4
Tatuape;Shopping Tatuape;-23,54;-46,575;0;05/01/24;5
Tatuape;Shopping Tatuape;-23,54;-46,575;0;05/01/24;6
Tatuape;Shopping Tatuape;-23,54;-46,575;0;05/01/24;6
Tatuape;Shopping Tatuape;-23,54;-46,575;0;05/01/24;7
Tatuape;Shopping Tatuape;-23,54;-46,575;0;05/01/24;7
Tatuape;Shopping Tatuape;-23,54;-46,575;0;05/01/24;8
Tatuape;Shopping Tatuape;-23,54;-46,575;0;05/01/24;9
Tatuape;Shopping Tatuape;-23,54;-46,575;0;05/01/24;9
Tatuape;Shopping Tatuape;-23,54;-46,575;0;05/01/24;10
Tatuape;Shopping Tatuape;-23,54;-46,575;0;05/01/24;10
Tatuape;Shopping Tatuape;-23,54;-46,575;0;05/01/24;10
Tatuape;Shopping Tatuape;-23,54;-46,575;0;06/01/24;1
Tatuape;Shopping Tatuape;-23,54;-46,575;0;06/01/24;2
Tatuape;Shopping Tatuape;-23,54;-46,575;0;06/01/24;2
Tatuape;Shopping Tatuape;-23,54;-46,575;0;06/01/24;3
Tatuape;Shopping Tatuape;-23,54;-46,575;0;06/01/24;4
Tatuape;Shopping Tatuape;-23,54;-46,575;0;06/01/24;4
Tatuape;Shopping Tatuape;-23,54;-46,575;0;06/01/24;5
Tatuape;Shopping Tatuape;-23,54;-46,575;0;06/01/24;6
Tatuape;Shopping Tatuape;-23,54;-46,575;0;06/01/24;6
Tatuape;Shopping Tatuape;-23,54;-46,575;0;06/01/24;8
Tatuape;Shopping Tatuape;-23,54;-46,575;0;06/01/24;8
Tatuape;Shopping Tatuape;-23,54;-46,575;0;06/01/24;10
Tatuape;Shopping Tatuape;-23,54;-46,575;0;06/01/24;10
Tatuape;Shopping Tatuape;-23,54;-46,575;0;06/01/24;10
Tatuape;Shopping Tatuape;-23,54;-46,575;0;07/01/24;2
Tatuape;Shopping Tatuape;-23,54;-46,575;0;07/01/24;2
Tatuape;Shopping Tatuape;-23,54;-46,575;0;07/01/24;2
Tatuape;Shopping Tatuape;-23,54;-46,575;0;07/01/24;3
Tatuape;Shopping Tatuape;-23,54;-46,575;0;07/01/24;4
Tatuape;Shopping Tatuape;-23,54;-46,575;0;07/01/24;5
Tatuape;Shopping Tatuape;-23,54;-46,575;0;07/01/24;6
Tatuape;Shopping Tatuape;-23,54;-46,575;0;07/01/24;6
Tatuape;Shopping Tatuape;-23,54;-46,575;0;07/01/24;6
Tatuape;Shopping Tatuape;-23,54;-46,575;0;07/01/24;6
Tatuape;Shopping Tatuape;-23,54;-46,575;0;07/01/24;7
Tatuape;Shopping Tatuape;-23,54;-46,575;0;07/01/24;7
Tatuape;Shopping Tatuape;-23,54;-46,575;0;07/01/24;7
Tatuape;Shopping Tatuape;-23,54;-46,575;0;07/01/24;8
Tatuape;Shopping Tatuape;-23,54;-46,575;0;07/01/24;8
Tatuape;Shopping Tatuape;-23,54;-46,575;0;07/01/24;10
Tatuape;Shopping Tatuape;-23,54;-46,575;0;07/01/24;10
Tatuape;Shopping Tatuape;-23,54;-46,575;0;08/01/24;2
Tatuape;Shopping Tatuape;-23,54;-46,575;0;08/01/24;2
Tatuape;Shopping Tatuape;-23,54;-46,575;0;08/01/24;2
Tatuape;Shopping Tatuape;-23,54;-46,575;0;08/01/24;2
Tatuape;Shopping Tatuape;-23,54;-46,575;0;08/01/24;3
Tatuape;Shopping Tatuape;-23,54;-46,575;0;08/01/24;3
Tatuape;Shopping Tatuape;-23,54;-46,575;0;08/01/24;4
Tatuape;Shopping Tatuape;-23,54;-46,575;0;08/01/24;4
Tatuape;Shopping Tatuape;-23,54;-46,575;0;08/01/24;5
Tatuape;Shopping Tatuape;-23,54;-46,575;0;08/01/24;5
Tatuape;Shopping Tatuape;-23,54;-46,575;0;08/01/24;5
Tatuape;Shopping Tatuape;-23,54;-46,575;0;08/01/24;5
Tatuape;Shopping Tatuape;-23,54;-46,575;0;08/01/24;5
Tatuape;Shopping Tatuape;-23,54;-46,575;0;08/01/24;6
Tatuape;Shopping Tatuape;-23,54;-46,575;0;08/01/24;7
Tatuape;Shopping Tatuape;-23,54;-46,575;0;08/01/24;8
Tatuape;Shopping Tatuape;-23,54;-46,575;0;08/01/24;9
Tatuape;Shopping Tatuape;-23,54;-46,575;0;08/01/24;10
Tatuape;Shopping Tatuape;-23,54;-46,575;0;08/01/24;10
Tatuape;Shopping Tatuape;-23,54;-46,575;0;08/01/24;10
Vila Mariana;Parque do Ibirapuera;-23,587416;-46,657634;0;01/01/24;1
Vila Mariana;Parque do Ibirapuera;-23,587416;-46,657634;0;01/01/24;1
Vila Mariana;Parque do Ibirapuera;-23,587416;-46,657634;0;01/01/24;3
Vila Mariana;Parque do Ibirapuera;-23,587416;-46,657634;0;01/01/24;6
Vila Mariana;Parque do Ibirapuera;-23,587416;-46,657634;0;01/01/24;7
Vila Mariana;Parque do Ibirapuera;-23,587416;-46,657634;30;01/01/24;3
Vila Mariana;Parque do Ibirapuera;-23,587416;-46,657634;30;01/01/24;4
Vila Mariana;Parque do Ibirapuera;-23,587416;-46,657634;30;01/01/24;4
Vila Mariana;Parque do Ibirapuera;-23,587416;-46,657634;30;01/01/24;5
Vila Mariana;Parque do Ibirapuera;-23,587416;-46,657634;30;01/01/24;6
Vila Mariana;Parque do Ibirapuera;-23,587416;-46,657634;30;01/01/24;8
Vila Mariana;Parque do Ibirapuera;-23,587416;-46,657634;30;01/01/24;8
Vila Mariana;Parque do Ibirapuera;-23,587416;-46,657634;30;01/01/24;9
Vila Mariana;Parque do Ibirapuera;-23,587416;-46,657634;30;01/01/24;10
Vila Mariana;Parque do Ibirapuera;-23,587416;-46,657634;30;01/01/24;10
Vila Mariana;Parque do Ibirapuera;-23,587416;-46,657634;0;02/01/24;1
Vila Mariana;Parque do Ibirapuera;-23,587416;-46,657634;0;02/01/24;1
Vila Mariana;Parque do Ibirapuera;-23,587416;-46,657634;0;02/01/24;1
Vila Mariana;Parque do Ibirapuera;-23,587416;-46,657634;0;02/01/24;1
Vila Mariana;Parque do Ibirapuera;-23,587416;-46,657634;0;02/01/24;1
Vila Mariana;Parque do Ibirapuera;-23,587416;-46,657634;0;02/01/24;2
Vila Mariana;Parque do Ibirapuera;-23,587416;-46,657634;0;02/01/24;2
Vila Mariana;Parque do Ibirapuera;-23,587416;-46,657634;0;02/01/24;3
Vila Mariana;Parque do Ibirapuera;-23,587416;-46,657634;0;02/01/24;4
Vila Mariana;Parque do Ibirapuera;-23,587416;-46,657634;0;02/01/24;5
Vila Mariana;Parque do Ibirapuera;-23,587416;-46,657634;0;02/01/24;7
Vila Mariana;Parque do Ibirapuera;-23,587416;-46,657634;0;02/01/24;7
Vila Mariana;Parque do Ibirapuera;-23,587416;-46,657634;30;02/01/24;1
Vila Mariana;Parque do Ibirapuera;-23,587416;-46,657634;30;02/01/24;2
Vila Mariana;Parque do Ibirapuera;-23,587416;-46,657634;30;02/01/24;3
Vila Mariana;Parque do Ibirapuera;-23,587416;-46,657634;30;02/01/24;4
Vila Mariana;Parque do Ibirapuera;-23,587416;-46,657634;30;02/01/24;4
Vila Mariana;Parque do Ibirapuera;-23,587416;-46,657634;30;02/01/24;8
Vila Mariana;Parque do Ibirapuera;-23,587416;-46,657634;30;02/01/24;8
Vila Mariana;Parque do Ibirapuera;-23,587416;-46,657634;30;02/01/24;9
Vila Mariana;Parque do Ibirapuera;-23,587416;-46,657634;0;03/01/24;1
Vila Mariana;Parque do Ibirapuera;-23,587416;-46,657634;0;03/01/24;2
Vila Mariana;Parque do Ibirapuera;-23,587416;-46,657634;0;03/01/24;2
Vila Mariana;Parque do Ibirapuera;-23,587416;-46,657634;0;03/01/24;2
Vila Mariana;Parque do Ibirapuera;-23,587416;-46,657634;0;03/01/24;2
Vila Mariana;Parque do Ibirapuera;-23,587416;-46,657634;0;03/01/24;3
Vila Mariana;Parque do Ibirapuera;-23,587416;-46,657634;0;03/01/24;3
Vila Mariana;Parque do Ibirapuera;-23,587416;-46,657634;0;03/01/24;4
Vila Mariana;Parque do Ibirapuera;-23,587416;-46,657634;0;03/01/24;6
Vila Mariana;Parque do Ibirapuera;-23,587416;-46,657634;0;03/01/24;8
Vila Mariana;Parque do Ibirapuera;-23,587416;-46,657634;0;03/01/24;9
Vila Mariana;Parque do Ibirapuera;-23,587416;-46,657634;0;03/01/24;9
Vila Mariana;Parque do Ibirapuera;-23,587416;-46,657634;0;03/01/24;10
Vila Mariana;Parque do Ibirapuera;-23,587416;-46,657634;0;03/01/24;10
Vila Mariana;Parque do Ibirapuera;-23,587416;-46,657634;0;03/01/24;10
Vila Mariana;Parque do Ibirapuera;-23,587416;-46,657634;30;03/01/24;3
Vila Mariana;Parque do Ibirapuera;-23,587416;-46,657634;30;03/01/24;4
Vila Mariana;Parque do Ibirapuera;-23,587416;-46,657634;30;03/01/24;10
Vila Mariana;Parque do Ibirapuera;-23,587416;-46,657634;0;04/01/24;1
Vila Mariana;Parque do Ibirapuera;-23,587416;-46,657634;0;04/01/24;3
Vila Mariana;Parque do Ibirapuera;-23,587416;-46,657634;0;04/01/24;4
Vila Mariana;Parque do Ibirapuera;-23,587416;-46,657634;0;04/01/24;6
Vila Mariana;Parque do Ibirapuera;-23,587416;-46,657634;0;04/01/24;7
Vila Mariana;Parque do Ibirapuera;-23,587416;-46,657634;0;04/01/24;7
Vila Mariana;Parque do Ibirapuera;-23,587416;-46,657634;0;04/01/24;8
Vila Mariana;Parque do Ibirapuera;-23,587416;-46,657634;0;04/01/24;9
Vila Mariana;Parque do Ibirapuera;-23,587416;-46,657634;0;04/01/24;9
Vila Mariana;Parque do Ibirapuera;-23,587416;-46,657634;0;04/01/24;9
Vila Mariana;Parque do Ibirapuera;-23,587416;-46,657634;0;04/01/24;9
Vila Mariana;Parque do Ibirapuera;-23,587416;-46,657634;0;04/01/24;10
Vila Mariana;Parque do Ibirapuera;-23,587416;-46,657634;0;04/01/24;10
Vila Mariana;Parque do Ibirapuera;-23,587416;-46,657634;0;04/01/24;10
Vila Mariana;Parque do Ibirapuera;-23,587416;-46,657634;30;04/01/24;1
Vila Mariana;Parque do Ibirapuera;-23,587416;-46,657634;30;04/01/24;1
Vila Mariana;Parque do Ibirapuera;-23,587416;-46,657634;30;04/01/24;2
Vila Mariana;Parque do Ibirapuera;-23,587416;-46,657634;30;04/01/24;3
Vila Mariana;Parque do Ibirapuera;-23,587416;-46,657634;30;04/01/24;3
Vila Mariana;Parque do Ibirapuera;-23,587416;-46,657634;30;04/01/24;4
Vila Mariana;Parque do Ibirapuera;-23,587416;-46,657634;30;04/01/24;5
Vila Mariana;Parque do Ibirapuera;-23,587416;-46,657634;30;04/01/24;6
Vila Mariana;Parque do Ibirapuera;-23,587416;-46,657634;30;04/01/24;6
Vila Mariana;Parque do Ibirapuera;-23,587416;-46,657634;30;04/01/24;6
Vila Mariana;Parque do Ibirapuera;-23,587416;-46,657634;30;04/01/24;9
Vila Mariana;Parque do Ibirapuera;-23,587416;-46,657634;0;05/01/24;1
Vila Mariana;Parque do Ibirapuera;-23,587416;-46,657634;0;05/01/24;6
Vila Mariana;Parque do Ibirapuera;-23,587416;-46,657634;0;05/01/24;7
Vila Mariana;Parque do Ibirapuera;-23,587416;-46,657634;0;05/01/24;8
Vila Mariana;Parque do Ibirapuera;-23,587416;-46,657634;0;05/01/24;8
Vila Mariana;Parque do Ibirapuera;-23,587416;-46,657634;0;05/01/24;9
Vila Mariana;Parque do Ibirapuera;-23,587416;-46,657634;0;05/01/24;10
Vila Mariana;Parque do Ibirapuera;-23,587416;-46,657634;30;05/01/24;3
Vila Mariana;Parque do Ibirapuera;-23,587416;-46,657634;30;05/01/24;4
Vila Mariana;Parque do Ibirapuera;-23,587416;-46,657634;30;05/01/24;7
Vila Mariana;Parque do Ibirapuera;-23,587416;-46,657634;30;05/01/24;8
Vila Mariana;Parque do Ibirapuera;-23,587416;-46,657634;30;05/01/24;9
Vila Mariana;Parque do Ibirapuera;-23,587416;-46,657634;30;05/01/24;10
Vila Mariana;Parque do Ibirapuera;-23,587416;-46,657634;30;05/01/24;10
Vila Mariana;Parque do Ibirapuera;-23,587416;-46,657634;30;05/01/24;10
Vila Mariana;Parque do Ibirapuera;-23,587416;-46,657634;0;06/01/24;2
Vila Mariana;Parque do Ibirapuera;-23,587416;-46,657634;0;06/01/24;2
Vila Mariana;Parque do Ibirapuera;-23,587416;-46,657634;0;06/01/24;3
Vila Mariana;Parque do Ibirapuera;-23,587416;-46,657634;0;06/01/24;4
Vila Mariana;Parque do Ibirapuera;-23,587416;-46,657634;0;06/01/24;4
Vila Mariana;Parque do Ibirapuera;-23,587416;-46,657634;0;06/01/24;5
Vila Mariana;Parque do Ibirapuera;-23,587416;-46,657634;0;06/01/24;5
Vila Mariana;Parque do Ibirapuera;-23,587416;-46,657634;0;06/01/24;6
Vila Mariana;Parque do Ibirapuera;-23,587416;-46,657634;0;06/01/24;6
Vila Mariana;Parque do Ibirapuera;-23,587416;-46,657634;0;06/01/24;6
Vila Mariana;Parque do Ibirapuera;-23,587416;-46,657634;0;06/01/24;6
Vila Mariana;Parque do Ibirapuera;-23,587416;-46,657634;0;06/01/24;7
Vila Mariana;Parque do Ibirapuera;-23,587416;-46,657634;0;06/01/24;9
Vila Mariana;Parque do Ibirapuera;-23,587416;-46,657634;0;06/01/24;10
Vila Mariana;Parque do Ibirapuera;-23,587416;-46,657634;30;06/01/24;3
Vila Mariana;Parque do Ibirapuera;-23,587416;-46,657634;30;06/01/24;3
Vila Mariana;Parque do Ibirapuera;-23,587416;-46,657634;30;06/01/24;6
Vila Mariana;Parque do Ibirapuera;-23,587416;-46,657634;30;06/01/24;7
Vila Mariana;Parque do Ibirapuera;-23,587416;-46,657634;30;06/01/24;7
Vila Mariana;Parque do Ibirapuera;-23,587416;-46,657634;30;06/01/24;8
Vila Mariana;Parque do Ibirapuera;-23,587416;-46,657634;30;06/01/24;9
Vila Mariana;Parque do Ibirapuera;-23,587416;-46,657634;30;06/01/24;10
Vila Mariana;Parque do Ibirapuera;-23,587416;-46,657634;30;06/01/24;10
Vila Mariana;Parque do Ibirapuera;-23,587416;-46,657634;0;07/01/24;4
Vila Mariana;Parque do Ibirapuera;-23,587416;-46,657634;0;07/01/24;5
Vila Mariana;Parque do Ibirapuera;-23,587416;-46,657634;0;07/01/24;6
Vila Mariana;Parque do Ibirapuera;-23,587416;-46,657634;0;07/01/24;7
Vila Mariana;Parque do Ibirapuera;-23,587416;-46,657634;0;07/01/24;9
Vila Mariana;Parque do Ibirapuera;-23,587416;-46,657634;0;07/01/24;10
Vila Mariana;Parque do Ibirapuera;-23,587416;-46,657634;0;07/01/24;10
Vila Mariana;Parque do Ibirapuera;-23,587416;-46,657634;30;07/01/24;1
Vila Mariana;Parque do Ibirapuera;-23,587416;-46,657634;30;07/01/24;6
Vila Mariana;Parque do Ibirapuera;-23,587416;-46,657634;30;07/01/24;6
Vila Mariana;Parque do Ibirapuera;-23,587416;-46,657634;30;07/01/24;6
Vila Mariana;Parque do Ibirapuera;-23,587416;-46,657634;30;07/01/24;9
Vila Mariana;Parque do Ibirapuera;-23,587416;-46,657634;0;08/01/24;1
Vila Mariana;Parque do Ibirapuera;-23,587416;-46,657634;0;08/01/24;2
Vila Mariana;Parque do Ibirapuera;-23,587416;-46,657634;0;08/01/24;4
Vila Mariana;Parque do Ibirapuera;-23,587416;-46,657634;0;08/01/24;5
Vila Mariana;Parque do Ibirapuera;-23,587416;-46,657634;0;08/01/24;6
Vila Mariana;Parque do Ibirapuera;-23,587416;-46,657634;0;08/01/24;6
Vila Mariana;Parque do Ibirapuera;-23,587416;-46,657634;0;08/01/24;7
Vila Mariana;Parque do Ibirapuera;-23,587416;-46,657634;0;08/01/24;7
Vila Mariana;Parque do Ibirapuera;-23,587416;-46,657634;0;08/01/24;8
Vila Mariana;Parque do Ibirapuera;-23,587416;-46,657634;0;08/01/24;8
Vila Mariana;Parque do Ibirapuera;-23,587416;-46,657634;30;08/01/24;1
Vila Mariana;Parque do Ibirapuera;-23,587416;-46,657634;30;08/01/24;6
Vila Mariana;Parque do Ibirapuera;-23,587416;-46,657634;0;01/02/24;1
Vila Mariana;Parque do Ibirapuera;-23,587416;-46,657634;0;01/02/24;1
Vila Mariana;Parque do Ibirapuera;-23,587416;-46,657634;0;01/02/24;2
Vila Mariana;Parque do Ibirapuera;-23,587416;-46,657634;0;01/02/24;3
Vila Mariana;Parque do Ibirapuera;-23,587416;-46,657634;0;01/02/24;5
Vila Mariana;Parque do Ibirapuera;-23,587416;-46,657634;0;01/02/24;6
Vila Mariana;Parque do Ibirapuera;-23,587416;-46,657634;0;01/02/24;7
Vila Mariana;Parque do Ibirapuera;-23,587416;-46,657634;0;01/02/24;7
Vila Mariana;Parque do Ibirapuera;-23,587416;-46,657634;0;01/02/24;9
Vila Mariana;Parque do Ibirapuera;-23,587416;-46,657634;0;01/02/24;9
Vila Mariana;Parque do Ibirapuera;-23,587416;-46,657634;0;01/02/24;9
Vila Mariana;Parque do Ibirapuera;-23,587416;-46,657634;0;01/02/24;9
Vila Mariana;Parque do Ibirapuera;-23,587416;-46,657634;0;02/02/24;1
Vila Mariana;Parque do Ibirapuera;-23,587416;-46,657634;0;02/02/24;2
Vila Mariana;Parque do Ibirapuera;-23,587416;-46,657634;0;02/02/24;3
Vila Mariana;Parque do Ibirapuera;-23,587416;-46,657634;0;02/02/24;4
Vila Mariana;Parque do Ibirapuera;-23,587416;-46,657634;0;02/02/24;4
Vila Mariana;Parque do Ibirapuera;-23,587416;-46,657634;0;02/02/24;6
Vila Mariana;Parque do Ibirapuera;-23,587416;-46,657634;0;02/02/24;7
Vila Mariana;Parque do Ibirapuera;-23,587416;-46,657634;0;02/02/24;9
Vila Mariana;Parque do Ibirapuera;-23,587416;-46,657634;0;02/02/24;10
Vila Mariana;Parque do Ibirapuera;-23,587416;-46,657634;0;03/02/24;1
Vila Mariana;Parque do Ibirapuera;-23,587416;-46,657634;0;03/02/24;1
Vila Mariana;Parque do Ibirapuera;-23,587416;-46,657634;0;03/02/24;5
Vila Mariana;Parque do Ibirapuera;-23,587416;-46,657634;0;03/02/24;5
Vila Mariana;Parque do Ibirapuera;-23,587416;-46,657634;0;03/02/24;6
Vila Mariana;Parque do Ibirapuera;-23,587416;-46,657634;0;03/02/24;7
Vila Mariana;Parque do Ibirapuera;-23,587416;-46,657634;0;03/02/24;9
Vila Mariana;Parque do Ibirapuera;-23,587416;-46,657634;0;04/02/24;2
Vila Mariana;Parque do Ibirapuera;-23,587416;-46,657634;0;04/02/24;2
Vila Mariana;Parque do Ibirapuera;-23,587416;-46,657634;0;04/02/24;3
Vila Mariana;Parque do Ibirapuera;-23,587416;-46,657634;0;04/02/24;4
Vila Mariana;Parque do Ibirapuera;-23,587416;-46,657634;0;04/02/24;6
Vila Mariana;Parque do Ibirapuera;-23,587416;-46,657634;0;04/02/24;6
Vila Mariana;Parque do Ibirapuera;-23,587416;-46,657634;0;04/02/24;7
Vila Mariana;Parque do Ibirapuera;-23,587416;-46,657634;0;04/02/24;9
Vila Mariana;Parque do Ibirapuera;-23,587416;-46,657634;0;04/02/24;9
Vila Mariana;Parque do Ibirapuera;-23,587416;-46,657634;0;05/02/24;1
Vila Mariana;Parque do Ibirapuera;-23,587416;-46,657634;0;05/02/24;4
Vila Mariana;Parque do Ibirapuera;-23,587416;-46,657634;0;05/02/24;5
Vila Mariana;Parque do Ibirapuera;-23,587416;-46,657634;0;05/02/24;5
Vila Mariana;Parque do Ibirapuera;-23,587416;-46,657634;0;05/02/24;5
Vila Mariana;Parque do Ibirapuera;-23,587416;-46,657634;0;05/02/24;6
Vila Mariana;Parque do Ibirapuera;-23,587416;-46,657634;0;05/02/24;6
Vila Mariana;Parque do Ibirapuera;-23,587416;-46,657634;0;05/02/24;6
Vila Mariana;Parque do Ibirapuera;-23,587416;-46,657634;0;05/02/24;10
Vila Mariana;Parque do Ibirapuera;-23,587416;-46,657634;0;05/02/24;10
Vila Mariana;Parque do Ibirapuera;-23,587416;-46,657634;0;06/02/24;1
Vila Mariana;Parque do Ibirapuera;-23,587416;-46,657634;0;06/02/24;2
Vila Mariana;Parque do Ibirapuera;-23,587416;-46,657634;0;06/02/24;4
Vila Mariana;Parque do Ibirapuera;-23,587416;-46,657634;0;06/02/24;5
Vila Mariana;Parque do Ibirapuera;-23,587416;-46,657634;0;06/02/24;6
Vila Mariana;Parque do Ibirapuera;-23,587416;-46,657634;0;06/02/24;7
Vila Mariana;Parque do Ibirapuera;-23,587416;-46,657634;0;06/02/24;7
Vila Mariana;Parque do Ibirapuera;-23,587416;-46,657634;0;06/02/24;7
Vila Mariana;Parque do Ibirapuera;-23,587416;-46,657634;0;06/02/24;9
Vila Mariana;Parque do Ibirapuera;-23,587416;-46,657634;0;06/02/24;10
Vila Mariana;Parque do Ibirapuera;-23,587416;-46,657634;0;07/02/24;2
Vila Mariana;Parque do Ibirapuera;-23,587416;-46,657634;0;07/02/24;2
Vila Mariana;Parque do Ibirapuera;-23,587416;-46,657634;0;07/02/24;3
Vila Mariana;Parque do Ibirapuera;-23,587416;-46,657634;0;07/02/24;3
Vila Mariana;Parque do Ibirapuera;-23,587416;-46,657634;0;07/02/24;4
Vila Mariana;Parque do Ibirapuera;-23,587416;-46,657634;0;07/02/24;5
Vila Mariana;Parque do Ibirapuera;-23,587416;-46,657634;0;07/02/24;7
Vila Mariana;Parque do Ibirapuera;-23,587416;-46,657634;0;07/02/24;9
Vila Mariana;Parque do Ibirapuera;-23,587416;-46,657634;0;07/02/24;9
Vila Mariana;Parque do Ibirapuera;-23,587416;-46,657634;0;08/02/24;3
Vila Mariana;Parque do Ibirapuera;-23,587416;-46,657634;0;08/02/24;5
Vila Mariana;Parque do Ibirapuera;-23,587416;-46,657634;0;08/02/24;5
Vila Mariana;Parque do Ibirapuera;-23,587416;-46,657634;0;08/02/24;7
Vila Mariana;Parque do Ibirapuera;-23,587416;-46,657634;0;08/02/24;7
Vila Mariana;Parque do Ibirapuera;-23,587416;-46,657634;0;08/02/24;8
Vila Mariana;Parque do Ibirapuera;-23,587416;-46,657634;0;08/02/24;9
Vila Mariana;Parque do Ibirapuera;-23,587416;-46,657634;0;08/02/24;9
Vila Mariana;Parque do Ibirapuera;-23,587416;-46,657634;0;08/02/24;10
Vila Mariana;Parque do Ibirapuera;-23,587416;-46,657634;20;01/03/24;1
Vila Mariana;Parque do Ibirapuera;-23,587416;-46,657634;20;01/03/24;1
Vila Mariana;Parque do Ibirapuera;-23,587416;-46,657634;20;01/03/24;3
Vila Mariana;Parque do Ibirapuera;-23,587416;-46,657634;20;01/03/24;3
Vila Mariana;Parque do Ibirapuera;-23,587416;-46,657634;20;01/03/24;4
Vila Mariana;Parque do Ibirapuera;-23,587416;-46,657634;20;01/03/24;4
Vila Mariana;Parque do Ibirapuera;-23,587416;-46,657634;20;01/03/24;5
Vila Mariana;Parque do Ibirapuera;-23,587416;-46,657634;20;01/03/24;5
Vila Mariana;Parque do Ibirapuera;-23,587416;-46,657634;20;01/03/24;7
Vila Mariana;Parque do Ibirapuera;-23,587416;-46,657634;20;01/03/24;7
Vila Mariana;Parque do Ibirapuera;-23,587416;-46,657634;20;01/03/24;7
Vila Mariana;Parque do Ibirapuera;-23,587416;-46,657634;20;01/03/24;7
Vila Mariana;Parque do Ibirapuera;-23,587416;-46,657634;20;01/03/24;7
Vila Mariana;Parque do Ibirapuera;-23,587416;-46,657634;20;01/03/24;9
Vila Mariana;Parque do Ibirapuera;-23,587416;-46,657634;20;01/03/24;10
Vila Mariana;Parque do Ibirapuera;-23,587416;-46,657634;20;01/03/24;10
Vila Mariana;Parque do Ibirapuera;-23,587416;-46,657634;20;01/03/24;10
Vila Mariana;Parque do Ibirapuera;-23,587416;-46,657634;20;02/03/24;2
Vila Mariana;Parque do Ibirapuera;-23,587416;-46,657634;20;02/03/24;2
Vila Mariana;Parque do Ibirapuera;-23,587416;-46,657634;20;02/03/24;4
Vila Mariana;Parque do Ibirapuera;-23,587416;-46,657634;20;02/03/24;6
Vila Mariana;Parque do Ibirapuera;-23,587416;-46,657634;20;02/03/24;6
Vila Mariana;Parque do Ibirapuera;-23,587416;-46,657634;20;02/03/24;7
Vila Mariana;Parque do Ibirapuera;-23,587416;-46,657634;20;02/03/24;7
Vila Mariana;Parque do Ibirapuera;-23,587416;-46,657634;20;02/03/24;8
Vila Mariana;Parque do Ibirapuera;-23,587416;-46,657634;20;02/03/24;9
Vila Mariana;Parque do Ibirapuera;-23,587416;-46,657634;20;02/03/24;10
Vila Mariana;Parque do Ibirapuera;-23,587416;-46,657634;20;02/03/24;10
Vila Mariana;Parque do Ibirapuera;-23,587416;-46,657634;20;02/03/24;10
Vila Mariana;Parque do Ibirapuera;-23,587416;-46,657634;20;03/03/24;2
Vila Mariana;Parque do Ibirapuera;-23,587416;-46,657634;20;03/03/24;2
Vila Mariana;Parque do Ibirapuera;-23,587416;-46,657634;20;03/03/24;2
Vila Mariana;Parque do Ibirapuera;-23,587416;-46,657634;20;03/03/24;2
Vila Mariana;Parque do Ibirapuera;-23,587416;-46,657634;20;03/03/24;2
Vila Mariana;Parque do Ibirapuera;-23,587416;-46,657634;20;03/03/24;3
Vila Mariana;Parque do Ibirapuera;-23,587416;-46,657634;20;03/03/24;4
Vila Mariana;Parque do Ibirapuera;-23,587416;-46,657634;20;03/03/24;6
Vila Mariana;Parque do Ibirapuera;-23,587416;-46,657634;20;03/03/24;8
Vila Mariana;Parque do Ibirapuera;-23,587416;-46,657634;20;03/03/24;8
Vila Mariana;Parque do Ibirapuera;-23,587416;-46,657634;20;03/03/24;10
Vila Mariana;Parque do Ibirapuera;-23,587416;-46,657634;20;03/03/24;10
Vila Mariana;Parque do Ibirapuera;-23,587416;-46,657634;20;03/03/24;10
Vila Mariana;Parque do Ibirapuera;-23,587416;-46,657634;20;04/03/24;1
Vila Mariana;Parque do Ibirapuera;-23,587416;-46,657634;20;04/03/24;4
Vila Mariana;Parque do Ibirapuera;-23,587416;-46,657634;20;04/03/24;5
Vila Mariana;Parque do Ibirapuera;-23,587416;-46,657634;20;04/03/24;5
Vila Mariana;Parque do Ibirapuera;-23,587416;-46,657634;20;04/03/24;7
Vila Mariana;Parque do Ibirapuera;-23,587416;-46,657634;20;04/03/24;8
Vila Mariana;Parque do Ibirapuera;-23,587416;-46,657634;20;04/03/24;8
Vila Mariana;Parque do Ibirapuera;-23,587416;-46,657634;20;04/03/24;9
Vila Mariana;Parque do Ibirapuera;-23,587416;-46,657634;20;04/03/24;9
Vila Mariana;Parque do Ibirapuera;-23,587416;-46,657634;20;04/03/24;9
Vila Mariana;Parque do Ibirapuera;-23,587416;-46,657634;20;04/03/24;10
Vila Mariana;Parque do Ibirapuera;-23,587416;-46,657634;20;04/03/24;10
Vila Mariana;Parque do Ibirapuera;-23,587416;-46,657634;20;05/03/24;1
Vila Mariana;Parque do Ibirapuera;-23,587416;-46,657634;20;05/03/24;1
Vila Mariana;Parque do Ibirapuera;-23,587416;-46,657634;20;05/03/24;2
Vila Mariana;Parque do Ibirapuera;-23,587416;-46,657634;20;05/03/24;2
Vila Mariana;Parque do Ibirapuera;-23,587416;-46,657634;20;05/03/24;3
Vila Mariana;Parque do Ibirapuera;-23,587416;-46,657634;20;05/03/24;4
Vila Mariana;Parque do Ibirapuera;-23,587416;-46,657634;20;05/03/24;4
Vila Mariana;Parque do Ibirapuera;-23,587416;-46,657634;20;05/03/24;5
Vila Mariana;Parque do Ibirapuera;-23,587416;-46,657634;20;05/03/24;5
Vila Mariana;Parque do Ibirapuera;-23,587416;-46,657634;20;05/03/24;7
Vila Mariana;Parque do Ibirapuera;-23,587416;-46,657634;20;05/03/24;8
Vila Mariana;Parque do Ibirapuera;-23,587416;-46,657634;20;05/03/24;8
Vila Mariana;Parque do Ibirapuera;-23,587416;-46,657634;20;05/03/24;9
Vila Mariana;Parque do Ibirapuera;-23,587416;-46,657634;20;05/03/24;9
Vila Mariana;Parque do Ibirapuera;-23,587416;-46,657634;20;05/03/24;10
Vila Mariana;Parque do Ibirapuera;-23,587416;-46,657634;20;06/03/24;1
Vila Mariana;Parque do Ibirapuera;-23,587416;-46,657634;20;06/03/24;4
Vila Mariana;Parque do Ibirapuera;-23,587416;-46,657634;20;06/03/24;5
Vila Mariana;Parque do Ibirapuera;-23,587416;-46,657634;20;06/03/24;5
Vila Mariana;Parque do Ibirapuera;-23,587416;-46,657634;20;06/03/24;9
Vila Mariana;Parque do Ibirapuera;-23,587416;-46,657634;20;07/03/24;1
Vila Mariana;Parque do Ibirapuera;-23,587416;-46,657634;20;07/03/24;1
Vila Mariana;Parque do Ibirapuera;-23,587416;-46,657634;20;07/03/24;2
Vila Mariana;Parque do Ibirapuera;-23,587416;-46,657634;20;07/03/24;2
Vila Mariana;Parque do Ibirapuera;-23,587416;-46,657634;20;07/03/24;2
Vila Mariana;Parque do Ibirapuera;-23,587416;-46,657634;20;07/03/24;3
Vila Mariana;Parque do Ibirapuera;-23,587416;-46,657634;20;07/03/24;3
Vila Mariana;Parque do Ibirapuera;-23,587416;-46,657634;20;07/03/24;4
Vila Mariana;Parque do Ibirapuera;-23,587416;-46,657634;20;07/03/24;5
Vila Mariana;Parque do Ibirapuera;-23,587416;-46,657634;20;07/03/24;5
Vila Mariana;Parque do Ibirapuera;-23,587416;-46,657634;20;07/03/24;10
Vila Mariana;Parque do Ibirapuera;-23,587416;-46,657634;20;08/03/24;1
Vila Mariana;Parque do Ibirapuera;-23,587416;-46,657634;20;08/03/24;6
Vila Mariana;Parque do Ibirapuera;-23,587416;-46,657634;20;08/03/24;6
Vila Mariana;Parque do Ibirapuera;-23,587416;-46,657634;20;08/03/24;6
Vila Mariana;Parque do Ibirapuera;-23,587416;-46,657634;20;08/03/24;7
Vila Mariana;Parque do Ibirapuera;-23,587416;-46,657634;20;08/03/24;8
Vila Mariana;Parque do Ibirapuera;-23,587416;-46,657634;20;08/03/24;9
Vila Mariana;Parque do Ibirapuera;-23,587416;-46,657634;20;08/03/24;9
Vila Mariana;Parque do Ibirapuera;-23,587416;-46,657634;20;08/03/24;9
Vila Mariana;Parque do Ibirapuera;-23,587416;-46,657634;20;08/03/24;10
Vila Mariana;Parque do Ibirapuera;-23,587416;-46,657634;20;08/03/24;10
Vila Mariana;Parque do Ibirapuera;-23,587416;-46,657634;15;01/04/24;1
Vila Mariana;Parque do Ibirapuera;-23,587416;-46,657634;15;01/04/24;2
Vila Mariana;Parque do Ibirapuera;-23,587416;-46,657634;15;01/04/24;4
Vila Mariana;Parque do Ibirapuera;-23,587416;-46,657634;15;01/04/24;5
Vila Mariana;Parque do Ibirapuera;-23,587416;-46,657634;15;01/04/24;5
Vila Mariana;Parque do Ibirapuera;-23,587416;-46,657634;15;01/04/24;6
Vila Mariana;Parque do Ibirapuera;-23,587416;-46,657634;15;01/04/24;8
Vila Mariana;Parque do Ibirapuera;-23,587416;-46,657634;15;01/04/24;8
Vila Mariana;Parque do Ibirapuera;-23,587416;-46,657634;15;01/04/24;8
Vila Mariana;Parque do Ibirapuera;-23,587416;-46,657634;15;02/04/24;1
Vila Mariana;Parque do Ibirapuera;-23,587416;-46,657634;15;02/04/24;1
Vila Mariana;Parque do Ibirapuera;-23,587416;-46,657634;15;02/04/24;2
Vila Mariana;Parque do Ibirapuera;-23,587416;-46,657634;15;02/04/24;5
Vila Mariana;Parque do Ibirapuera;-23,587416;-46,657634;15;02/04/24;7
Vila Mariana;Parque do Ibirapuera;-23,587416;-46,657634;15;02/04/24;9
Vila Mariana;Parque do Ibirapuera;-23,587416;-46,657634;15;02/04/24;9
Vila Mariana;Parque do Ibirapuera;-23,587416;-46,657634;15;02/04/24;10
Vila Mariana;Parque do Ibirapuera;-23,587416;-46,657634;15;03/04/24;2
Vila Mariana;Parque do Ibirapuera;-23,587416;-46,657634;15;03/04/24;3
Vila Mariana;Parque do Ibirapuera;-23,587416;-46,657634;15;03/04/24;5
Vila Mariana;Parque do Ibirapuera;-23,587416;-46,657634;15;03/04/24;5
Vila Mariana;Parque do Ibirapuera;-23,587416;-46,657634;15;03/04/24;5
Vila Mariana;Parque do Ibirapuera;-23,587416;-46,657634;15;03/04/24;6
Vila Mariana;Parque do Ibirapuera;-23,587416;-46,657634;15;03/04/24;6
Vila Mariana;Parque do Ibirapuera;-23,587416;-46,657634;15;03/04/24;7
Vila Mariana;Parque do Ibirapuera;-23,587416;-46,657634;15;03/04/24;7
Vila Mariana;Parque do Ibirapuera;-23,587416;-46,657634;15;03/04/24;8
Vila Mariana;Parque do Ibirapuera;-23,587416;-46,657634;15;03/04/24;8
Vila Mariana;Parque do Ibirapuera;-23,587416;-46,657634;15;03/04/24;10
Vila Mariana;Parque do Ibirapuera;-23,587416;-46,657634;15;03/04/24;10
Vila Mariana;Parque do Ibirapuera;-23,587416;-46,657634;15;04/04/24;1
Vila Mariana;Parque do Ibirapuera;-23,587416;-46,657634;15;04/04/24;2
Vila Mariana;Parque do Ibirapuera;-23,587416;-46,657634;15;04/04/24;3
Vila Mariana;Parque do Ibirapuera;-23,587416;-46,657634;15;04/04/24;5
Vila Mariana;Parque do Ibirapuera;-23,587416;-46,657634;15;04/04/24;5
Vila Mariana;Parque do Ibirapuera;-23,587416;-46,657634;15;04/04/24;5
Vila Mariana;Parque do Ibirapuera;-23,587416;-46,657634;15;04/04/24;6
Vila Mariana;Parque do Ibirapuera;-23,587416;-46,657634;15;04/04/24;7
Vila Mariana;Parque do Ibirapuera;-23,587416;-46,657634;15;04/04/24;8
Vila Mariana;Parque do Ibirapuera;-23,587416;-46,657634;15;04/04/24;8
Vila Mariana;Parque do Ibirapuera;-23,587416;-46,657634;15;04/04/24;9
Vila Mariana;Parque do Ibirapuera;-23,587416;-46,657634;15;04/04/24;9
Vila Mariana;Parque do Ibirapuera;-23,587416;-46,657634;15;05/04/24;1
Vila Mariana;Parque do Ibirapuera;-23,587416;-46,657634;15;05/04/24;3
Vila Mariana;Parque do Ibirapuera;-23,587416;-46,657634;15;05/04/24;3
Vila Mariana;Parque do Ibirapuera;-23,587416;-46,657634;15;05/04/24;3
Vila Mariana;Parque do Ibirapuera;-23,587416;-46,657634;15;05/04/24;3
Vila Mariana;Parque do Ibirapuera;-23,587416;-46,657634;15;05/04/24;3
Vila Mariana;Parque do Ibirapuera;-23,587416;-46,657634;15;05/04/24;6
Vila Mariana;Parque do Ibirapuera;-23,587416;-46,657634;15;05/04/24;6
Vila Mariana;Parque do Ibirapuera;-23,587416;-46,657634;15;05/04/24;6
Vila Mariana;Parque do Ibirapuera;-23,587416;-46,657634;15;05/04/24;7
Vila Mariana;Parque do Ibirapuera;-23,587416;-46,657634;15;05/04/24;8
Vila Mariana;Parque do Ibirapuera;-23,587416;-46,657634;15;05/04/24;9
Vila Mariana;Parque do Ibirapuera;-23,587416;-46,657634;15;05/04/24;9
Vila Mariana;Parque do Ibirapuera;-23,587416;-46,657634;15;05/04/24;9
Vila Mariana;Parque do Ibirapuera;-23,587416;-46,657634;15;05/04/24;9
Vila Mariana;Parque do Ibirapuera;-23,587416;-46,657634;15;05/04/24;9
Vila Mariana;Parque do Ibirapuera;-23,587416;-46,657634;15;05/04/24;10
Vila Mariana;Parque do Ibirapuera;-23,587416;-46,657634;15;05/04/24;10
Vila Mariana;Parque do Ibirapuera;-23,587416;-46,657634;15;05/04/24;10
Vila Mariana;Parque do Ibirapuera;-23,587416;-46,657634;15;06/04/24;1
Vila Mariana;Parque do Ibirapuera;-23,587416;-46,657634;15;06/04/24;2
Vila Mariana;Parque do Ibirapuera;-23,587416;-46,657634;15;06/04/24;2
Vila Mariana;Parque do Ibirapuera;-23,587416;-46,657634;15;06/04/24;2
Vila Mariana;Parque do Ibirapuera;-23,587416;-46,657634;15;06/04/24;2
Vila Mariana;Parque do Ibirapuera;-23,587416;-46,657634;15;06/04/24;3
Vila Mariana;Parque do Ibirapuera;-23,587416;-46,657634;15;06/04/24;6
Vila Mariana;Parque do Ibirapuera;-23,587416;-46,657634;15;06/04/24;10
Vila Mariana;Parque do Ibirapuera;-23,587416;-46,657634;15;07/04/24;1
Vila Mariana;Parque do Ibirapuera;-23,587416;-46,657634;15;07/04/24;1
Vila Mariana;Parque do Ibirapuera;-23,587416;-46,657634;15;07/04/24;1
Vila Mariana;Parque do Ibirapuera;-23,587416;-46,657634;15;07/04/24;5
Vila Mariana;Parque do Ibirapuera;-23,587416;-46,657634;15;07/04/24;6
Vila Mariana;Parque do Ibirapuera;-23,587416;-46,657634;15;07/04/24;6
Vila Mariana;Parque do Ibirapuera;-23,587416;-46,657634;15;07/04/24;6
Vila Mariana;Parque do Ibirapuera;-23,587416;-46,657634;15;07/04/24;6
Vila Mariana;Parque do Ibirapuera;-23,587416;-46,657634;15;07/04/24;7
Vila Mariana;Parque do Ibirapuera;-23,587416;-46,657634;15;07/04/24;7
Vila Mariana;Parque do Ibirapuera;-23,587416;-46,657634;15;07/04/24;8
Vila Mariana;Parque do Ibirapuera;-23,587416;-46,657634;15;07/04/24;8
Vila Mariana;Parque do Ibirapuera;-23,587416;-46,657634;15;07/04/24;9
Vila Mariana;Parque do Ibirapuera;-23,587416;-46,657634;15;07/04/24;9
Vila Mariana;Parque do Ibirapuera;-23,587416;-46,657634;15;07/04/24;10
Vila Mariana;Parque do Ibirapuera;-23,587416;-46,657634;15;08/04/24;1
Vila Mariana;Parque do Ibirapuera;-23,587416;-46,657634;15;08/04/24;2
Vila Mariana;Parque do Ibirapuera;-23,587416;-46,657634;15;08/04/24;4
Vila Mariana;Parque do Ibirapuera;-23,587416;-46,657634;15;08/04/24;4
Vila Mariana;Parque do Ibirapuera;-23,587416;-46,657634;15;08/04/24;6
Vila Mariana;Parque do Ibirapuera;-23,587416;-46,657634;15;08/04/24;7
Vila Mariana;Parque do Ibirapuera;-23,587416;-46,657634;15;08/04/24;8
Vila Mariana;Parque do Ibirapuera;-23,587416;-46,657634;15;08/04/24;8
Vila Mariana;Parque do Ibirapuera;-23,587416;-46,657634;15;08/04/24;8
Vila Mariana;Parque do Ibirapuera;-23,587416;-46,657634;15;08/04/24;10
Vila Mariana;Parque do Ibirapuera;-23,587416;-46,657634;15;08/04/24;10
Vila Mariana;Parque do Ibirapuera;-23,587416;-46,657634;25;01/05/24;1
Vila Mariana;Parque do Ibirapuera;-23,587416;-46,657634;25;01/05/24;2
Vila Mariana;Parque do Ibirapuera;-23,587416;-46,657634;25;01/05/24;2
Vila Mariana;Parque do Ibirapuera;-23,587416;-46,657634;25;01/05/24;3
Vila Mariana;Parque do Ibirapuera;-23,587416;-46,657634;25;01/05/24;4
Vila Mariana;Parque do Ibirapuera;-23,587416;-46,657634;25;01/05/24;5
Vila Mariana;Parque do Ibirapuera;-23,587416;-46,657634;25;01/05/24;5
Vila Mariana;Parque do Ibirapuera;-23,587416;-46,657634;25;01/05/24;5
Vila Mariana;Parque do Ibirapuera;-23,587416;-46,657634;25;01/05/24;5
Vila Mariana;Parque do Ibirapuera;-23,587416;-46,657634;25;01/05/24;5
Vila Mariana;Parque do Ibirapuera;-23,587416;-46,657634;25;01/05/24;5
Vila Mariana;Parque do Ibirapuera;-23,587416;-46,657634;25;01/05/24;5
Vila Mariana;Parque do Ibirapuera;-23,587416;-46,657634;25;01/05/24;6
Vila Mariana;Parque do Ibirapuera;-23,587416;-46,657634;25;01/05/24;7
Vila Mariana;Parque do Ibirapuera;-23,587416;-46,657634;25;01/05/24;7
Vila Mariana;Parque do Ibirapuera;-23,587416;-46,657634;25;01/05/24;7
Vila Mariana;Parque do Ibirapuera;-23,587416;-46,657634;25;01/05/24;8
Vila Mariana;Parque do Ibirapuera;-23,587416;-46,657634;25;01/05/24;8
Vila Mariana;Parque do Ibirapuera;-23,587416;-46,657634;25;01/05/24;9
Vila Mariana;Parque do Ibirapuera;-23,587416;-46,657634;25;01/05/24;9
Vila Mariana;Parque do Ibirapuera;-23,587416;-46,657634;25;01/05/24;9
Vila Mariana;Parque do Ibirapuera;-23,587416;-46,657634;25;01/05/24;10
Vila Mariana;Parque do Ibirapuera;-23,587416;-46,657634;25;01/05/24;10
Vila Mariana;Parque do Ibirapuera;-23,587416;-46,657634;25;01/05/24;10
Vila Mariana;Parque do Ibirapuera;-23,587416;-46,657634;25;01/05/24;10
Vila Mariana;Parque do Ibirapuera;-23,587416;-46,657634;25;01/05/24;10
Vila Mariana;Parque do Ibirapuera;-23,587416;-46,657634;25;01/05/24;10
Vila Mariana;Parque do Ibirapuera;-23,587416;-46,657634;25;02/05/24;2
Vila Mariana;Parque do Ibirapuera;-23,587416;-46,657634;25;02/05/24;2
Vila Mariana;Parque do Ibirapuera;-23,587416;-46,657634;25;02/05/24;2
Vila Mariana;Parque do Ibirapuera;-23,587416;-46,657634;25;02/05/24;3
Vila Mariana;Parque do Ibirapuera;-23,587416;-46,657634;25;02/05/24;4
Vila Mariana;Parque do Ibirapuera;-23,587416;-46,657634;25;02/05/24;4
Vila Mariana;Parque do Ibirapuera;-23,587416;-46,657634;25;02/05/24;6
Vila Mariana;Parque do Ibirapuera;-23,587416;-46,657634;25;02/05/24;7
Vila Mariana;Parque do Ibirapuera;-23,587416;-46,657634;25;02/05/24;7
Vila Mariana;Parque do Ibirapuera;-23,587416;-46,657634;25;02/05/24;7
Vila Mariana;Parque do Ibirapuera;-23,587416;-46,657634;25;02/05/24;7
Vila Mariana;Parque do Ibirapuera;-23,587416;-46,657634;25;02/05/24;8
Vila Mariana;Parque do Ibirapuera;-23,587416;-46,657634;25;02/05/24;9
Vila Mariana;Parque do Ibirapuera;-23,587416;-46,657634;25;02/05/24;9
Vila Mariana;Parque do Ibirapuera;-23,587416;-46,657634;25;03/05/24;1
Vila Mariana;Parque do Ibirapuera;-23,587416;-46,657634;25;03/05/24;2
Vila Mariana;Parque do Ibirapuera;-23,587416;-46,657634;25;03/05/24;3
Vila Mariana;Parque do Ibirapuera;-23,587416;-46,657634;25;03/05/24;3
Vila Mariana;Parque do Ibirapuera;-23,587416;-46,657634;25;03/05/24;3
Vila Mariana;Parque do Ibirapuera;-23,587416;-46,657634;25;03/05/24;3
Vila Mariana;Parque do Ibirapuera;-23,587416;-46,657634;25;03/05/24;4
Vila Mariana;Parque do Ibirapuera;-23,587416;-46,657634;25;03/05/24;4
Vila Mariana;Parque do Ibirapuera;-23,587416;-46,657634;25;03/05/24;4
Vila Mariana;Parque do Ibirapuera;-23,587416;-46,657634;25;03/05/24;4
Vila Mariana;Parque do Ibirapuera;-23,587416;-46,657634;25;03/05/24;4
Vila Mariana;Parque do Ibirapuera;-23,587416;-46,657634;25;03/05/24;4
Vila Mariana;Parque do Ibirapuera;-23,587416;-46,657634;25;03/05/24;5
Vila Mariana;Parque do Ibirapuera;-23,587416;-46,657634;25;03/05/24;5
Vila Mariana;Parque do Ibirapuera;-23,587416;-46,657634;25;03/05/24;5
Vila Mariana;Parque do Ibirapuera;-23,587416;-46,657634;25;03/05/24;6
Vila Mariana;Parque do Ibirapuera;-23,587416;-46,657634;25;03/05/24;6
Vila Mariana;Parque do Ibirapuera;-23,587416;-46,657634;25;03/05/24;7
Vila Mariana;Parque do Ibirapuera;-23,587416;-46,657634;25;03/05/24;8
Vila Mariana;Parque do Ibirapuera;-23,587416;-46,657634;25;03/05/24;8
Vila Mariana;Parque do Ibirapuera;-23,587416;-46,657634;25;03/05/24;9
Vila Mariana;Parque do Ibirapuera;-23,587416;-46,657634;25;03/05/24;9
Vila Mariana;Parque do Ibirapuera;-23,587416;-46,657634;25;04/05/24;1
Vila Mariana;Parque do Ibirapuera;-23,587416;-46,657634;25;04/05/24;2
Vila Mariana;Parque do Ibirapuera;-23,587416;-46,657634;25;04/05/24;3
Vila Mariana;Parque do Ibirapuera;-23,587416;-46,657634;25;04/05/24;3
Vila Mariana;Parque do Ibirapuera;-23,587416;-46,657634;25;04/05/24;4
Vila Mariana;Parque do Ibirapuera;-23,587416;-46,657634;25;04/05/24;5
Vila Mariana;Parque do Ibirapuera;-23,587416;-46,657634;25;04/05/24;6
Vila Mariana;Parque do Ibirapuera;-23,587416;-46,657634;25;04/05/24;7
Vila Mariana;Parque do Ibirapuera;-23,587416;-46,657634;25;04/05/24;7
Vila Mariana;Parque do Ibirapuera;-23,587416;-46,657634;25;04/05/24;7
Vila Mariana;Parque do Ibirapuera;-23,587416;-46,657634;25;04/05/24;9
Vila Mariana;Parque do Ibirapuera;-23,587416;-46,657634;25;04/05/24;9
Vila Mariana;Parque do Ibirapuera;-23,587416;-46,657634;25;04/05/24;10
Vila Mariana;Parque do Ibirapuera;-23,587416;-46,657634;25;04/05/24;10
Vila Mariana;Parque do Ibirapuera;-23,587416;-46,657634;25;04/05/24;10
Vila Mariana;Parque do Ibirapuera;-23,587416;-46,657634;25;05/05/24;1
Vila Mariana;Parque do Ibirapuera;-23,587416;-46,657634;25;05/05/24;1
Vila Mariana;Parque do Ibirapuera;-23,587416;-46,657634;25;05/05/24;1
Vila Mariana;Parque do Ibirapuera;-23,587416;-46,657634;25;05/05/24;2
Vila Mariana;Parque do Ibirapuera;-23,587416;-46,657634;25;05/05/24;2
Vila Mariana;Parque do Ibirapuera;-23,587416;-46,657634;25;05/05/24;2
Vila Mariana;Parque do Ibirapuera;-23,587416;-46,657634;25;05/05/24;3
Vila Mariana;Parque do Ibirapuera;-23,587416;-46,657634;25;05/05/24;5
Vila Mariana;Parque do Ibirapuera;-23,587416;-46,657634;25;05/05/24;6
Vila Mariana;Parque do Ibirapuera;-23,587416;-46,657634;25;05/05/24;7
Vila Mariana;Parque do Ibirapuera;-23,587416;-46,657634;25;05/05/24;8
Vila Mariana;Parque do Ibirapuera;-23,587416;-46,657634;25;05/05/24;8
Vila Mariana;Parque do Ibirapuera;-23,587416;-46,657634;25;05/05/24;8
Vila Mariana;Parque do Ibirapuera;-23,587416;-46,657634;25;05/05/24;9
Vila Mariana;Parque do Ibirapuera;-23,587416;-46,657634;25;05/05/24;9
Vila Mariana;Parque do Ibirapuera;-23,587416;-46,657634;25;05/05/24;9
Vila Mariana;Parque do Ibirapuera;-23,587416;-46,657634;25;05/05/24;10
Vila Mariana;Parque do Ibirapuera;-23,587416;-46,657634;25;05/05/24;10
Vila Mariana;Parque do Ibirapuera;-23,587416;-46,657634;25;06/05/24;2
Vila Mariana;Parque do Ibirapuera;-23,587416;-46,657634;25;06/05/24;3
Vila Mariana;Parque do Ibirapuera;-23,587416;-46,657634;25;06/05/24;4
Vila Mariana;Parque do Ibirapuera;-23,587416;-46,657634;25;06/05/24;5
Vila Mariana;Parque do Ibirapuera;-23,587416;-46,657634;25;06/05/24;6
Vila Mariana;Parque do Ibirapuera;-23,587416;-46,657634;25;06/05/24;6
Vila Mariana;Parque do Ibirapuera;-23,587416;-46,657634;25;06/05/24;6
Vila Mariana;Parque do Ibirapuera;-23,587416;-46,657634;25;06/05/24;6
Vila Mariana;Parque do Ibirapuera;-23,587416;-46,657634;25;06/05/24;8
Vila Mariana;Parque do Ibirapuera;-23,587416;-46,657634;25;06/05/24;8
Vila Mariana;Parque do Ibirapuera;-23,587416;-46,657634;25;06/05/24;8
Vila Mariana;Parque do Ibirapuera;-23,587416;-46,657634;25;06/05/24;8
Vila Mariana;Parque do Ibirapuera;-23,587416;-46,657634;25;06/05/24;10
Vila Mariana;Parque do Ibirapuera;-23,587416;-46,657634;25;06/05/24;10
Vila Mariana;Parque do Ibirapuera;-23,587416;-46,657634;25;06/05/24;10
Vila Mariana;Parque do Ibirapuera;-23,587416;-46,657634;25;07/05/24;1
Vila Mariana;Parque do Ibirapuera;-23,587416;-46,657634;25;07/05/24;2
Vila Mariana;Parque do Ibirapuera;-23,587416;-46,657634;25;07/05/24;4
Vila Mariana;Parque do Ibirapuera;-23,587416;-46,657634;25;07/05/24;4
Vila Mariana;Parque do Ibirapuera;-23,587416;-46,657634;25;07/05/24;6
Vila Mariana;Parque do Ibirapuera;-23,587416;-46,657634;25;07/05/24;6
Vila Mariana;Parque do Ibirapuera;-23,587416;-46,657634;25;07/05/24;7
Vila Mariana;Parque do Ibirapuera;-23,587416;-46,657634;25;07/05/24;7
Vila Mariana;Parque do Ibirapuera;-23,587416;-46,657634;25;07/05/24;8
Vila Mariana;Parque do Ibirapuera;-23,587416;-46,657634;25;07/05/24;8
Vila Mariana;Parque do Ibirapuera;-23,587416;-46,657634;25;07/05/24;8
Vila Mariana;Parque do Ibirapuera;-23,587416;-46,657634;25;07/05/24;10
Vila Mariana;Parque do Ibirapuera;-23,587416;-46,657634;25;07/05/24;10
Vila Mariana;Parque do Ibirapuera;-23,587416;-46,657634;25;08/05/24;1
Vila Mariana;Parque do Ibirapuera;-23,587416;-46,657634;25;08/05/24;1
Vila Mariana;Parque do Ibirapuera;-23,587416;-46,657634;25;08/05/24;2
Vila Mariana;Parque do Ibirapuera;-23,587416;-46,657634;25;08/05/24;2
Vila Mariana;Parque do Ibirapuera;-23,587416;-46,657634;25;08/05/24;2
Vila Mariana;Parque do Ibirapuera;-23,587416;-46,657634;25;08/05/24;3
Vila Mariana;Parque do Ibirapuera;-23,587416;-46,657634;25;08/05/24;3
Vila Mariana;Parque do Ibirapuera;-23,587416;-46,657634;25;08/05/24;4
Vila Mariana;Parque do Ibirapuera;-23,587416;-46,657634;25;08/05/24;5
Vila Mariana;Parque do Ibirapuera;-23,587416;-46,657634;25;08/05/24;5
Vila Mariana;Parque do Ibirapuera;-23,587416;-46,657634;25;08/05/24;5
Vila Mariana;Parque do Ibirapuera;-23,587416;-46,657634;25;08/05/24;5
Vila Mariana;Parque do Ibirapuera;-23,587416;-46,657634;25;08/05/24;5
Vila Mariana;Parque do Ibirapuera;-23,587416;-46,657634;25;08/05/24;6
Vila Mariana;Parque do Ibirapuera;-23,587416;-46,657634;25;08/05/24;6
Vila Mariana;Parque do Ibirapuera;-23,587416;-46,657634;25;08/05/24;7
Vila Mariana;Parque do Ibirapuera;-23,587416;-46,657634;25;08/05/24;7
Vila Mariana;Parque do Ibirapuera;-23,587416;-46,657634;25;08/05/24;8
Vila Mariana;Parque do Ibirapuera;-23,587416;-46,657634;25;08/05/24;8
Vila Mariana;Parque do Ibirapuera;-23,587416;-46,657634;25;08/05/24;8
Vila Mariana;Parque do Ibirapuera;-23,587416;-46,657634;25;08/05/24;8
Vila Mariana;Parque do Ibirapuera;-23,587416;-46,657634;25;08/05/24;9
Vila Mariana;Parque do Ibirapuera;-23,587416;-46,657634;10;01/06/24;6
Vila Mariana;Parque do Ibirapuera;-23,587416;-46,657634;10;01/06/24;7
Vila Mariana;Parque do Ibirapuera;-23,587416;-46,657634;10;01/06/24;7
Vila Mariana;Parque do Ibirapuera;-23,587416;-46,657634;10;01/06/24;7
Vila Mariana;Parque do Ibirapuera;-23,587416;-46,657634;10;01/06/24;8
Vila Mariana;Parque do Ibirapuera;-23,587416;-46,657634;10;01/06/24;10
Vila Mariana;Parque do Ibirapuera;-23,587416;-46,657634;10;02/06/24;1
Vila Mariana;Parque do Ibirapuera;-23,587416;-46,657634;10;02/06/24;3
Vila Mariana;Parque do Ibirapuera;-23,587416;-46,657634;10;02/06/24;3
Vila Mariana;Parque do Ibirapuera;-23,587416;-46,657634;10;02/06/24;5
Vila Mariana;Parque do Ibirapuera;-23,587416;-46,657634;10;02/06/24;6
Vila Mariana;Parque do Ibirapuera;-23,587416;-46,657634;10;02/06/24;6
Vila Mariana;Parque do Ibirapuera;-23,587416;-46,657634;10;02/06/24;8
Vila Mariana;Parque do Ibirapuera;-23,587416;-46,657634;10;02/06/24;9
Vila Mariana;Parque do Ibirapuera;-23,587416;-46,657634;10;02/06/24;9
Vila Mariana;Parque do Ibirapuera;-23,587416;-46,657634;10;02/06/24;10
Vila Mariana;Parque do Ibirapuera;-23,587416;-46,657634;10;02/06/24;10
Vila Mariana;Parque do Ibirapuera;-23,587416;-46,657634;10;02/06/24;10
Vila Mariana;Parque do Ibirapuera;-23,587416;-46,657634;10;03/06/24;1
Vila Mariana;Parque do Ibirapuera;-23,587416;-46,657634;10;03/06/24;2
Vila Mariana;Parque do Ibirapuera;-23,587416;-46,657634;10;03/06/24;2
Vila Mariana;Parque do Ibirapuera;-23,587416;-46,657634;10;03/06/24;2
Vila Mariana;Parque do Ibirapuera;-23,587416;-46,657634;10;03/06/24;3
Vila Mariana;Parque do Ibirapuera;-23,587416;-46,657634;10;03/06/24;3
Vila Mariana;Parque do Ibirapuera;-23,587416;-46,657634;10;03/06/24;4
Vila Mariana;Parque do Ibirapuera;-23,587416;-46,657634;10;03/06/24;4
Vila Mariana;Parque do Ibirapuera;-23,587416;-46,657634;10;03/06/24;5
Vila Mariana;Parque do Ibirapuera;-23,587416;-46,657634;10;03/06/24;8
Vila Mariana;Parque do Ibirapuera;-23,587416;-46,657634;10;03/06/24;9
Vila Mariana;Parque do Ibirapuera;-23,587416;-46,657634;10;03/06/24;9
Vila Mariana;Parque do Ibirapuera;-23,587416;-46,657634;10;04/06/24;2
Vila Mariana;Parque do Ibirapuera;-23,587416;-46,657634;10;04/06/24;3
Vila Mariana;Parque do Ibirapuera;-23,587416;-46,657634;10;04/06/24;3
Vila Mariana;Parque do Ibirapuera;-23,587416;-46,657634;10;04/06/24;3
Vila Mariana;Parque do Ibirapuera;-23,587416;-46,657634;10;04/06/24;4
Vila Mariana;Parque do Ibirapuera;-23,587416;-46,657634;10;04/06/24;5
Vila Mariana;Parque do Ibirapuera;-23,587416;-46,657634;10;04/06/24;5
Vila Mariana;Parque do Ibirapuera;-23,587416;-46,657634;10;04/06/24;6
Vila Mariana;Parque do Ibirapuera;-23,587416;-46,657634;10;04/06/24;7
Vila Mariana;Parque do Ibirapuera;-23,587416;-46,657634;10;04/06/24;9
Vila Mariana;Parque do Ibirapuera;-23,587416;-46,657634;10;04/06/24;9
Vila Mariana;Parque do Ibirapuera;-23,587416;-46,657634;10;04/06/24;10
Vila Mariana;Parque do Ibirapuera;-23,587416;-46,657634;10;04/06/24;10
Vila Mariana;Parque do Ibirapuera;-23,587416;-46,657634;10;04/06/24;10
Vila Mariana;Parque do Ibirapuera;-23,587416;-46,657634;10;04/06/24;10
Vila Mariana;Parque do Ibirapuera;-23,587416;-46,657634;10;05/06/24;1
Vila Mariana;Parque do Ibirapuera;-23,587416;-46,657634;10;05/06/24;3
Vila Mariana;Parque do Ibirapuera;-23,587416;-46,657634;10;05/06/24;3
Vila Mariana;Parque do Ibirapuera;-23,587416;-46,657634;10;05/06/24;3
Vila Mariana;Parque do Ibirapuera;-23,587416;-46,657634;10;05/06/24;4
Vila Mariana;Parque do Ibirapuera;-23,587416;-46,657634;10;05/06/24;4
Vila Mariana;Parque do Ibirapuera;-23,587416;-46,657634;10;05/06/24;5
Vila Mariana;Parque do Ibirapuera;-23,587416;-46,657634;10;05/06/24;5
Vila Mariana;Parque do Ibirapuera;-23,587416;-46,657634;10;05/06/24;5
Vila Mariana;Parque do Ibirapuera;-23,587416;-46,657634;10;05/06/24;7
Vila Mariana;Parque do Ibirapuera;-23,587416;-46,657634;10;05/06/24;8
Vila Mariana;Parque do Ibirapuera;-23,587416;-46,657634;10;05/06/24;8
Vila Mariana;Parque do Ibirapuera;-23,587416;-46,657634;10;05/06/24;9
Vila Mariana;Parque do Ibirapuera;-23,587416;-46,657634;10;05/06/24;9
Vila Mariana;Parque do Ibirapuera;-23,587416;-46,657634;10;05/06/24;9
Vila Mariana;Parque do Ibirapuera;-23,587416;-46,657634;10;05/06/24;9
Vila Mariana;Parque do Ibirapuera;-23,587416;-46,657634;10;05/06/24;10
Vila Mariana;Parque do Ibirapuera;-23,587416;-46,657634;10;05/06/24;10
Vila Mariana;Parque do Ibirapuera;-23,587416;-46,657634;10;06/06/24;2
Vila Mariana;Parque do Ibirapuera;-23,587416;-46,657634;10;06/06/24;2
Vila Mariana;Parque do Ibirapuera;-23,587416;-46,657634;10;06/06/24;2
Vila Mariana;Parque do Ibirapuera;-23,587416;-46,657634;10;06/06/24;3
Vila Mariana;Parque do Ibirapuera;-23,587416;-46,657634;10;06/06/24;3
Vila Mariana;Parque do Ibirapuera;-23,587416;-46,657634;10;06/06/24;3
Vila Mariana;Parque do Ibirapuera;-23,587416;-46,657634;10;06/06/24;3
Vila Mariana;Parque do Ibirapuera;-23,587416;-46,657634;10;06/06/24;4
Vila Mariana;Parque do Ibirapuera;-23,587416;-46,657634;10;06/06/24;4
Vila Mariana;Parque do Ibirapuera;-23,587416;-46,657634;10;06/06/24;5
Vila Mariana;Parque do Ibirapuera;-23,587416;-46,657634;10;06/06/24;5
Vila Mariana;Parque do Ibirapuera;-23,587416;-46,657634;10;06/06/24;5
Vila Mariana;Parque do Ibirapuera;-23,587416;-46,657634;10;06/06/24;5
Vila Mariana;Parque do Ibirapuera;-23,587416;-46,657634;10;06/06/24;7
Vila Mariana;Parque do Ibirapuera;-23,587416;-46,657634;10;06/06/24;7
Vila Mariana;Parque do Ibirapuera;-23,587416;-46,657634;10;06/06/24;8
Vila Mariana;Parque do Ibirapuera;-23,587416;-46,657634;10;06/06/24;8
Vila Mariana;Parque do Ibirapuera;-23,587416;-46,657634;10;06/06/24;9
Vila Mariana;Parque do Ibirapuera;-23,587416;-46,657634;10;06/06/24;10
Vila Mariana;Parque do Ibirapuera;-23,587416;-46,657634;10;06/06/24;10
Vila Mariana;Parque do Ibirapuera;-23,587416;-46,657634;10;07/06/24;1
Vila Mariana;Parque do Ibirapuera;-23,587416;-46,657634;10;07/06/24;2
Vila Mariana;Parque do Ibirapuera;-23,587416;-46,657634;10;07/06/24;2
Vila Mariana;Parque do Ibirapuera;-23,587416;-46,657634;10;07/06/24;3
Vila Mariana;Parque do Ibirapuera;-23,587416;-46,657634;10;07/06/24;5
Vila Mariana;Parque do Ibirapuera;-23,587416;-46,657634;10;07/06/24;6
Vila Mariana;Parque do Ibirapuera;-23,587416;-46,657634;10;07/06/24;7
Vila Mariana;Parque do Ibirapuera;-23,587416;-46,657634;10;07/06/24;8
Vila Mariana;Parque do Ibirapuera;-23,587416;-46,657634;10;07/06/24;8
Vila Mariana;Parque do Ibirapuera;-23,587416;-46,657634;10;07/06/24;9
Vila Mariana;Parque do Ibirapuera;-23,587416;-46,657634;10;08/06/24;1
Vila Mariana;Parque do Ibirapuera;-23,587416;-46,657634;10;08/06/24;3
Vila Mariana;Parque do Ibirapuera;-23,587416;-46,657634;10;08/06/24;3
Vila Mariana;Parque do Ibirapuera;-23,587416;-46,657634;10;08/06/24;3
Vila Mariana;Parque do Ibirapuera;-23,587416;-46,657634;10;08/06/24;4
Vila Mariana;Parque do Ibirapuera;-23,587416;-46,657634;10;08/06/24;4
Vila Mariana;Parque do Ibirapuera;-23,587416;-46,657634;10;08/06/24;5
Vila Mariana;Parque do Ibirapuera;-23,587416;-46,657634;10;08/06/24;6
Vila Mariana;Parque do Ibirapuera;-23,587416;-46,657634;10;08/06/24;7
Vila Mariana;Parque do Ibirapuera;-23,587416;-46,657634;10;08/06/24;8
Vila Mariana;Parque do Ibirapuera;-23,587416;-46,657634;10;08/06/24;8
Vila Mariana;Parque do Ibirapuera;-23,587416;-46,657634;10;08/06/24;9
Vila Mariana;Parque do Ibirapuera;-23,587416;-46,657634;10;08/06/24;9
Vila Mariana;Parque do Ibirapuera;-23,587416;-46,657634;10;08/06/24;10
Vila Mariana;Parque do Ibirapuera;-23,587416;-46,657634;10;08/06/24;10
Vila Mariana;Parque do Ibirapuera;-23,587416;-46,657634;20;01/07/24;2
Vila Mariana;Parque do Ibirapuera;-23,587416;-46,657634;20;01/07/24;2
Vila Mariana;Parque do Ibirapuera;-23,587416;-46,657634;20;01/07/24;4
Vila Mariana;Parque do Ibirapuera;-23,587416;-46,657634;20;01/07/24;5
Vila Mariana;Parque do Ibirapuera;-23,587416;-46,657634;20;01/07/24;7
Vila Mariana;Parque do Ibirapuera;-23,587416;-46,657634;20;01/07/24;7
Vila Mariana;Parque do Ibirapuera;-23,587416;-46,657634;20;01/07/24;9
Vila Mariana;Parque do Ibirapuera;-23,587416;-46,657634;20;01/07/24;10
Vila Mariana;Parque do Ibirapuera;-23,587416;-46,657634;20;02/07/24;1
Vila Mariana;Parque do Ibirapuera;-23,587416;-46,657634;20;02/07/24;1
Vila Mariana;Parque do Ibirapuera;-23,587416;-46,657634;20;02/07/24;3
Vila Mariana;Parque do Ibirapuera;-23,587416;-46,657634;20;02/07/24;3
Vila Mariana;Parque do Ibirapuera;-23,587416;-46,657634;20;02/07/24;4
Vila Mariana;Parque do Ibirapuera;-23,587416;-46,657634;20;02/07/24;5
Vila Mariana;Parque do Ibirapuera;-23,587416;-46,657634;20;02/07/24;6
Vila Mariana;Parque do Ibirapuera;-23,587416;-46,657634;20;02/07/24;6
Vila Mariana;Parque do Ibirapuera;-23,587416;-46,657634;20;02/07/24;6
Vila Mariana;Parque do Ibirapuera;-23,587416;-46,657634;20;02/07/24;6
Vila Mariana;Parque do Ibirapuera;-23,587416;-46,657634;20;02/07/24;7
Vila Mariana;Parque do Ibirapuera;-23,587416;-46,657634;20;02/07/24;7
Vila Mariana;Parque do Ibirapuera;-23,587416;-46,657634;20;02/07/24;8
Vila Mariana;Parque do Ibirapuera;-23,587416;-46,657634;20;02/07/24;8
Vila Mariana;Parque do Ibirapuera;-23,587416;-46,657634;20;02/07/24;8
Vila Mariana;Parque do Ibirapuera;-23,587416;-46,657634;20;02/07/24;9
Vila Mariana;Parque do Ibirapuera;-23,587416;-46,657634;20;02/07/24;10
Vila Mariana;Parque do Ibirapuera;-23,587416;-46,657634;20;02/07/24;10
Vila Mariana;Parque do Ibirapuera;-23,587416;-46,657634;20;02/07/24;10
Vila Mariana;Parque do Ibirapuera;-23,587416;-46,657634;20;02/07/24;10
Vila Mariana;Parque do Ibirapuera;-23,587416;-46,657634;20;03/07/24;2
Vila Mariana;Parque do Ibirapuera;-23,587416;-46,657634;20;03/07/24;3
Vila Mariana;Parque do Ibirapuera;-23,587416;-46,657634;20;03/07/24;3
Vila Mariana;Parque do Ibirapuera;-23,587416;-46,657634;20;03/07/24;3
Vila Mariana;Parque do Ibirapuera;-23,587416;-46,657634;20;03/07/24;4
Vila Mariana;Parque do Ibirapuera;-23,587416;-46,657634;20;03/07/24;5
Vila Mariana;Parque do Ibirapuera;-23,587416;-46,657634;20;03/07/24;5
Vila Mariana;Parque do Ibirapuera;-23,587416;-46,657634;20;03/07/24;7
Vila Mariana;Parque do Ibirapuera;-23,587416;-46,657634;20;03/07/24;7
Vila Mariana;Parque do Ibirapuera;-23,587416;-46,657634;20;03/07/24;7
Vila Mariana;Parque do Ibirapuera;-23,587416;-46,657634;20;03/07/24;8
Vila Mariana;Parque do Ibirapuera;-23,587416;-46,657634;20;03/07/24;9
Vila Mariana;Parque do Ibirapuera;-23,587416;-46,657634;20;03/07/24;10
Vila Mariana;Parque do Ibirapuera;-23,587416;-46,657634;20;03/07/24;10
Vila Mariana;Parque do Ibirapuera;-23,587416;-46,657634;20;04/07/24;1
Vila Mariana;Parque do Ibirapuera;-23,587416;-46,657634;20;04/07/24;2
Vila Mariana;Parque do Ibirapuera;-23,587416;-46,657634;20;04/07/24;2
Vila Mariana;Parque do Ibirapuera;-23,587416;-46,657634;20;04/07/24;3
Vila Mariana;Parque do Ibirapuera;-23,587416;-46,657634;20;04/07/24;3
Vila Mariana;Parque do Ibirapuera;-23,587416;-46,657634;20;04/07/24;3
Vila Mariana;Parque do Ibirapuera;-23,587416;-46,657634;20;04/07/24;4
Vila Mariana;Parque do Ibirapuera;-23,587416;-46,657634;20;04/07/24;5
Vila Mariana;Parque do Ibirapuera;-23,587416;-46,657634;20;04/07/24;6
Vila Mariana;Parque do Ibirapuera;-23,587416;-46,657634;20;04/07/24;6
Vila Mariana;Parque do Ibirapuera;-23,587416;-46,657634;20;04/07/24;7
Vila Mariana;Parque do Ibirapuera;-23,587416;-46,657634;20;04/07/24;8
Vila Mariana;Parque do Ibirapuera;-23,587416;-46,657634;20;04/07/24;8
Vila Mariana;Parque do Ibirapuera;-23,587416;-46,657634;20;05/07/24;2
Vila Mariana;Parque do Ibirapuera;-23,587416;-46,657634;20;05/07/24;4
Vila Mariana;Parque do Ibirapuera;-23,587416;-46,657634;20;05/07/24;4
Vila Mariana;Parque do Ibirapuera;-23,587416;-46,657634;20;05/07/24;5
Vila Mariana;Parque do Ibirapuera;-23,587416;-46,657634;20;05/07/24;5
Vila Mariana;Parque do Ibirapuera;-23,587416;-46,657634;20;05/07/24;5
Vila Mariana;Parque do Ibirapuera;-23,587416;-46,657634;20;05/07/24;6
Vila Mariana;Parque do Ibirapuera;-23,587416;-46,657634;20;05/07/24;6
Vila Mariana;Parque do Ibirapuera;-23,587416;-46,657634;20;05/07/24;6
Vila Mariana;Parque do Ibirapuera;-23,587416;-46,657634;20;05/07/24;7
Vila Mariana;Parque do Ibirapuera;-23,587416;-46,657634;20;05/07/24;9
Vila Mariana;Parque do Ibirapuera;-23,587416;-46,657634;20;05/07/24;10
Vila Mariana;Parque do Ibirapuera;-23,587416;-46,657634;20;05/07/24;10
Vila Mariana;Parque do Ibirapuera;-23,587416;-46,657634;20;05/07/24;10
Vila Mariana;Parque do Ibirapuera;-23,587416;-46,657634;20;06/07/24;1
Vila Mariana;Parque do Ibirapuera;-23,587416;-46,657634;20;06/07/24;2
Vila Mariana;Parque do Ibirapuera;-23,587416;-46,657634;20;06/07/24;2
Vila Mariana;Parque do Ibirapuera;-23,587416;-46,657634;20;06/07/24;4
Vila Mariana;Parque do Ibirapuera;-23,587416;-46,657634;20;06/07/24;4
Vila Mariana;Parque do Ibirapuera;-23,587416;-46,657634;20;06/07/24;5
Vila Mariana;Parque do Ibirapuera;-23,587416;-46,657634;20;06/07/24;5
Vila Mariana;Parque do Ibirapuera;-23,587416;-46,657634;20;06/07/24;5
Vila Mariana;Parque do Ibirapuera;-23,587416;-46,657634;20;06/07/24;5
Vila Mariana;Parque do Ibirapuera;-23,587416;-46,657634;20;06/07/24;6
Vila Mariana;Parque do Ibirapuera;-23,587416;-46,657634;20;06/07/24;6
Vila Mariana;Parque do Ibirapuera;-23,587416;-46,657634;20;06/07/24;7
Vila Mariana;Parque do Ibirapuera;-23,587416;-46,657634;20;06/07/24;7
Vila Mariana;Parque do Ibirapuera;-23,587416;-46,657634;20;07/07/24;1
Vila Mariana;Parque do Ibirapuera;-23,587416;-46,657634;20;07/07/24;3
Vila Mariana;Parque do Ibirapuera;-23,587416;-46,657634;20;07/07/24;3
Vila Mariana;Parque do Ibirapuera;-23,587416;-46,657634;20;07/07/24;3
Vila Mariana;Parque do Ibirapuera;-23,587416;-46,657634;20;07/07/24;4
Vila Mariana;Parque do Ibirapuera;-23,587416;-46,657634;20;07/07/24;5
Vila Mariana;Parque do Ibirapuera;-23,587416;-46,657634;20;07/07/24;5
Vila Mariana;Parque do Ibirapuera;-23,587416;-46,657634;20;07/07/24;5
Vila Mariana;Parque do Ibirapuera;-23,587416;-46,657634;20;07/07/24;5
Vila Mariana;Parque do Ibirapuera;-23,587416;-46,657634;20;07/07/24;5
Vila Mariana;Parque do Ibirapuera;-23,587416;-46,657634;20;07/07/24;6
Vila Mariana;Parque do Ibirapuera;-23,587416;-46,657634;20;07/07/24;6
Vila Mariana;Parque do Ibirapuera;-23,587416;-46,657634;20;07/07/24;6
Vila Mariana;Parque do Ibirapuera;-23,587416;-46,657634;20;07/07/24;7
Vila Mariana;Parque do Ibirapuera;-23,587416;-46,657634;20;07/07/24;8
Vila Mariana;Parque do Ibirapuera;-23,587416;-46,657634;20;07/07/24;9
Vila Mariana;Parque do Ibirapuera;-23,587416;-46,657634;20;07/07/24;9
Vila Mariana;Parque do Ibirapuera;-23,587416;-46,657634;20;07/07/24;9
Vila Mariana;Parque do Ibirapuera;-23,587416;-46,657634;20;08/07/24;1
Vila Mariana;Parque do Ibirapuera;-23,587416;-46,657634;20;08/07/24;1
Vila Mariana;Parque do Ibirapuera;-23,587416;-46,657634;20;08/07/24;1
Vila Mariana;Parque do Ibirapuera;-23,587416;-46,657634;20;08/07/24;2
Vila Mariana;Parque do Ibirapuera;-23,587416;-46,657634;20;08/07/24;2
Vila Mariana;Parque do Ibirapuera;-23,587416;-46,657634;20;08/07/24;2
Vila Mariana;Parque do Ibirapuera;-23,587416;-46,657634;20;08/07/24;3
Vila Mariana;Parque do Ibirapuera;-23,587416;-46,657634;20;08/07/24;4
Vila Mariana;Parque do Ibirapuera;-23,587416;-46,657634;20;08/07/24;4
Vila Mariana;Parque do Ibirapuera;-23,587416;-46,657634;20;08/07/24;5
Vila Mariana;Parque do Ibirapuera;-23,587416;-46,657634;20;08/07/24;5
Vila Mariana;Parque do Ibirapuera;-23,587416;-46,657634;20;08/07/24;7
Vila Mariana;Parque do Ibirapuera;-23,587416;-46,657634;20;08/07/24;7
Vila Mariana;Parque do Ibirapuera;-23,587416;-46,657634;20;08/07/24;7
Vila Mariana;Parque do Ibirapuera;-23,587416;-46,657634;20;08/07/24;7
Vila Mariana;Parque do Ibirapuera;-23,587416;-46,657634;20;08/07/24;7
Vila Mariana;Parque do Ibirapuera;-23,587416;-46,657634;20;08/07/24;7
Vila Mariana;Parque do Ibirapuera;-23,587416;-46,657634;20;08/07/24;8
Vila Mariana;Parque do Ibirapuera;-23,587416;-46,657634;20;08/07/24;8
Vila Mariana;Parque do Ibirapuera;-23,587416;-46,657634;20;08/07/24;9
Vila Mariana;Parque do Ibirapuera;-23,587416;-46,657634;20;08/07/24;9
Vila Mariana;Parque do Ibirapuera;-23,587416;-46,657634;30;01/08/24;2
Vila Mariana;Parque do Ibirapuera;-23,587416;-46,657634;30;01/08/24;2
Vila Mariana;Parque do Ibirapuera;-23,587416;-46,657634;30;01/08/24;3
Vila Mariana;Parque do Ibirapuera;-23,587416;-46,657634;30;01/08/24;3
Vila Mariana;Parque do Ibirapuera;-23,587416;-46,657634;30;01/08/24;3
Vila Mariana;Parque do Ibirapuera;-23,587416;-46,657634;30;01/08/24;3
Vila Mariana;Parque do Ibirapuera;-23,587416;-46,657634;30;01/08/24;4
Vila Mariana;Parque do Ibirapuera;-23,587416;-46,657634;30;01/08/24;6
Vila Mariana;Parque do Ibirapuera;-23,587416;-46,657634;30;01/08/24;6
Vila Mariana;Parque do Ibirapuera;-23,587416;-46,657634;30;01/08/24;8
Vila Mariana;Parque do Ibirapuera;-23,587416;-46,657634;30;01/08/24;8
Vila Mariana;Parque do Ibirapuera;-23,587416;-46,657634;30;01/08/24;9
Vila Mariana;Parque do Ibirapuera;-23,587416;-46,657634;30;01/08/24;10
Vila Mariana;Parque do Ibirapuera;-23,587416;-46,657634;30;02/08/24;1
Vila Mariana;Parque do Ibirapuera;-23,587416;-46,657634;30;02/08/24;1
Vila Mariana;Parque do Ibirapuera;-23,587416;-46,657634;30;02/08/24;1
Vila Mariana;Parque do Ibirapuera;-23,587416;-46,657634;30;02/08/24;2
Vila Mariana;Parque do Ibirapuera;-23,587416;-46,657634;30;02/08/24;2
Vila Mariana;Parque do Ibirapuera;-23,587416;-46,657634;30;02/08/24;2
Vila Mariana;Parque do Ibirapuera;-23,587416;-46,657634;30;02/08/24;3
Vila Mariana;Parque do Ibirapuera;-23,587416;-46,657634;30;02/08/24;4
Vila Mariana;Parque do Ibirapuera;-23,587416;-46,657634;30;02/08/24;4
Vila Mariana;Parque do Ibirapuera;-23,587416;-46,657634;30;02/08/24;5
Vila Mariana;Parque do Ibirapuera;-23,587416;-46,657634;30;02/08/24;7
Vila Mariana;Parque do Ibirapuera;-23,587416;-46,657634;30;02/08/24;7
Vila Mariana;Parque do Ibirapuera;-23,587416;-46,657634;30;02/08/24;8
Vila Mariana;Parque do Ibirapuera;-23,587416;-46,657634;30;02/08/24;8
Vila Mariana;Parque do Ibirapuera;-23,587416;-46,657634;30;02/08/24;9
Vila Mariana;Parque do Ibirapuera;-23,587416;-46,657634;30;02/08/24;9
Vila Mariana;Parque do Ibirapuera;-23,587416;-46,657634;30;02/08/24;9
Vila Mariana;Parque do Ibirapuera;-23,587416;-46,657634;30;03/08/24;1
Vila Mariana;Parque do Ibirapuera;-23,587416;-46,657634;30;03/08/24;1
Vila Mariana;Parque do Ibirapuera;-23,587416;-46,657634;30;03/08/24;2
Vila Mariana;Parque do Ibirapuera;-23,587416;-46,657634;30;03/08/24;3
Vila Mariana;Parque do Ibirapuera;-23,587416;-46,657634;30;03/08/24;4
Vila Mariana;Parque do Ibirapuera;-23,587416;-46,657634;30;03/08/24;5
Vila Mariana;Parque do Ibirapuera;-23,587416;-46,657634;30;03/08/24;5
Vila Mariana;Parque do Ibirapuera;-23,587416;-46,657634;30;03/08/24;6
Vila Mariana;Parque do Ibirapuera;-23,587416;-46,657634;30;03/08/24;6
Vila Mariana;Parque do Ibirapuera;-23,587416;-46,657634;30;03/08/24;6
Vila Mariana;Parque do Ibirapuera;-23,587416;-46,657634;30;03/08/24;7
Vila Mariana;Parque do Ibirapuera;-23,587416;-46,657634;30;03/08/24;8
Vila Mariana;Parque do Ibirapuera;-23,587416;-46,657634;30;04/08/24;1
Vila Mariana;Parque do Ibirapuera;-23,587416;-46,657634;30;04/08/24;1
Vila Mariana;Parque do Ibirapuera;-23,587416;-46,657634;30;04/08/24;1
Vila Mariana;Parque do Ibirapuera;-23,587416;-46,657634;30;04/08/24;1
Vila Mariana;Parque do Ibirapuera;-23,587416;-46,657634;30;04/08/24;1
Vila Mariana;Parque do Ibirapuera;-23,587416;-46,657634;30;04/08/24;4
Vila Mariana;Parque do Ibirapuera;-23,587416;-46,657634;30;04/08/24;4
Vila Mariana;Parque do Ibirapuera;-23,587416;-46,657634;30;04/08/24;4
Vila Mariana;Parque do Ibirapuera;-23,587416;-46,657634;30;04/08/24;4
Vila Mariana;Parque do Ibirapuera;-23,587416;-46,657634;30;04/08/24;5
Vila Mariana;Parque do Ibirapuera;-23,587416;-46,657634;30;04/08/24;5
Vila Mariana;Parque do Ibirapuera;-23,587416;-46,657634;30;04/08/24;6
Vila Mariana;Parque do Ibirapuera;-23,587416;-46,657634;30;04/08/24;7
Vila Mariana;Parque do Ibirapuera;-23,587416;-46,657634;30;04/08/24;7
Vila Mariana;Parque do Ibirapuera;-23,587416;-46,657634;30;04/08/24;8
Vila Mariana;Parque do Ibirapuera;-23,587416;-46,657634;30;04/08/24;9
Vila Mariana;Parque do Ibirapuera;-23,587416;-46,657634;30;04/08/24;9
Vila Mariana;Parque do Ibirapuera;-23,587416;-46,657634;30;04/08/24;9
Vila Mariana;Parque do Ibirapuera;-23,587416;-46,657634;30;05/08/24;2
Vila Mariana;Parque do Ibirapuera;-23,587416;-46,657634;30;05/08/24;2
Vila Mariana;Parque do Ibirapuera;-23,587416;-46,657634;30;05/08/24;2
Vila Mariana;Parque do Ibirapuera;-23,587416;-46,657634;30;05/08/24;3
Vila Mariana;Parque do Ibirapuera;-23,587416;-46,657634;30;05/08/24;3
Vila Mariana;Parque do Ibirapuera;-23,587416;-46,657634;30;05/08/24;3
Vila Mariana;Parque do Ibirapuera;-23,587416;-46,657634;30;05/08/24;4
Vila Mariana;Parque do Ibirapuera;-23,587416;-46,657634;30;05/08/24;5
Vila Mariana;Parque do Ibirapuera;-23,587416;-46,657634;30;05/08/24;5
Vila Mariana;Parque do Ibirapuera;-23,587416;-46,657634;30;05/08/24;6
Vila Mariana;Parque do Ibirapuera;-23,587416;-46,657634;30;05/08/24;8
Vila Mariana;Parque do Ibirapuera;-23,587416;-46,657634;30;05/08/24;8
Vila Mariana;Parque do Ibirapuera;-23,587416;-46,657634;30;05/08/24;8
Vila Mariana;Parque do Ibirapuera;-23,587416;-46,657634;30;05/08/24;9
Vila Mariana;Parque do Ibirapuera;-23,587416;-46,657634;30;06/08/24;3
Vila Mariana;Parque do Ibirapuera;-23,587416;-46,657634;30;06/08/24;3
Vila Mariana;Parque do Ibirapuera;-23,587416;-46,657634;30;06/08/24;4
Vila Mariana;Parque do Ibirapuera;-23,587416;-46,657634;30;06/08/24;4
Vila Mariana;Parque do Ibirapuera;-23,587416;-46,657634;30;06/08/24;5
Vila Mariana;Parque do Ibirapuera;-23,587416;-46,657634;30;06/08/24;6
Vila Mariana;Parque do Ibirapuera;-23,587416;-46,657634;30;06/08/24;9
Vila Mariana;Parque do Ibirapuera;-23,587416;-46,657634;30;06/08/24;10
Vila Mariana;Parque do Ibirapuera;-23,587416;-46,657634;30;06/08/24;10
Vila Mariana;Parque do Ibirapuera;-23,587416;-46,657634;30;07/08/24;1
Vila Mariana;Parque do Ibirapuera;-23,587416;-46,657634;30;07/08/24;1
Vila Mariana;Parque do Ibirapuera;-23,587416;-46,657634;30;07/08/24;2
Vila Mariana;Parque do Ibirapuera;-23,587416;-46,657634;30;07/08/24;3
Vila Mariana;Parque do Ibirapuera;-23,587416;-46,657634;30;07/08/24;3
Vila Mariana;Parque do Ibirapuera;-23,587416;-46,657634;30;07/08/24;4
Vila Mariana;Parque do Ibirapuera;-23,587416;-46,657634;30;07/08/24;5
Vila Mariana;Parque do Ibirapuera;-23,587416;-46,657634;30;07/08/24;6
Vila Mariana;Parque do Ibirapuera;-23,587416;-46,657634;30;07/08/24;6
Vila Mariana;Parque do Ibirapuera;-23,587416;-46,657634;30;07/08/24;7
Vila Mariana;Parque do Ibirapuera;-23,587416;-46,657634;30;07/08/24;7
Vila Mariana;Parque do Ibirapuera;-23,587416;-46,657634;30;07/08/24;7
Vila Mariana;Parque do Ibirapuera;-23,587416;-46,657634;30;07/08/24;7
Vila Mariana;Parque do Ibirapuera;-23,587416;-46,657634;30;07/08/24;8
Vila Mariana;Parque do Ibirapuera;-23,587416;-46,657634;30;07/08/24;8
Vila Mariana;Parque do Ibirapuera;-23,587416;-46,657634;30;07/08/24;8
Vila Mariana;Parque do Ibirapuera;-23,587416;-46,657634;30;07/08/24;8
Vila Mariana;Parque do Ibirapuera;-23,587416;-46,657634;30;07/08/24;10
Vila Mariana;Parque do Ibirapuera;-23,587416;-46,657634;30;07/08/24;10
Vila Mariana;Parque do Ibirapuera;-23,587416;-46,657634;30;08/08/24;2
Vila Mariana;Parque do Ibirapuera;-23,587416;-46,657634;30;08/08/24;3
Vila Mariana;Parque do Ibirapuera;-23,587416;-46,657634;30;08/08/24;3
Vila Mariana;Parque do Ibirapuera;-23,587416;-46,657634;30;08/08/24;4
Vila Mariana;Parque do Ibirapuera;-23,587416;-46,657634;30;08/08/24;5
Vila Mariana;Parque do Ibirapuera;-23,587416;-46,657634;30;08/08/24;5
Vila Mariana;Parque do Ibirapuera;-23,587416;-46,657634;30;08/08/24;7
Vila Mariana;Parque do Ibirapuera;-23,587416;-46,657634;30;08/08/24;8
Vila Mariana;Parque do Ibirapuera;-23,587416;-46,657634;30;08/08/24;9
Vila Mariana;Parque do Ibirapuera;-23,587416;-46,657634;30;08/08/24;9
Vila Mariana;Parque do Ibirapuera;-23,587416;-46,657634;30;08/08/24;10
Vila Mariana;Parque do Ibirapuera;-23,587416;-46,657634;0;01/09/24;3
Vila Mariana;Parque do Ibirapuera;-23,587416;-46,657634;0;01/09/24;3
Vila Mariana;Parque do Ibirapuera;-23,587416;-46,657634;0;01/09/24;3
Vila Mariana;Parque do Ibirapuera;-23,587416;-46,657634;0;01/09/24;5
Vila Mariana;Parque do Ibirapuera;-23,587416;-46,657634;0;01/09/24;7
Vila Mariana;Parque do Ibirapuera;-23,587416;-46,657634;0;01/09/24;8
Vila Mariana;Parque do Ibirapuera;-23,587416;-46,657634;0;02/09/24;1
Vila Mariana;Parque do Ibirapuera;-23,587416;-46,657634;0;02/09/24;2
Vila Mariana;Parque do Ibirapuera;-23,587416;-46,657634;0;02/09/24;3
Vila Mariana;Parque do Ibirapuera;-23,587416;-46,657634;0;02/09/24;3
Vila Mariana;Parque do Ibirapuera;-23,587416;-46,657634;0;02/09/24;4
Vila Mariana;Parque do Ibirapuera;-23,587416;-46,657634;0;02/09/24;5
Vila Mariana;Parque do Ibirapuera;-23,587416;-46,657634;0;02/09/24;5
Vila Mariana;Parque do Ibirapuera;-23,587416;-46,657634;0;02/09/24;6
Vila Mariana;Parque do Ibirapuera;-23,587416;-46,657634;0;02/09/24;6
Vila Mariana;Parque do Ibirapuera;-23,587416;-46,657634;0;02/09/24;10
Vila Mariana;Parque do Ibirapuera;-23,587416;-46,657634;0;03/09/24;2
Vila Mariana;Parque do Ibirapuera;-23,587416;-46,657634;0;03/09/24;2
Vila Mariana;Parque do Ibirapuera;-23,587416;-46,657634;0;03/09/24;3
Vila Mariana;Parque do Ibirapuera;-23,587416;-46,657634;0;03/09/24;3
Vila Mariana;Parque do Ibirapuera;-23,587416;-46,657634;0;03/09/24;3
Vila Mariana;Parque do Ibirapuera;-23,587416;-46,657634;0;03/09/24;5
Vila Mariana;Parque do Ibirapuera;-23,587416;-46,657634;0;03/09/24;5
Vila Mariana;Parque do Ibirapuera;-23,587416;-46,657634;0;03/09/24;6
Vila Mariana;Parque do Ibirapuera;-23,587416;-46,657634;0;03/09/24;9
Vila Mariana;Parque do Ibirapuera;-23,587416;-46,657634;0;04/09/24;1
Vila Mariana;Parque do Ibirapuera;-23,587416;-46,657634;0;04/09/24;1
Vila Mariana;Parque do Ibirapuera;-23,587416;-46,657634;0;04/09/24;1
Vila Mariana;Parque do Ibirapuera;-23,587416;-46,657634;0;04/09/24;4
Vila Mariana;Parque do Ibirapuera;-23,587416;-46,657634;0;04/09/24;9
Vila Mariana;Parque do Ibirapuera;-23,587416;-46,657634;0;04/09/24;10
Vila Mariana;Parque do Ibirapuera;-23,587416;-46,657634;0;05/09/24;1
Vila Mariana;Parque do Ibirapuera;-23,587416;-46,657634;0;05/09/24;2
Vila Mariana;Parque do Ibirapuera;-23,587416;-46,657634;0;05/09/24;2
Vila Mariana;Parque do Ibirapuera;-23,587416;-46,657634;0;05/09/24;2
Vila Mariana;Parque do Ibirapuera;-23,587416;-46,657634;0;05/09/24;4
Vila Mariana;Parque do Ibirapuera;-23,587416;-46,657634;0;05/09/24;4
Vila Mariana;Parque do Ibirapuera;-23,587416;-46,657634;0;05/09/24;4
Vila Mariana;Parque do Ibirapuera;-23,587416;-46,657634;0;05/09/24;5
Vila Mariana;Parque do Ibirapuera;-23,587416;-46,657634;0;05/09/24;7
Vila Mariana;Parque do Ibirapuera;-23,587416;-46,657634;0;06/09/24;1
Vila Mariana;Parque do Ibirapuera;-23,587416;-46,657634;0;06/09/24;1
Vila Mariana;Parque do Ibirapuera;-23,587416;-46,657634;0;06/09/24;3
Vila Mariana;Parque do Ibirapuera;-23,587416;-46,657634;0;06/09/24;4
Vila Mariana;Parque do Ibirapuera;-23,587416;-46,657634;0;06/09/24;5
Vila Mariana;Parque do Ibirapuera;-23,587416;-46,657634;0;06/09/24;6
Vila Mariana;Parque do Ibirapuera;-23,587416;-46,657634;0;06/09/24;6
Vila Mariana;Parque do Ibirapuera;-23,587416;-46,657634;0;06/09/24;7
Vila Mariana;Parque do Ibirapuera;-23,587416;-46,657634;0;06/09/24;8
Vila Mariana;Parque do Ibirapuera;-23,587416;-46,657634;0;06/09/24;8
Vila Mariana;Parque do Ibirapuera;-23,587416;-46,657634;0;06/09/24;10
Vila Mariana;Parque do Ibirapuera;-23,587416;-46,657634;0;07/09/24;2
Vila Mariana;Parque do Ibirapuera;-23,587416;-46,657634;0;07/09/24;2
Vila Mariana;Parque do Ibirapuera;-23,587416;-46,657634;0;07/09/24;4
Vila Mariana;Parque do Ibirapuera;-23,587416;-46,657634;0;07/09/24;4
Vila Mariana;Parque do Ibirapuera;-23,587416;-46,657634;0;07/09/24;6
Vila Mariana;Parque do Ibirapuera;-23,587416;-46,657634;0;07/09/24;7
Vila Mariana;Parque do Ibirapuera;-23,587416;-46,657634;0;07/09/24;7
Vila Mariana;Parque do Ibirapuera;-23,587416;-46,657634;0;07/09/24;8
Vila Mariana;Parque do Ibirapuera;-23,587416;-46,657634;0;07/09/24;9
Vila Mariana;Parque do Ibirapuera;-23,587416;-46,657634;0;07/09/24;10
Vila Mariana;Parque do Ibirapuera;-23,587416;-46,657634;0;08/09/24;1
Vila Mariana;Parque do Ibirapuera;-23,587416;-46,657634;0;08/09/24;1
Vila Mariana;Parque do Ibirapuera;-23,587416;-46,657634;0;08/09/24;2
Vila Mariana;Parque do Ibirapuera;-23,587416;-46,657634;0;08/09/24;3
Vila Mariana;Parque do Ibirapuera;-23,587416;-46,657634;0;08/09/24;10
Vila Mariana;Parque do Ibirapuera;-23,587416;-46,657634;0;08/09/24;10
Vila Mariana;Parque do Ibirapuera;-23,587416;-46,657634;25;01/10/24;1
Vila Mariana;Parque do Ibirapuera;-23,587416;-46,657634;25;01/10/24;2
Vila Mariana;Parque do Ibirapuera;-23,587416;-46,657634;25;01/10/24;2
Vila Mariana;Parque do Ibirapuera;-23,587416;-46,657634;25;01/10/24;2
Vila Mariana;Parque do Ibirapuera;-23,587416;-46,657634;25;01/10/24;2
Vila Mariana;Parque do Ibirapuera;-23,587416;-46,657634;25;01/10/24;3
Vila Mariana;Parque do Ibirapuera;-23,587416;-46,657634;25;01/10/24;4
Vila Mariana;Parque do Ibirapuera;-23,587416;-46,657634;25;01/10/24;5
Vila Mariana;Parque do Ibirapuera;-23,587416;-46,657634;25;01/10/24;6
Vila Mariana;Parque do Ibirapuera;-23,587416;-46,657634;25;01/10/24;6
Vila Mariana;Parque do Ibirapuera;-23,587416;-46,657634;25;01/10/24;7
Vila Mariana;Parque do Ibirapuera;-23,587416;-46,657634;25;01/10/24;9
Vila Mariana;Parque do Ibirapuera;-23,587416;-46,657634;25;01/10/24;10
Vila Mariana;Parque do Ibirapuera;-23,587416;-46,657634;25;02/10/24;1
Vila Mariana;Parque do Ibirapuera;-23,587416;-46,657634;25;02/10/24;3
Vila Mariana;Parque do Ibirapuera;-23,587416;-46,657634;25;02/10/24;3
Vila Mariana;Parque do Ibirapuera;-23,587416;-46,657634;25;02/10/24;3
Vila Mariana;Parque do Ibirapuera;-23,587416;-46,657634;25;02/10/24;4
Vila Mariana;Parque do Ibirapuera;-23,587416;-46,657634;25;02/10/24;4
Vila Mariana;Parque do Ibirapuera;-23,587416;-46,657634;25;02/10/24;5
Vila Mariana;Parque do Ibirapuera;-23,587416;-46,657634;25;02/10/24;6
Vila Mariana;Parque do Ibirapuera;-23,587416;-46,657634;25;02/10/24;7
Vila Mariana;Parque do Ibirapuera;-23,587416;-46,657634;25;02/10/24;8
Vila Mariana;Parque do Ibirapuera;-23,587416;-46,657634;25;02/10/24;10
Vila Mariana;Parque do Ibirapuera;-23,587416;-46,657634;25;03/10/24;2
Vila Mariana;Parque do Ibirapuera;-23,587416;-46,657634;25;03/10/24;2
Vila Mariana;Parque do Ibirapuera;-23,587416;-46,657634;25;03/10/24;4
Vila Mariana;Parque do Ibirapuera;-23,587416;-46,657634;25;03/10/24;5
Vila Mariana;Parque do Ibirapuera;-23,587416;-46,657634;25;03/10/24;5
Vila Mariana;Parque do Ibirapuera;-23,587416;-46,657634;25;03/10/24;7
Vila Mariana;Parque do Ibirapuera;-23,587416;-46,657634;25;03/10/24;7
Vila Mariana;Parque do Ibirapuera;-23,587416;-46,657634;25;03/10/24;7
Vila Mariana;Parque do Ibirapuera;-23,587416;-46,657634;25;03/10/24;10
Vila Mariana;Parque do Ibirapuera;-23,587416;-46,657634;25;03/10/24;10
Vila Mariana;Parque do Ibirapuera;-23,587416;-46,657634;25;03/10/24;10
Vila Mariana;Parque do Ibirapuera;-23,587416;-46,657634;25;04/10/24;1
Vila Mariana;Parque do Ibirapuera;-23,587416;-46,657634;25;04/10/24;2
Vila Mariana;Parque do Ibirapuera;-23,587416;-46,657634;25;04/10/24;6
Vila Mariana;Parque do Ibirapuera;-23,587416;-46,657634;25;04/10/24;7
Vila Mariana;Parque do Ibirapuera;-23,587416;-46,657634;25;04/10/24;8
Vila Mariana;Parque do Ibirapuera;-23,587416;-46,657634;25;04/10/24;8
Vila Mariana;Parque do Ibirapuera;-23,587416;-46,657634;25;04/10/24;10
Vila Mariana;Parque do Ibirapuera;-23,587416;-46,657634;25;04/10/24;10
Vila Mariana;Parque do Ibirapuera;-23,587416;-46,657634;25;04/10/24;10
Vila Mariana;Parque do Ibirapuera;-23,587416;-46,657634;25;05/10/24;1
Vila Mariana;Parque do Ibirapuera;-23,587416;-46,657634;25;05/10/24;4
Vila Mariana;Parque do Ibirapuera;-23,587416;-46,657634;25;05/10/24;4
Vila Mariana;Parque do Ibirapuera;-23,587416;-46,657634;25;05/10/24;6
Vila Mariana;Parque do Ibirapuera;-23,587416;-46,657634;25;05/10/24;6
Vila Mariana;Parque do Ibirapuera;-23,587416;-46,657634;25;05/10/24;7
Vila Mariana;Parque do Ibirapuera;-23,587416;-46,657634;25;05/10/24;7
Vila Mariana;Parque do Ibirapuera;-23,587416;-46,657634;25;05/10/24;9
Vila Mariana;Parque do Ibirapuera;-23,587416;-46,657634;25;05/10/24;9
Vila Mariana;Parque do Ibirapuera;-23,587416;-46,657634;25;06/10/24;1
Vila Mariana;Parque do Ibirapuera;-23,587416;-46,657634;25;06/10/24;1
Vila Mariana;Parque do Ibirapuera;-23,587416;-46,657634;25;06/10/24;2
Vila Mariana;Parque do Ibirapuera;-23,587416;-46,657634;25;06/10/24;3
Vila Mariana;Parque do Ibirapuera;-23,587416;-46,657634;25;06/10/24;4
Vila Mariana;Parque do Ibirapuera;-23,587416;-46,657634;25;06/10/24;5
Vila Mariana;Parque do Ibirapuera;-23,587416;-46,657634;25;06/10/24;6
Vila Mariana;Parque do Ibirapuera;-23,587416;-46,657634;25;06/10/24;6
Vila Mariana;Parque do Ibirapuera;-23,587416;-46,657634;25;06/10/24;7
Vila Mariana;Parque do Ibirapuera;-23,587416;-46,657634;25;06/10/24;7
Vila Mariana;Parque do Ibirapuera;-23,587416;-46,657634;25;06/10/24;7
Vila Mariana;Parque do Ibirapuera;-23,587416;-46,657634;25;06/10/24;8
Vila Mariana;Parque do Ibirapuera;-23,587416;-46,657634;25;07/10/24;3
Vila Mariana;Parque do Ibirapuera;-23,587416;-46,657634;25;07/10/24;3
Vila Mariana;Parque do Ibirapuera;-23,587416;-46,657634;25;07/10/24;5
Vila Mariana;Parque do Ibirapuera;-23,587416;-46,657634;25;07/10/24;8
Vila Mariana;Parque do Ibirapuera;-23,587416;-46,657634;25;07/10/24;8
Vila Mariana;Parque do Ibirapuera;-23,587416;-46,657634;25;07/10/24;8
Vila Mariana;Parque do Ibirapuera;-23,587416;-46,657634;25;07/10/24;9
Vila Mariana;Parque do Ibirapuera;-23,587416;-46,657634;25;07/10/24;9
Vila Mariana;Parque do Ibirapuera;-23,587416;-46,657634;25;07/10/24;10
Vila Mariana;Parque do Ibirapuera;-23,587416;-46,657634;25;08/10/24;1
Vila Mariana;Parque do Ibirapuera;-23,587416;-46,657634;25;08/10/24;1
Vila Mariana;Parque do Ibirapuera;-23,587416;-46,657634;25;08/10/24;2
Vila Mariana;Parque do Ibirapuera;-23,587416;-46,657634;25;08/10/24;2
Vila Mariana;Parque do Ibirapuera;-23,587416;-46,657634;25;08/10/24;3
Vila Mariana;Parque do Ibirapuera;-23,587416;-46,657634;25;08/10/24;4
Vila Mariana;Parque do Ibirapuera;-23,587416;-46,657634;25;08/10/24;5
Vila Mariana;Parque do Ibirapuera;-23,587416;-46,657634;25;08/10/24;5
Vila Mariana;Parque do Ibirapuera;-23,587416;-46,657634;25;08/10/24;7
Vila Mariana;Parque do Ibirapuera;-23,587416;-46,657634;25;08/10/24;9
Vila Mariana;Parque do Ibirapuera;-23,587416;-46,657634;25;08/10/24;10
Vila Mariana;Parque do Ibirapuera;-23,587416;-46,657634;35;01/11/24;1
Vila Mariana;Parque do Ibirapuera;-23,587416;-46,657634;35;01/11/24;1
Vila Mariana;Parque do Ibirapuera;-23,587416;-46,657634;35;01/11/24;2
Vila Mariana;Parque do Ibirapuera;-23,587416;-46,657634;35;01/11/24;3
Vila Mariana;Parque do Ibirapuera;-23,587416;-46,657634;35;01/11/24;4
Vila Mariana;Parque do Ibirapuera;-23,587416;-46,657634;35;01/11/24;4
Vila Mariana;Parque do Ibirapuera;-23,587416;-46,657634;35;01/11/24;4
Vila Mariana;Parque do Ibirapuera;-23,587416;-46,657634;35;01/11/24;5
Vila Mariana;Parque do Ibirapuera;-23,587416;-46,657634;35;01/11/24;8
Vila Mariana;Parque do Ibirapuera;-23,587416;-46,657634;35;01/11/24;10
Vila Mariana;Parque do Ibirapuera;-23,587416;-46,657634;35;02/11/24;2
Vila Mariana;Parque do Ibirapuera;-23,587416;-46,657634;35;02/11/24;4
Vila Mariana;Parque do Ibirapuera;-23,587416;-46,657634;35;02/11/24;4
Vila Mariana;Parque do Ibirapuera;-23,587416;-46,657634;35;02/11/24;4
Vila Mariana;Parque do Ibirapuera;-23,587416;-46,657634;35;02/11/24;5
Vila Mariana;Parque do Ibirapuera;-23,587416;-46,657634;35;02/11/24;5
Vila Mariana;Parque do Ibirapuera;-23,587416;-46,657634;35;02/11/24;7
Vila Mariana;Parque do Ibirapuera;-23,587416;-46,657634;35;02/11/24;9
Vila Mariana;Parque do Ibirapuera;-23,587416;-46,657634;35;03/11/24;3
Vila Mariana;Parque do Ibirapuera;-23,587416;-46,657634;35;03/11/24;5
Vila Mariana;Parque do Ibirapuera;-23,587416;-46,657634;35;03/11/24;7
Vila Mariana;Parque do Ibirapuera;-23,587416;-46,657634;35;03/11/24;8
Vila Mariana;Parque do Ibirapuera;-23,587416;-46,657634;35;03/11/24;8
Vila Mariana;Parque do Ibirapuera;-23,587416;-46,657634;35;03/11/24;9
Vila Mariana;Parque do Ibirapuera;-23,587416;-46,657634;35;03/11/24;10
Vila Mariana;Parque do Ibirapuera;-23,587416;-46,657634;35;03/11/24;10
Vila Mariana;Parque do Ibirapuera;-23,587416;-46,657634;35;04/11/24;3
Vila Mariana;Parque do Ibirapuera;-23,587416;-46,657634;35;04/11/24;3
Vila Mariana;Parque do Ibirapuera;-23,587416;-46,657634;35;04/11/24;9
Vila Mariana;Parque do Ibirapuera;-23,587416;-46,657634;35;04/11/24;9
Vila Mariana;Parque do Ibirapuera;-23,587416;-46,657634;35;05/11/24;2
Vila Mariana;Parque do Ibirapuera;-23,587416;-46,657634;35;05/11/24;3
Vila Mariana;Parque do Ibirapuera;-23,587416;-46,657634;35;05/11/24;5
Vila Mariana;Parque do Ibirapuera;-23,587416;-46,657634;35;05/11/24;9
Vila Mariana;Parque do Ibirapuera;-23,587416;-46,657634;35;05/11/24;10
Vila Mariana;Parque do Ibirapuera;-23,587416;-46,657634;35;05/11/24;10
Vila Mariana;Parque do Ibirapuera;-23,587416;-46,657634;35;06/11/24;3
Vila Mariana;Parque do Ibirapuera;-23,587416;-46,657634;35;06/11/24;3
Vila Mariana;Parque do Ibirapuera;-23,587416;-46,657634;35;06/11/24;5
Vila Mariana;Parque do Ibirapuera;-23,587416;-46,657634;35;06/11/24;9
Vila Mariana;Parque do Ibirapuera;-23,587416;-46,657634;35;07/11/24;3
Vila Mariana;Parque do Ibirapuera;-23,587416;-46,657634;35;07/11/24;3
Vila Mariana;Parque do Ibirapuera;-23,587416;-46,657634;35;07/11/24;3
Vila Mariana;Parque do Ibirapuera;-23,587416;-46,657634;35;07/11/24;3
Vila Mariana;Parque do Ibirapuera;-23,587416;-46,657634;35;07/11/24;7
Vila Mariana;Parque do Ibirapuera;-23,587416;-46,657634;35;07/11/24;8
Vila Mariana;Parque do Ibirapuera;-23,587416;-46,657634;35;07/11/24;8
Vila Mariana;Parque do Ibirapuera;-23,587416;-46,657634;35;07/11/24;10
Vila Mariana;Parque do Ibirapuera;-23,587416;-46,657634;35;08/11/24;1
Vila Mariana;Parque do Ibirapuera;-23,587416;-46,657634;35;08/11/24;2
Vila Mariana;Parque do Ibirapuera;-23,587416;-46,657634;35;08/11/24;5
Vila Mariana;Parque do Ibirapuera;-23,587416;-46,657634;35;08/11/24;8
Vila Mariana;Parque do Ibirapuera;-23,587416;-46,657634;40;01/12/24;1
Vila Mariana;Parque do Ibirapuera;-23,587416;-46,657634;40;01/12/24;2
Vila Mariana;Parque do Ibirapuera;-23,587416;-46,657634;40;01/12/24;3
Vila Mariana;Parque do Ibirapuera;-23,587416;-46,657634;40;01/12/24;3
Vila Mariana;Parque do Ibirapuera;-23,587416;-46,657634;40;01/12/24;4
Vila Mariana;Parque do Ibirapuera;-23,587416;-46,657634;40;01/12/24;4
Vila Mariana;Parque do Ibirapuera;-23,587416;-46,657634;40;01/12/24;4
Vila Mariana;Parque do Ibirapuera;-23,587416;-46,657634;40;01/12/24;4
Vila Mariana;Parque do Ibirapuera;-23,587416;-46,657634;40;01/12/24;6
Vila Mariana;Parque do Ibirapuera;-23,587416;-46,657634;40;01/12/24;9
Vila Mariana;Parque do Ibirapuera;-23,587416;-46,657634;40;01/12/24;9
Vila Mariana;Parque do Ibirapuera;-23,587416;-46,657634;40;02/12/24;1
Vila Mariana;Parque do Ibirapuera;-23,587416;-46,657634;40;02/12/24;2
Vila Mariana;Parque do Ibirapuera;-23,587416;-46,657634;40;02/12/24;3
Vila Mariana;Parque do Ibirapuera;-23,587416;-46,657634;40;02/12/24;3
Vila Mariana;Parque do Ibirapuera;-23,587416;-46,657634;40;02/12/24;4
Vila Mariana;Parque do Ibirapuera;-23,587416;-46,657634;40;02/12/24;5
Vila Mariana;Parque do Ibirapuera;-23,587416;-46,657634;40;02/12/24;5
Vila Mariana;Parque do Ibirapuera;-23,587416;-46,657634;40;02/12/24;7
Vila Mariana;Parque do Ibirapuera;-23,587416;-46,657634;40;02/12/24;7
Vila Mariana;Parque do Ibirapuera;-23,587416;-46,657634;40;02/12/24;8
Vila Mariana;Parque do Ibirapuera;-23,587416;-46,657634;40;02/12/24;8
Vila Mariana;Parque do Ibirapuera;-23,587416;-46,657634;40;02/12/24;9
Vila Mariana;Parque do Ibirapuera;-23,587416;-46,657634;40;03/12/24;1
Vila Mariana;Parque do Ibirapuera;-23,587416;-46,657634;40;03/12/24;1
Vila Mariana;Parque do Ibirapuera;-23,587416;-46,657634;40;03/12/24;1
Vila Mariana;Parque do Ibirapuera;-23,587416;-46,657634;40;03/12/24;3
Vila Mariana;Parque do Ibirapuera;-23,587416;-46,657634;40;03/12/24;3
Vila Mariana;Parque do Ibirapuera;-23,587416;-46,657634;40;03/12/24;4
Vila Mariana;Parque do Ibirapuera;-23,587416;-46,657634;40;03/12/24;4
Vila Mariana;Parque do Ibirapuera;-23,587416;-46,657634;40;03/12/24;5
Vila Mariana;Parque do Ibirapuera;-23,587416;-46,657634;40;03/12/24;6
Vila Mariana;Parque do Ibirapuera;-23,587416;-46,657634;40;03/12/24;8
Vila Mariana;Parque do Ibirapuera;-23,587416;-46,657634;40;03/12/24;8
Vila Mariana;Parque do Ibirapuera;-23,587416;-46,657634;40;03/12/24;8
Vila Mariana;Parque do Ibirapuera;-23,587416;-46,657634;40;03/12/24;9
Vila Mariana;Parque do Ibirapuera;-23,587416;-46,657634;40;03/12/24;9
Vila Mariana;Parque do Ibirapuera;-23,587416;-46,657634;40;04/12/24;1
Vila Mariana;Parque do Ibirapuera;-23,587416;-46,657634;40;04/12/24;2
Vila Mariana;Parque do Ibirapuera;-23,587416;-46,657634;40;04/12/24;3
Vila Mariana;Parque do Ibirapuera;-23,587416;-46,657634;40;04/12/24;6
Vila Mariana;Parque do Ibirapuera;-23,587416;-46,657634;40;04/12/24;7
Vila Mariana;Parque do Ibirapuera;-23,587416;-46,657634;40;05/12/24;1
Vila Mariana;Parque do Ibirapuera;-23,587416;-46,657634;40;05/12/24;2
Vila Mariana;Parque do Ibirapuera;-23,587416;-46,657634;40;05/12/24;4
Vila Mariana;Parque do Ibirapuera;-23,587416;-46,657634;40;05/12/24;5
Vila Mariana;Parque do Ibirapuera;-23,587416;-46,657634;40;05/12/24;6
Vila Mariana;Parque do Ibirapuera;-23,587416;-46,657634;40;05/12/24;7
Vila Mariana;Parque do Ibirapuera;-23,587416;-46,657634;40;05/12/24;8
Vila Mariana;Parque do Ibirapuera;-23,587416;-46,657634;40;05/12/24;8
Vila Mariana;Parque do Ibirapuera;-23,587416;-46,657634;40;05/12/24;9
Vila Mariana;Parque do Ibirapuera;-23,587416;-46,657634;40;05/12/24;9
Vila Mariana;Parque do Ibirapuera;-23,587416;-46,657634;40;06/12/24;1
Vila Mariana;Parque do Ibirapuera;-23,587416;-46,657634;40;06/12/24;2
Vila Mariana;Parque do Ibirapuera;-23,587416;-46,657634;40;06/12/24;2
Vila Mariana;Parque do Ibirapuera;-23,587416;-46,657634;40;06/12/24;3
Vila Mariana;Parque do Ibirapuera;-23,587416;-46,657634;40;06/12/24;5
Vila Mariana;Parque do Ibirapuera;-23,587416;-46,657634;40;06/12/24;5
Vila Mariana;Parque do Ibirapuera;-23,587416;-46,657634;40;07/12/24;2
Vila Mariana;Parque do Ibirapuera;-23,587416;-46,657634;40;07/12/24;2
Vila Mariana;Parque do Ibirapuera;-23,587416;-46,657634;40;07/12/24;2
Vila Mariana;Parque do Ibirapuera;-23,587416;-46,657634;40;07/12/24;3
Vila Mariana;Parque do Ibirapuera;-23,587416;-46,657634;40;07/12/24;4
Vila Mariana;Parque do Ibirapuera;-23,587416;-46,657634;40;07/12/24;8
Vila Mariana;Parque do Ibirapuera;-23,587416;-46,657634;40;07/12/24;8
Vila Mariana;Parque do Ibirapuera;-23,587416;-46,657634;40;07/12/24;9
Vila Mariana;Parque do Ibirapuera;-23,587416;-46,657634;40;08/12/24;1
Vila Mariana;Parque do Ibirapuera;-23,587416;-46,657634;40;08/12/24;2
Vila Mariana;Parque do Ibirapuera;-23,587416;-46,657634;40;08/12/24;2
Vila Mariana;Parque do Ibirapuera;-23,587416;-46,657634;40;08/12/24;2
Vila Mariana;Parque do Ibirapuera;-23,587416;-46,657634;40;08/12/24;5
Vila Mariana;Parque do Ibirapuera;-23,587416;-46,657634;40;08/12/24;5
Vila Mariana;Parque do Ibirapuera;-23,587416;-46,657634;40;08/12/24;6
Vila Mariana;Parque do Ibirapuera;-23,587416;-46,657634;40;08/12/24;8
Vila Mariana;Parque do Ibirapuera;-23,587416;-46,657634;40;08/12/24;8
Vila Mariana;Parque do Ibirapuera;-23,587416;-46,657634;40;08/12/24;10
Vila Mariana;Parque do Ibirapuera;-23,587416;-46,657634;30;01/01/25;1
Vila Mariana;Parque do Ibirapuera;-23,587416;-46,657634;30;01/01/25;1
Vila Mariana;Parque do Ibirapuera;-23,587416;-46,657634;30;01/01/25;1
Vila Mariana;Parque do Ibirapuera;-23,587416;-46,657634;30;01/01/25;2
Vila Mariana;Parque do Ibirapuera;-23,587416;-46,657634;30;01/01/25;3
Vila Mariana;Parque do Ibirapuera;-23,587416;-46,657634;30;01/01/25;5
Vila Mariana;Parque do Ibirapuera;-23,587416;-46,657634;30;01/01/25;6
Vila Mariana;Parque do Ibirapuera;-23,587416;-46,657634;30;01/01/25;6
Vila Mariana;Parque do Ibirapuera;-23,587416;-46,657634;30;01/01/25;7
Vila Mariana;Parque do Ibirapuera;-23,587416;-46,657634;30;01/01/25;8
Vila Mariana;Parque do Ibirapuera;-23,587416;-46,657634;30;01/01/25;8
Vila Mariana;Parque do Ibirapuera;-23,587416;-46,657634;30;01/01/25;9
Vila Mariana;Parque do Ibirapuera;-23,587416;-46,657634;30;01/01/25;9
Vila Mariana;Parque do Ibirapuera;-23,587416;-46,657634;30;02/01/25;1
Vila Mariana;Parque do Ibirapuera;-23,587416;-46,657634;30;02/01/25;1
Vila Mariana;Parque do Ibirapuera;-23,587416;-46,657634;30;02/01/25;2
Vila Mariana;Parque do Ibirapuera;-23,587416;-46,657634;30;02/01/25;2
Vila Mariana;Parque do Ibirapuera;-23,587416;-46,657634;30;02/01/25;3
Vila Mariana;Parque do Ibirapuera;-23,587416;-46,657634;30;02/01/25;3
Vila Mariana;Parque do Ibirapuera;-23,587416;-46,657634;30;02/01/25;3
Vila Mariana;Parque do Ibirapuera;-23,587416;-46,657634;30;02/01/25;4
Vila Mariana;Parque do Ibirapuera;-23,587416;-46,657634;30;02/01/25;4
Vila Mariana;Parque do Ibirapuera;-23,587416;-46,657634;30;02/01/25;4
Vila Mariana;Parque do Ibirapuera;-23,587416;-46,657634;30;02/01/25;6
Vila Mariana;Parque do Ibirapuera;-23,587416;-46,657634;30;02/01/25;6
Vila Mariana;Parque do Ibirapuera;-23,587416;-46,657634;30;02/01/25;6
Vila Mariana;Parque do Ibirapuera;-23,587416;-46,657634;30;02/01/25;7
Vila Mariana;Parque do Ibirapuera;-23,587416;-46,657634;30;02/01/25;8
Vila Mariana;Parque do Ibirapuera;-23,587416;-46,657634;30;02/01/25;8
Vila Mariana;Parque do Ibirapuera;-23,587416;-46,657634;30;02/01/25;8
Vila Mariana;Parque do Ibirapuera;-23,587416;-46,657634;30;02/01/25;8
Vila Mariana;Parque do Ibirapuera;-23,587416;-46,657634;30;02/01/25;9
Vila Mariana;Parque do Ibirapuera;-23,587416;-46,657634;30;02/01/25;9
Vila Mariana;Parque do Ibirapuera;-23,587416;-46,657634;30;02/01/25;10
Vila Mariana;Parque do Ibirapuera;-23,587416;-46,657634;30;02/01/25;10
Vila Mariana;Parque do Ibirapuera;-23,587416;-46,657634;30;02/01/25;10
Vila Mariana;Parque do Ibirapuera;-23,587416;-46,657634;30;02/01/25;10
Vila Mariana;Parque do Ibirapuera;-23,587416;-46,657634;30;03/01/25;1
Vila Mariana;Parque do Ibirapuera;-23,587416;-46,657634;30;03/01/25;1
Vila Mariana;Parque do Ibirapuera;-23,587416;-46,657634;30;03/01/25;2
Vila Mariana;Parque do Ibirapuera;-23,587416;-46,657634;30;03/01/25;2
Vila Mariana;Parque do Ibirapuera;-23,587416;-46,657634;30;03/01/25;3
Vila Mariana;Parque do Ibirapuera;-23,587416;-46,657634;30;03/01/25;4
Vila Mariana;Parque do Ibirapuera;-23,587416;-46,657634;30;03/01/25;4
Vila Mariana;Parque do Ibirapuera;-23,587416;-46,657634;30;03/01/25;7
Vila Mariana;Parque do Ibirapuera;-23,587416;-46,657634;30;03/01/25;8
Vila Mariana;Parque do Ibirapuera;-23,587416;-46,657634;30;03/01/25;9
Vila Mariana;Parque do Ibirapuera;-23,587416;-46,657634;30;03/01/25;9
Vila Mariana;Parque do Ibirapuera;-23,587416;-46,657634;30;04/01/25;2
Vila Mariana;Parque do Ibirapuera;-23,587416;-46,657634;30;04/01/25;4
Vila Mariana;Parque do Ibirapuera;-23,587416;-46,657634;30;04/01/25;5
Vila Mariana;Parque do Ibirapuera;-23,587416;-46,657634;30;04/01/25;5
Vila Mariana;Parque do Ibirapuera;-23,587416;-46,657634;30;04/01/25;5
Vila Mariana;Parque do Ibirapuera;-23,587416;-46,657634;30;04/01/25;6
Vila Mariana;Parque do Ibirapuera;-23,587416;-46,657634;30;04/01/25;8
Vila Mariana;Parque do Ibirapuera;-23,587416;-46,657634;30;04/01/25;8
Vila Mariana;Parque do Ibirapuera;-23,587416;-46,657634;30;04/01/25;8
Vila Mariana;Parque do Ibirapuera;-23,587416;-46,657634;30;04/01/25;8
Vila Mariana;Parque do Ibirapuera;-23,587416;-46,657634;30;04/01/25;10
Vila Mariana;Parque do Ibirapuera;-23,587416;-46,657634;30;05/01/25;1
Vila Mariana;Parque do Ibirapuera;-23,587416;-46,657634;30;05/01/25;1
Vila Mariana;Parque do Ibirapuera;-23,587416;-46,657634;30;05/01/25;2
Vila Mariana;Parque do Ibirapuera;-23,587416;-46,657634;30;05/01/25;2
Vila Mariana;Parque do Ibirapuera;-23,587416;-46,657634;30;05/01/25;3
Vila Mariana;Parque do Ibirapuera;-23,587416;-46,657634;30;05/01/25;5
Vila Mariana;Parque do Ibirapuera;-23,587416;-46,657634;30;05/01/25;6
Vila Mariana;Parque do Ibirapuera;-23,587416;-46,657634;30;05/01/25;6
Vila Mariana;Parque do Ibirapuera;-23,587416;-46,657634;30;05/01/25;7
Vila Mariana;Parque do Ibirapuera;-23,587416;-46,657634;30;05/01/25;8
Vila Mariana;Parque do Ibirapuera;-23,587416;-46,657634;30;05/01/25;8
Vila Mariana;Parque do Ibirapuera;-23,587416;-46,657634;30;05/01/25;8
Vila Mariana;Parque do Ibirapuera;-23,587416;-46,657634;30;06/01/25;1
Vila Mariana;Parque do Ibirapuera;-23,587416;-46,657634;30;06/01/25;1
Vila Mariana;Parque do Ibirapuera;-23,587416;-46,657634;30;06/01/25;1
Vila Mariana;Parque do Ibirapuera;-23,587416;-46,657634;30;06/01/25;1
Vila Mariana;Parque do Ibirapuera;-23,587416;-46,657634;30;06/01/25;2
Vila Mariana;Parque do Ibirapuera;-23,587416;-46,657634;30;06/01/25;2
Vila Mariana;Parque do Ibirapuera;-23,587416;-46,657634;30;06/01/25;2
Vila Mariana;Parque do Ibirapuera;-23,587416;-46,657634;30;06/01/25;5
Vila Mariana;Parque do Ibirapuera;-23,587416;-46,657634;30;06/01/25;5
Vila Mariana;Parque do Ibirapuera;-23,587416;-46,657634;30;06/01/25;6
Vila Mariana;Parque do Ibirapuera;-23,587416;-46,657634;30;06/01/25;7
Vila Mariana;Parque do Ibirapuera;-23,587416;-46,657634;30;06/01/25;7
Vila Mariana;Parque do Ibirapuera;-23,587416;-46,657634;30;06/01/25;8
Vila Mariana;Parque do Ibirapuera;-23,587416;-46,657634;30;06/01/25;9
Vila Mariana;Parque do Ibirapuera;-23,587416;-46,657634;30;06/01/25;10
Vila Mariana;Parque do Ibirapuera;-23,587416;-46,657634;30;06/01/25;10
Vila Mariana;Parque do Ibirapuera;-23,587416;-46,657634;30;07/01/25;1
Vila Mariana;Parque do Ibirapuera;-23,587416;-46,657634;30;07/01/25;2
Vila Mariana;Parque do Ibirapuera;-23,587416;-46,657634;30;07/01/25;3
Vila Mariana;Parque do Ibirapuera;-23,587416;-46,657634;30;07/01/25;4
Vila Mariana;Parque do Ibirapuera;-23,587416;-46,657634;30;07/01/25;7
Vila Mariana;Parque do Ibirapuera;-23,587416;-46,657634;30;07/01/25;8
Vila Mariana;Parque do Ibirapuera;-23,587416;-46,657634;30;07/01/25;10
Vila Mariana;Parque do Ibirapuera;-23,587416;-46,657634;30;08/01/25;3
Vila Mariana;Parque do Ibirapuera;-23,587416;-46,657634;30;08/01/25;3
Vila Mariana;Parque do Ibirapuera;-23,587416;-46,657634;30;08/01/25;3
Vila Mariana;Parque do Ibirapuera;-23,587416;-46,657634;30;08/01/25;3
Vila Mariana;Parque do Ibirapuera;-23,587416;-46,657634;30;08/01/25;3
Vila Mariana;Parque do Ibirapuera;-23,587416;-46,657634;30;08/01/25;5
Vila Mariana;Parque do Ibirapuera;-23,587416;-46,657634;30;08/01/25;6
Vila Mariana;Parque do Ibirapuera;-23,587416;-46,657634;30;08/01/25;6
Vila Mariana;Parque do Ibirapuera;-23,587416;-46,657634;30;08/01/25;6
Vila Mariana;Parque do Ibirapuera;-23,587416;-46,657634;30;08/01/25;8
Vila Mariana;Parque do Ibirapuera;-23,587416;-46,657634;30;08/01/25;8
Vila Mariana;Parque do Ibirapuera;-23,587416;-46,657634;30;08/01/25;9
Vila Mariana;Parque do Ibirapuera;-23,587416;-46,657634;30;08/01/25;9
Vila Mariana;Parque do Ibirapuera;-23,587416;-46,657634;30;08/01/25;9
Vila Mariana;Parque do Ibirapuera;-23,587416;-46,657634;0;01/02/25;3
Vila Mariana;Parque do Ibirapuera;-23,587416;-46,657634;0;01/02/25;3
Vila Mariana;Parque do Ibirapuera;-23,587416;-46,657634;0;01/02/25;4
Vila Mariana;Parque do Ibirapuera;-23,587416;-46,657634;0;01/02/25;5
Vila Mariana;Parque do Ibirapuera;-23,587416;-46,657634;0;01/02/25;5
Vila Mariana;Parque do Ibirapuera;-23,587416;-46,657634;0;01/02/25;6
Vila Mariana;Parque do Ibirapuera;-23,587416;-46,657634;0;01/02/25;8
Vila Mariana;Parque do Ibirapuera;-23,587416;-46,657634;0;01/02/25;9
Vila Mariana;Parque do Ibirapuera;-23,587416;-46,657634;0;01/02/25;10
Vila Mariana;Parque do Ibirapuera;-23,587416;-46,657634;0;02/02/25;1
Vila Mariana;Parque do Ibirapuera;-23,587416;-46,657634;0;02/02/25;2
Vila Mariana;Parque do Ibirapuera;-23,587416;-46,657634;0;02/02/25;3
Vila Mariana;Parque do Ibirapuera;-23,587416;-46,657634;0;02/02/25;5
Vila Mariana;Parque do Ibirapuera;-23,587416;-46,657634;0;02/02/25;5
Vila Mariana;Parque do Ibirapuera;-23,587416;-46,657634;0;02/02/25;6
Vila Mariana;Parque do Ibirapuera;-23,587416;-46,657634;0;02/02/25;6
Vila Mariana;Parque do Ibirapuera;-23,587416;-46,657634;0;02/02/25;6
Vila Mariana;Parque do Ibirapuera;-23,587416;-46,657634;0;02/02/25;6
Vila Mariana;Parque do Ibirapuera;-23,587416;-46,657634;0;02/02/25;8
Vila Mariana;Parque do Ibirapuera;-23,587416;-46,657634;0;02/02/25;8
Vila Mariana;Parque do Ibirapuera;-23,587416;-46,657634;0;02/02/25;9
Vila Mariana;Parque do Ibirapuera;-23,587416;-46,657634;0;02/02/25;9
Vila Mariana;Parque do Ibirapuera;-23,587416;-46,657634;0;02/02/25;10
Vila Mariana;Parque do Ibirapuera;-23,587416;-46,657634;0;03/02/25;2
Vila Mariana;Parque do Ibirapuera;-23,587416;-46,657634;0;03/02/25;2
Vila Mariana;Parque do Ibirapuera;-23,587416;-46,657634;0;03/02/25;2
Vila Mariana;Parque do Ibirapuera;-23,587416;-46,657634;0;03/02/25;3
Vila Mariana;Parque do Ibirapuera;-23,587416;-46,657634;0;03/02/25;3
Vila Mariana;Parque do Ibirapuera;-23,587416;-46,657634;0;03/02/25;4
Vila Mariana;Parque do Ibirapuera;-23,587416;-46,657634;0;03/02/25;4
Vila Mariana;Parque do Ibirapuera;-23,587416;-46,657634;0;03/02/25;4
Vila Mariana;Parque do Ibirapuera;-23,587416;-46,657634;0;03/02/25;5
Vila Mariana;Parque do Ibirapuera;-23,587416;-46,657634;0;03/02/25;5
Vila Mariana;Parque do Ibirapuera;-23,587416;-46,657634;0;03/02/25;7
Vila Mariana;Parque do Ibirapuera;-23,587416;-46,657634;0;03/02/25;7
Vila Mariana;Parque do Ibirapuera;-23,587416;-46,657634;0;03/02/25;7
Vila Mariana;Parque do Ibirapuera;-23,587416;-46,657634;0;03/02/25;8
Vila Mariana;Parque do Ibirapuera;-23,587416;-46,657634;0;03/02/25;8
Vila Mariana;Parque do Ibirapuera;-23,587416;-46,657634;0;03/02/25;8
Vila Mariana;Parque do Ibirapuera;-23,587416;-46,657634;0;03/02/25;9
Vila Mariana;Parque do Ibirapuera;-23,587416;-46,657634;0;03/02/25;10
Vila Mariana;Parque do Ibirapuera;-23,587416;-46,657634;0;03/02/25;10
Vila Mariana;Parque do Ibirapuera;-23,587416;-46,657634;0;03/02/25;10
Vila Mariana;Parque do Ibirapuera;-23,587416;-46,657634;0;04/02/25;1
Vila Mariana;Parque do Ibirapuera;-23,587416;-46,657634;0;04/02/25;1
Vila Mariana;Parque do Ibirapuera;-23,587416;-46,657634;0;04/02/25;2
Vila Mariana;Parque do Ibirapuera;-23,587416;-46,657634;0;04/02/25;2
Vila Mariana;Parque do Ibirapuera;-23,587416;-46,657634;0;04/02/25;3
Vila Mariana;Parque do Ibirapuera;-23,587416;-46,657634;0;04/02/25;3
Vila Mariana;Parque do Ibirapuera;-23,587416;-46,657634;0;04/02/25;4
Vila Mariana;Parque do Ibirapuera;-23,587416;-46,657634;0;04/02/25;4
Vila Mariana;Parque do Ibirapuera;-23,587416;-46,657634;0;04/02/25;5
Vila Mariana;Parque do Ibirapuera;-23,587416;-46,657634;0;04/02/25;5
Vila Mariana;Parque do Ibirapuera;-23,587416;-46,657634;0;04/02/25;7
Vila Mariana;Parque do Ibirapuera;-23,587416;-46,657634;0;04/02/25;8
Vila Mariana;Parque do Ibirapuera;-23,587416;-46,657634;0;04/02/25;9
Vila Mariana;Parque do Ibirapuera;-23,587416;-46,657634;0;04/02/25;10
Vila Mariana;Parque do Ibirapuera;-23,587416;-46,657634;0;04/02/25;10
Vila Mariana;Parque do Ibirapuera;-23,587416;-46,657634;0;04/02/25;10
Vila Mariana;Parque do Ibirapuera;-23,587416;-46,657634;0;04/02/25;10
Vila Mariana;Parque do Ibirapuera;-23,587416;-46,657634;0;05/02/25;1
Vila Mariana;Parque do Ibirapuera;-23,587416;-46,657634;0;05/02/25;2
Vila Mariana;Parque do Ibirapuera;-23,587416;-46,657634;0;05/02/25;3
Vila Mariana;Parque do Ibirapuera;-23,587416;-46,657634;0;05/02/25;3
Vila Mariana;Parque do Ibirapuera;-23,587416;-46,657634;0;05/02/25;4
Vila Mariana;Parque do Ibirapuera;-23,587416;-46,657634;0;05/02/25;6
Vila Mariana;Parque do Ibirapuera;-23,587416;-46,657634;0;05/02/25;6
Vila Mariana;Parque do Ibirapuera;-23,587416;-46,657634;0;05/02/25;9
Vila Mariana;Parque do Ibirapuera;-23,587416;-46,657634;0;06/02/25;1
Vila Mariana;Parque do Ibirapuera;-23,587416;-46,657634;0;06/02/25;2
Vila Mariana;Parque do Ibirapuera;-23,587416;-46,657634;0;06/02/25;4
Vila Mariana;Parque do Ibirapuera;-23,587416;-46,657634;0;06/02/25;5
Vila Mariana;Parque do Ibirapuera;-23,587416;-46,657634;0;06/02/25;5
Vila Mariana;Parque do Ibirapuera;-23,587416;-46,657634;0;06/02/25;5
Vila Mariana;Parque do Ibirapuera;-23,587416;-46,657634;0;06/02/25;6
Vila Mariana;Parque do Ibirapuera;-23,587416;-46,657634;0;06/02/25;7
Vila Mariana;Parque do Ibirapuera;-23,587416;-46,657634;0;06/02/25;8
Vila Mariana;Parque do Ibirapuera;-23,587416;-46,657634;0;06/02/25;8
Vila Mariana;Parque do Ibirapuera;-23,587416;-46,657634;0;06/02/25;8
Vila Mariana;Parque do Ibirapuera;-23,587416;-46,657634;0;06/02/25;8
Vila Mariana;Parque do Ibirapuera;-23,587416;-46,657634;0;06/02/25;10
Vila Mariana;Parque do Ibirapuera;-23,587416;-46,657634;0;07/02/25;1
Vila Mariana;Parque do Ibirapuera;-23,587416;-46,657634;0;07/02/25;1
Vila Mariana;Parque do Ibirapuera;-23,587416;-46,657634;0;07/02/25;1
Vila Mariana;Parque do Ibirapuera;-23,587416;-46,657634;0;07/02/25;2
Vila Mariana;Parque do Ibirapuera;-23,587416;-46,657634;0;07/02/25;2
Vila Mariana;Parque do Ibirapuera;-23,587416;-46,657634;0;07/02/25;3
Vila Mariana;Parque do Ibirapuera;-23,587416;-46,657634;0;07/02/25;3
Vila Mariana;Parque do Ibirapuera;-23,587416;-46,657634;0;07/02/25;3
Vila Mariana;Parque do Ibirapuera;-23,587416;-46,657634;0;07/02/25;3
Vila Mariana;Parque do Ibirapuera;-23,587416;-46,657634;0;07/02/25;4
Vila Mariana;Parque do Ibirapuera;-23,587416;-46,657634;0;07/02/25;4
Vila Mariana;Parque do Ibirapuera;-23,587416;-46,657634;0;07/02/25;4
Vila Mariana;Parque do Ibirapuera;-23,587416;-46,657634;0;07/02/25;4
Vila Mariana;Parque do Ibirapuera;-23,587416;-46,657634;0;07/02/25;5
Vila Mariana;Parque do Ibirapuera;-23,587416;-46,657634;0;07/02/25;6
Vila Mariana;Parque do Ibirapuera;-23,587416;-46,657634;0;07/02/25;6
Vila Mariana;Parque do Ibirapuera;-23,587416;-46,657634;0;07/02/25;6
Vila Mariana;Parque do Ibirapuera;-23,587416;-46,657634;0;07/02/25;6
Vila Mariana;Parque do Ibirapuera;-23,587416;-46,657634;0;07/02/25;6
Vila Mariana;Parque do Ibirapuera;-23,587416;-46,657634;0;07/02/25;8
Vila Mariana;Parque do Ibirapuera;-23,587416;-46,657634;0;07/02/25;8
Vila Mariana;Parque do Ibirapuera;-23,587416;-46,657634;0;07/02/25;9
Vila Mariana;Parque do Ibirapuera;-23,587416;-46,657634;0;07/02/25;9
Vila Mariana;Parque do Ibirapuera;-23,587416;-46,657634;0;07/02/25;10
Vila Mariana;Parque do Ibirapuera;-23,587416;-46,657634;0;07/02/25;10
Vila Mariana;Parque do Ibirapuera;-23,587416;-46,657634;0;08/02/25;1
Vila Mariana;Parque do Ibirapuera;-23,587416;-46,657634;0;08/02/25;1
Vila Mariana;Parque do Ibirapuera;-23,587416;-46,657634;0;08/02/25;2
Vila Mariana;Parque do Ibirapuera;-23,587416;-46,657634;0;08/02/25;4
Vila Mariana;Parque do Ibirapuera;-23,587416;-46,657634;0;08/02/25;4
Vila Mariana;Parque do Ibirapuera;-23,587416;-46,657634;0;08/02/25;4
Vila Mariana;Parque do Ibirapuera;-23,587416;-46,657634;0;08/02/25;4
Vila Mariana;Parque do Ibirapuera;-23,587416;-46,657634;0;08/02/25;5
Vila Mariana;Parque do Ibirapuera;-23,587416;-46,657634;0;08/02/25;6
Vila Mariana;Parque do Ibirapuera;-23,587416;-46,657634;0;08/02/25;6
Vila Mariana;Parque do Ibirapuera;-23,587416;-46,657634;0;08/02/25;6
Vila Mariana;Parque do Ibirapuera;-23,587416;-46,657634;0;08/02/25;7
Vila Mariana;Parque do Ibirapuera;-23,587416;-46,657634;0;08/02/25;8
Vila Mariana;Parque do Ibirapuera;-23,587416;-46,657634;0;08/02/25;9
Vila Mariana;Parque do Ibirapuera;-23,587416;-46,657634;0;08/02/25;9
Vila Mariana;Parque do Ibirapuera;-23,587416;-46,657634;0;08/02/25;10
Vila Mariana;Parque do Ibirapuera;-23,587416;-46,657634;0;08/02/25;10
Vila Mariana;Parque do Ibirapuera;-23,587416;-46,657634;25;01/03/25;1
Vila Mariana;Parque do Ibirapuera;-23,587416;-46,657634;25;01/03/25;2
Vila Mariana;Parque do Ibirapuera;-23,587416;-46,657634;25;01/03/25;3
Vila Mariana;Parque do Ibirapuera;-23,587416;-46,657634;25;01/03/25;3
Vila Mariana;Parque do Ibirapuera;-23,587416;-46,657634;25;01/03/25;3
Vila Mariana;Parque do Ibirapuera;-23,587416;-46,657634;25;01/03/25;4
Vila Mariana;Parque do Ibirapuera;-23,587416;-46,657634;25;01/03/25;5
Vila Mariana;Parque do Ibirapuera;-23,587416;-46,657634;25;01/03/25;5
Vila Mariana;Parque do Ibirapuera;-23,587416;-46,657634;25;01/03/25;6
Vila Mariana;Parque do Ibirapuera;-23,587416;-46,657634;25;01/03/25;7
Vila Mariana;Parque do Ibirapuera;-23,587416;-46,657634;25;01/03/25;9
Vila Mariana;Parque do Ibirapuera;-23,587416;-46,657634;25;01/03/25;9
Vila Mariana;Parque do Ibirapuera;-23,587416;-46,657634;25;01/03/25;9
Vila Mariana;Parque do Ibirapuera;-23,587416;-46,657634;25;01/03/25;10
Vila Mariana;Parque do Ibirapuera;-23,587416;-46,657634;25;01/03/25;10
Vila Mariana;Parque do Ibirapuera;-23,587416;-46,657634;25;02/03/25;1
Vila Mariana;Parque do Ibirapuera;-23,587416;-46,657634;25;02/03/25;1
Vila Mariana;Parque do Ibirapuera;-23,587416;-46,657634;25;02/03/25;1
Vila Mariana;Parque do Ibirapuera;-23,587416;-46,657634;25;02/03/25;2
Vila Mariana;Parque do Ibirapuera;-23,587416;-46,657634;25;02/03/25;2
Vila Mariana;Parque do Ibirapuera;-23,587416;-46,657634;25;02/03/25;2
Vila Mariana;Parque do Ibirapuera;-23,587416;-46,657634;25;02/03/25;2
Vila Mariana;Parque do Ibirapuera;-23,587416;-46,657634;25;02/03/25;3
Vila Mariana;Parque do Ibirapuera;-23,587416;-46,657634;25;02/03/25;4
Vila Mariana;Parque do Ibirapuera;-23,587416;-46,657634;25;02/03/25;4
Vila Mariana;Parque do Ibirapuera;-23,587416;-46,657634;25;02/03/25;5
Vila Mariana;Parque do Ibirapuera;-23,587416;-46,657634;25;02/03/25;7
Vila Mariana;Parque do Ibirapuera;-23,587416;-46,657634;25;02/03/25;8
Vila Mariana;Parque do Ibirapuera;-23,587416;-46,657634;25;02/03/25;8
Vila Mariana;Parque do Ibirapuera;-23,587416;-46,657634;25;02/03/25;8
Vila Mariana;Parque do Ibirapuera;-23,587416;-46,657634;25;02/03/25;9
Vila Mariana;Parque do Ibirapuera;-23,587416;-46,657634;25;02/03/25;9
Vila Mariana;Parque do Ibirapuera;-23,587416;-46,657634;25;02/03/25;9
Vila Mariana;Parque do Ibirapuera;-23,587416;-46,657634;25;02/03/25;9
Vila Mariana;Parque do Ibirapuera;-23,587416;-46,657634;25;02/03/25;9
Vila Mariana;Parque do Ibirapuera;-23,587416;-46,657634;25;02/03/25;10
Vila Mariana;Parque do Ibirapuera;-23,587416;-46,657634;25;03/03/25;2
Vila Mariana;Parque do Ibirapuera;-23,587416;-46,657634;25;03/03/25;3
Vila Mariana;Parque do Ibirapuera;-23,587416;-46,657634;25;03/03/25;3
Vila Mariana;Parque do Ibirapuera;-23,587416;-46,657634;25;03/03/25;4
Vila Mariana;Parque do Ibirapuera;-23,587416;-46,657634;25;03/03/25;5
Vila Mariana;Parque do Ibirapuera;-23,587416;-46,657634;25;03/03/25;7
Vila Mariana;Parque do Ibirapuera;-23,587416;-46,657634;25;03/03/25;7
Vila Mariana;Parque do Ibirapuera;-23,587416;-46,657634;25;03/03/25;9
Vila Mariana;Parque do Ibirapuera;-23,587416;-46,657634;25;03/03/25;9
Vila Mariana;Parque do Ibirapuera;-23,587416;-46,657634;25;03/03/25;9
Vila Mariana;Parque do Ibirapuera;-23,587416;-46,657634;25;03/03/25;10
Vila Mariana;Parque do Ibirapuera;-23,587416;-46,657634;25;03/03/25;10
Vila Mariana;Parque do Ibirapuera;-23,587416;-46,657634;25;03/03/25;10
Vila Mariana;Parque do Ibirapuera;-23,587416;-46,657634;25;04/03/25;1
Vila Mariana;Parque do Ibirapuera;-23,587416;-46,657634;25;04/03/25;1
Vila Mariana;Parque do Ibirapuera;-23,587416;-46,657634;25;04/03/25;1
Vila Mariana;Parque do Ibirapuera;-23,587416;-46,657634;25;04/03/25;2
Vila Mariana;Parque do Ibirapuera;-23,587416;-46,657634;25;04/03/25;3
Vila Mariana;Parque do Ibirapuera;-23,587416;-46,657634;25;04/03/25;3
Vila Mariana;Parque do Ibirapuera;-23,587416;-46,657634;25;04/03/25;3
Vila Mariana;Parque do Ibirapuera;-23,587416;-46,657634;25;04/03/25;6
Vila Mariana;Parque do Ibirapuera;-23,587416;-46,657634;25;04/03/25;6
Vila Mariana;Parque do Ibirapuera;-23,587416;-46,657634;25;04/03/25;7
Vila Mariana;Parque do Ibirapuera;-23,587416;-46,657634;25;04/03/25;8
Vila Mariana;Parque do Ibirapuera;-23,587416;-46,657634;25;04/03/25;10
Vila Mariana;Parque do Ibirapuera;-23,587416;-46,657634;25;04/03/25;10
Vila Mariana;Parque do Ibirapuera;-23,587416;-46,657634;25;05/03/25;2
Vila Mariana;Parque do Ibirapuera;-23,587416;-46,657634;25;05/03/25;3
Vila Mariana;Parque do Ibirapuera;-23,587416;-46,657634;25;05/03/25;3
Vila Mariana;Parque do Ibirapuera;-23,587416;-46,657634;25;05/03/25;5
Vila Mariana;Parque do Ibirapuera;-23,587416;-46,657634;25;05/03/25;5
Vila Mariana;Parque do Ibirapuera;-23,587416;-46,657634;25;05/03/25;6
Vila Mariana;Parque do Ibirapuera;-23,587416;-46,657634;25;05/03/25;7
Vila Mariana;Parque do Ibirapuera;-23,587416;-46,657634;25;05/03/25;7
Vila Mariana;Parque do Ibirapuera;-23,587416;-46,657634;25;05/03/25;7
Vila Mariana;Parque do Ibirapuera;-23,587416;-46,657634;25;05/03/25;8
Vila Mariana;Parque do Ibirapuera;-23,587416;-46,657634;25;05/03/25;9
Vila Mariana;Parque do Ibirapuera;-23,587416;-46,657634;25;05/03/25;9
Vila Mariana;Parque do Ibirapuera;-23,587416;-46,657634;25;05/03/25;9
Vila Mariana;Parque do Ibirapuera;-23,587416;-46,657634;25;05/03/25;10
Vila Mariana;Parque do Ibirapuera;-23,587416;-46,657634;25;05/03/25;10
Vila Mariana;Parque do Ibirapuera;-23,587416;-46,657634;25;05/03/25;10
Vila Mariana;Parque do Ibirapuera;-23,587416;-46,657634;25;06/03/25;1
Vila Mariana;Parque do Ibirapuera;-23,587416;-46,657634;25;06/03/25;2
Vila Mariana;Parque do Ibirapuera;-23,587416;-46,657634;25;06/03/25;2
Vila Mariana;Parque do Ibirapuera;-23,587416;-46,657634;25;06/03/25;3
Vila Mariana;Parque do Ibirapuera;-23,587416;-46,657634;25;06/03/25;4
Vila Mariana;Parque do Ibirapuera;-23,587416;-46,657634;25;06/03/25;4
Vila Mariana;Parque do Ibirapuera;-23,587416;-46,657634;25;06/03/25;4
Vila Mariana;Parque do Ibirapuera;-23,587416;-46,657634;25;06/03/25;4
Vila Mariana;Parque do Ibirapuera;-23,587416;-46,657634;25;06/03/25;4
Vila Mariana;Parque do Ibirapuera;-23,587416;-46,657634;25;06/03/25;4
Vila Mariana;Parque do Ibirapuera;-23,587416;-46,657634;25;06/03/25;5
Vila Mariana;Parque do Ibirapuera;-23,587416;-46,657634;25;06/03/25;5
Vila Mariana;Parque do Ibirapuera;-23,587416;-46,657634;25;06/03/25;6
Vila Mariana;Parque do Ibirapuera;-23,587416;-46,657634;25;06/03/25;6
Vila Mariana;Parque do Ibirapuera;-23,587416;-46,657634;25;06/03/25;7
Vila Mariana;Parque do Ibirapuera;-23,587416;-46,657634;25;06/03/25;8
Vila Mariana;Parque do Ibirapuera;-23,587416;-46,657634;25;06/03/25;9
Vila Mariana;Parque do Ibirapuera;-23,587416;-46,657634;25;06/03/25;9
Vila Mariana;Parque do Ibirapuera;-23,587416;-46,657634;25;06/03/25;9
Vila Mariana;Parque do Ibirapuera;-23,587416;-46,657634;25;06/03/25;10
Vila Mariana;Parque do Ibirapuera;-23,587416;-46,657634;25;07/03/25;1
Vila Mariana;Parque do Ibirapuera;-23,587416;-46,657634;25;07/03/25;2
Vila Mariana;Parque do Ibirapuera;-23,587416;-46,657634;25;07/03/25;3
Vila Mariana;Parque do Ibirapuera;-23,587416;-46,657634;25;07/03/25;3
Vila Mariana;Parque do Ibirapuera;-23,587416;-46,657634;25;07/03/25;4
Vila Mariana;Parque do Ibirapuera;-23,587416;-46,657634;25;07/03/25;4
Vila Mariana;Parque do Ibirapuera;-23,587416;-46,657634;25;07/03/25;4
Vila Mariana;Parque do Ibirapuera;-23,587416;-46,657634;25;07/03/25;4
Vila Mariana;Parque do Ibirapuera;-23,587416;-46,657634;25;07/03/25;4
Vila Mariana;Parque do Ibirapuera;-23,587416;-46,657634;25;07/03/25;5
Vila Mariana;Parque do Ibirapuera;-23,587416;-46,657634;25;07/03/25;5
Vila Mariana;Parque do Ibirapuera;-23,587416;-46,657634;25;07/03/25;5
Vila Mariana;Parque do Ibirapuera;-23,587416;-46,657634;25;07/03/25;5
Vila Mariana;Parque do Ibirapuera;-23,587416;-46,657634;25;07/03/25;6
Vila Mariana;Parque do Ibirapuera;-23,587416;-46,657634;25;07/03/25;6
Vila Mariana;Parque do Ibirapuera;-23,587416;-46,657634;25;07/03/25;6
Vila Mariana;Parque do Ibirapuera;-23,587416;-46,657634;25;07/03/25;7
Vila Mariana;Parque do Ibirapuera;-23,587416;-46,657634;25;07/03/25;7
Vila Mariana;Parque do Ibirapuera;-23,587416;-46,657634;25;07/03/25;8
Vila Mariana;Parque do Ibirapuera;-23,587416;-46,657634;25;08/03/25;2
Vila Mariana;Parque do Ibirapuera;-23,587416;-46,657634;25;08/03/25;3
Vila Mariana;Parque do Ibirapuera;-23,587416;-46,657634;25;08/03/25;3
Vila Mariana;Parque do Ibirapuera;-23,587416;-46,657634;25;08/03/25;3
Vila Mariana;Parque do Ibirapuera;-23,587416;-46,657634;25;08/03/25;4
Vila Mariana;Parque do Ibirapuera;-23,587416;-46,657634;25;08/03/25;4
Vila Mariana;Parque do Ibirapuera;-23,587416;-46,657634;25;08/03/25;5
Vila Mariana;Parque do Ibirapuera;-23,587416;-46,657634;25;08/03/25;5
Vila Mariana;Parque do Ibirapuera;-23,587416;-46,657634;25;08/03/25;6
Vila Mariana;Parque do Ibirapuera;-23,587416;-46,657634;25;08/03/25;7
Vila Mariana;Parque do Ibirapuera;-23,587416;-46,657634;25;08/03/25;7
Vila Mariana;Parque do Ibirapuera;-23,587416;-46,657634;25;08/03/25;7
Vila Mariana;Parque do Ibirapuera;-23,587416;-46,657634;25;08/03/25;8
Vila Mariana;Parque do Ibirapuera;-23,587416;-46,657634;25;08/03/25;9
Vila Mariana;Parque do Ibirapuera;-23,587416;-46,657634;15;01/04/25;1
Vila Mariana;Parque do Ibirapuera;-23,587416;-46,657634;15;01/04/25;1
Vila Mariana;Parque do Ibirapuera;-23,587416;-46,657634;15;01/04/25;2
Vila Mariana;Parque do Ibirapuera;-23,587416;-46,657634;15;01/04/25;2
Vila Mariana;Parque do Ibirapuera;-23,587416;-46,657634;15;01/04/25;3
Vila Mariana;Parque do Ibirapuera;-23,587416;-46,657634;15;01/04/25;3
Vila Mariana;Parque do Ibirapuera;-23,587416;-46,657634;15;01/04/25;3
Vila Mariana;Parque do Ibirapuera;-23,587416;-46,657634;15;01/04/25;4
Vila Mariana;Parque do Ibirapuera;-23,587416;-46,657634;15;01/04/25;6
Vila Mariana;Parque do Ibirapuera;-23,587416;-46,657634;15;01/04/25;7
Vila Mariana;Parque do Ibirapuera;-23,587416;-46,657634;15;01/04/25;7
Vila Mariana;Parque do Ibirapuera;-23,587416;-46,657634;15;01/04/25;8
Vila Mariana;Parque do Ibirapuera;-23,587416;-46,657634;15;01/04/25;8
Vila Mariana;Parque do Ibirapuera;-23,587416;-46,657634;15;01/04/25;9
Vila Mariana;Parque do Ibirapuera;-23,587416;-46,657634;15;01/04/25;9
Vila Mariana;Parque do Ibirapuera;-23,587416;-46,657634;15;01/04/25;10
Vila Mariana;Parque do Ibirapuera;-23,587416;-46,657634;15;02/04/25;1
Vila Mariana;Parque do Ibirapuera;-23,587416;-46,657634;15;02/04/25;2
Vila Mariana;Parque do Ibirapuera;-23,587416;-46,657634;15;02/04/25;4
Vila Mariana;Parque do Ibirapuera;-23,587416;-46,657634;15;02/04/25;5
Vila Mariana;Parque do Ibirapuera;-23,587416;-46,657634;15;02/04/25;6
Vila Mariana;Parque do Ibirapuera;-23,587416;-46,657634;15;02/04/25;7
Vila Mariana;Parque do Ibirapuera;-23,587416;-46,657634;15;02/04/25;7
Vila Mariana;Parque do Ibirapuera;-23,587416;-46,657634;15;02/04/25;9
Vila Mariana;Parque do Ibirapuera;-23,587416;-46,657634;15;02/04/25;10
Vila Mariana;Parque do Ibirapuera;-23,587416;-46,657634;15;03/04/25;2
Vila Mariana;Parque do Ibirapuera;-23,587416;-46,657634;15;03/04/25;2
Vila Mariana;Parque do Ibirapuera;-23,587416;-46,657634;15;03/04/25;2
Vila Mariana;Parque do Ibirapuera;-23,587416;-46,657634;15;03/04/25;2
Vila Mariana;Parque do Ibirapuera;-23,587416;-46,657634;15;03/04/25;5
Vila Mariana;Parque do Ibirapuera;-23,587416;-46,657634;15;03/04/25;5
Vila Mariana;Parque do Ibirapuera;-23,587416;-46,657634;15;03/04/25;6
Vila Mariana;Parque do Ibirapuera;-23,587416;-46,657634;15;03/04/25;6
Vila Mariana;Parque do Ibirapuera;-23,587416;-46,657634;15;03/04/25;7
Vila Mariana;Parque do Ibirapuera;-23,587416;-46,657634;15;03/04/25;9
Vila Mariana;Parque do Ibirapuera;-23,587416;-46,657634;15;03/04/25;10
Vila Mariana;Parque do Ibirapuera;-23,587416;-46,657634;15;04/04/25;2
Vila Mariana;Parque do Ibirapuera;-23,587416;-46,657634;15;04/04/25;2
Vila Mariana;Parque do Ibirapuera;-23,587416;-46,657634;15;04/04/25;4
Vila Mariana;Parque do Ibirapuera;-23,587416;-46,657634;15;04/04/25;5
Vila Mariana;Parque do Ibirapuera;-23,587416;-46,657634;15;04/04/25;5
Vila Mariana;Parque do Ibirapuera;-23,587416;-46,657634;15;04/04/25;6
Vila Mariana;Parque do Ibirapuera;-23,587416;-46,657634;15;04/04/25;6
Vila Mariana;Parque do Ibirapuera;-23,587416;-46,657634;15;04/04/25;7
Vila Mariana;Parque do Ibirapuera;-23,587416;-46,657634;15;04/04/25;7
Vila Mariana;Parque do Ibirapuera;-23,587416;-46,657634;15;04/04/25;8
Vila Mariana;Parque do Ibirapuera;-23,587416;-46,657634;15;04/04/25;10
Vila Mariana;Parque do Ibirapuera;-23,587416;-46,657634;15;04/04/25;10
Vila Mariana;Parque do Ibirapuera;-23,587416;-46,657634;15;05/04/25;1
Vila Mariana;Parque do Ibirapuera;-23,587416;-46,657634;15;05/04/25;2
Vila Mariana;Parque do Ibirapuera;-23,587416;-46,657634;15;05/04/25;2
Vila Mariana;Parque do Ibirapuera;-23,587416;-46,657634;15;05/04/25;3
Vila Mariana;Parque do Ibirapuera;-23,587416;-46,657634;15;05/04/25;5
Vila Mariana;Parque do Ibirapuera;-23,587416;-46,657634;15;05/04/25;5
Vila Mariana;Parque do Ibirapuera;-23,587416;-46,657634;15;05/04/25;5
Vila Mariana;Parque do Ibirapuera;-23,587416;-46,657634;15;05/04/25;6
Vila Mariana;Parque do Ibirapuera;-23,587416;-46,657634;15;05/04/25;7
Vila Mariana;Parque do Ibirapuera;-23,587416;-46,657634;15;05/04/25;7
Vila Mariana;Parque do Ibirapuera;-23,587416;-46,657634;15;05/04/25;7
Vila Mariana;Parque do Ibirapuera;-23,587416;-46,657634;15;05/04/25;7
Vila Mariana;Parque do Ibirapuera;-23,587416;-46,657634;15;05/04/25;8
Vila Mariana;Parque do Ibirapuera;-23,587416;-46,657634;15;05/04/25;8
Vila Mariana;Parque do Ibirapuera;-23,587416;-46,657634;15;05/04/25;8
Vila Mariana;Parque do Ibirapuera;-23,587416;-46,657634;15;05/04/25;9
Vila Mariana;Parque do Ibirapuera;-23,587416;-46,657634;15;05/04/25;9
Vila Mariana;Parque do Ibirapuera;-23,587416;-46,657634;15;05/04/25;10
Vila Mariana;Parque do Ibirapuera;-23,587416;-46,657634;15;05/04/25;10
Vila Mariana;Parque do Ibirapuera;-23,587416;-46,657634;15;05/04/25;10
Vila Mariana;Parque do Ibirapuera;-23,587416;-46,657634;15;06/04/25;1
Vila Mariana;Parque do Ibirapuera;-23,587416;-46,657634;15;06/04/25;1
Vila Mariana;Parque do Ibirapuera;-23,587416;-46,657634;15;06/04/25;6
Vila Mariana;Parque do Ibirapuera;-23,587416;-46,657634;15;06/04/25;6
Vila Mariana;Parque do Ibirapuera;-23,587416;-46,657634;15;06/04/25;8
Vila Mariana;Parque do Ibirapuera;-23,587416;-46,657634;15;06/04/25;9
Vila Mariana;Parque do Ibirapuera;-23,587416;-46,657634;15;06/04/25;9
Vila Mariana;Parque do Ibirapuera;-23,587416;-46,657634;15;06/04/25;10
Vila Mariana;Parque do Ibirapuera;-23,587416;-46,657634;15;07/04/25;1
Vila Mariana;Parque do Ibirapuera;-23,587416;-46,657634;15;07/04/25;2
Vila Mariana;Parque do Ibirapuera;-23,587416;-46,657634;15;07/04/25;2
Vila Mariana;Parque do Ibirapuera;-23,587416;-46,657634;15;07/04/25;3
Vila Mariana;Parque do Ibirapuera;-23,587416;-46,657634;15;07/04/25;3
Vila Mariana;Parque do Ibirapuera;-23,587416;-46,657634;15;07/04/25;4
Vila Mariana;Parque do Ibirapuera;-23,587416;-46,657634;15;07/04/25;4
Vila Mariana;Parque do Ibirapuera;-23,587416;-46,657634;15;07/04/25;6
Vila Mariana;Parque do Ibirapuera;-23,587416;-46,657634;15;07/04/25;6
Vila Mariana;Parque do Ibirapuera;-23,587416;-46,657634;15;07/04/25;7
Vila Mariana;Parque do Ibirapuera;-23,587416;-46,657634;15;07/04/25;9
Vila Mariana;Parque do Ibirapuera;-23,587416;-46,657634;15;07/04/25;9
Vila Mariana;Parque do Ibirapuera;-23,587416;-46,657634;15;07/04/25;10
Vila Mariana;Parque do Ibirapuera;-23,587416;-46,657634;15;08/04/25;2
Vila Mariana;Parque do Ibirapuera;-23,587416;-46,657634;15;08/04/25;2
Vila Mariana;Parque do Ibirapuera;-23,587416;-46,657634;15;08/04/25;2
Vila Mariana;Parque do Ibirapuera;-23,587416;-46,657634;15;08/04/25;3
Vila Mariana;Parque do Ibirapuera;-23,587416;-46,657634;15;08/04/25;6
Vila Mariana;Parque do Ibirapuera;-23,587416;-46,657634;15;08/04/25;7
Vila Mariana;Parque do Ibirapuera;-23,587416;-46,657634;15;08/04/25;7
Vila Mariana;Parque do Ibirapuera;-23,587416;-46,657634;15;08/04/25;7
Vila Mariana;Parque do Ibirapuera;-23,587416;-46,657634;15;08/04/25;7
Vila Mariana;Parque do Ibirapuera;-23,587416;-46,657634;15;08/04/25;8
Vila Mariana;Parque do Ibirapuera;-23,587416;-46,657634;15;08/04/25;9
Vila Mariana;Parque do Ibirapuera;-23,587416;-46,657634;15;08/04/25;10
Vila Mariana;Parque do Ibirapuera;-23,587416;-46,657634;15;08/04/25;10
Vila Mariana;Parque do Ibirapuera;-23,587416;-46,657634;25;01/05/25;1
Vila Mariana;Parque do Ibirapuera;-23,587416;-46,657634;25;01/05/25;1
Vila Mariana;Parque do Ibirapuera;-23,587416;-46,657634;25;01/05/25;1
Vila Mariana;Parque do Ibirapuera;-23,587416;-46,657634;25;01/05/25;2
Vila Mariana;Parque do Ibirapuera;-23,587416;-46,657634;25;01/05/25;4
Vila Mariana;Parque do Ibirapuera;-23,587416;-46,657634;25;01/05/25;4
Vila Mariana;Parque do Ibirapuera;-23,587416;-46,657634;25;01/05/25;5
Vila Mariana;Parque do Ibirapuera;-23,587416;-46,657634;25;01/05/25;5
Vila Mariana;Parque do Ibirapuera;-23,587416;-46,657634;25;01/05/25;6
Vila Mariana;Parque do Ibirapuera;-23,587416;-46,657634;25;01/05/25;7
Vila Mariana;Parque do Ibirapuera;-23,587416;-46,657634;25;01/05/25;7
Vila Mariana;Parque do Ibirapuera;-23,587416;-46,657634;25;01/05/25;8
Vila Mariana;Parque do Ibirapuera;-23,587416;-46,657634;25;01/05/25;8
Vila Mariana;Parque do Ibirapuera;-23,587416;-46,657634;25;02/05/25;1
Vila Mariana;Parque do Ibirapuera;-23,587416;-46,657634;25;02/05/25;3
Vila Mariana;Parque do Ibirapuera;-23,587416;-46,657634;25;02/05/25;4
Vila Mariana;Parque do Ibirapuera;-23,587416;-46,657634;25;02/05/25;5
Vila Mariana;Parque do Ibirapuera;-23,587416;-46,657634;25;02/05/25;5
Vila Mariana;Parque do Ibirapuera;-23,587416;-46,657634;25;02/05/25;6
Vila Mariana;Parque do Ibirapuera;-23,587416;-46,657634;25;02/05/25;6
Vila Mariana;Parque do Ibirapuera;-23,587416;-46,657634;25;02/05/25;6
Vila Mariana;Parque do Ibirapuera;-23,587416;-46,657634;25;02/05/25;6
Vila Mariana;Parque do Ibirapuera;-23,587416;-46,657634;25;02/05/25;7
Vila Mariana;Parque do Ibirapuera;-23,587416;-46,657634;25;02/05/25;8
Vila Mariana;Parque do Ibirapuera;-23,587416;-46,657634;25;02/05/25;9
Vila Mariana;Parque do Ibirapuera;-23,587416;-46,657634;25;02/05/25;10
Vila Mariana;Parque do Ibirapuera;-23,587416;-46,657634;25;02/05/25;10
Vila Mariana;Parque do Ibirapuera;-23,587416;-46,657634;25;02/05/25;10
Vila Mariana;Parque do Ibirapuera;-23,587416;-46,657634;25;03/05/25;1
Vila Mariana;Parque do Ibirapuera;-23,587416;-46,657634;25;03/05/25;2
Vila Mariana;Parque do Ibirapuera;-23,587416;-46,657634;25;03/05/25;3
Vila Mariana;Parque do Ibirapuera;-23,587416;-46,657634;25;03/05/25;5
Vila Mariana;Parque do Ibirapuera;-23,587416;-46,657634;25;03/05/25;5
Vila Mariana;Parque do Ibirapuera;-23,587416;-46,657634;25;03/05/25;6
Vila Mariana;Parque do Ibirapuera;-23,587416;-46,657634;25;03/05/25;7
Vila Mariana;Parque do Ibirapuera;-23,587416;-46,657634;25;03/05/25;7
Vila Mariana;Parque do Ibirapuera;-23,587416;-46,657634;25;03/05/25;8
Vila Mariana;Parque do Ibirapuera;-23,587416;-46,657634;25;03/05/25;9
Vila Mariana;Parque do Ibirapuera;-23,587416;-46,657634;25;03/05/25;9
Vila Mariana;Parque do Ibirapuera;-23,587416;-46,657634;25;03/05/25;10
Vila Mariana;Parque do Ibirapuera;-23,587416;-46,657634;25;04/05/25;1
Vila Mariana;Parque do Ibirapuera;-23,587416;-46,657634;25;04/05/25;1
Vila Mariana;Parque do Ibirapuera;-23,587416;-46,657634;25;04/05/25;2
Vila Mariana;Parque do Ibirapuera;-23,587416;-46,657634;25;04/05/25;3
Vila Mariana;Parque do Ibirapuera;-23,587416;-46,657634;25;04/05/25;4
Vila Mariana;Parque do Ibirapuera;-23,587416;-46,657634;25;04/05/25;5
Vila Mariana;Parque do Ibirapuera;-23,587416;-46,657634;25;04/05/25;5
Vila Mariana;Parque do Ibirapuera;-23,587416;-46,657634;25;04/05/25;6
Vila Mariana;Parque do Ibirapuera;-23,587416;-46,657634;25;04/05/25;6
Vila Mariana;Parque do Ibirapuera;-23,587416;-46,657634;25;04/05/25;6
Vila Mariana;Parque do Ibirapuera;-23,587416;-46,657634;25;04/05/25;7
Vila Mariana;Parque do Ibirapuera;-23,587416;-46,657634;25;04/05/25;9
Vila Mariana;Parque do Ibirapuera;-23,587416;-46,657634;25;04/05/25;10
Vila Mariana;Parque do Ibirapuera;-23,587416;-46,657634;25;04/05/25;10
Vila Mariana;Parque do Ibirapuera;-23,587416;-46,657634;25;04/05/25;10
Vila Mariana;Parque do Ibirapuera;-23,587416;-46,657634;25;04/05/25;10
Vila Mariana;Parque do Ibirapuera;-23,587416;-46,657634;25;05/05/25;1
Vila Mariana;Parque do Ibirapuera;-23,587416;-46,657634;25;05/05/25;1
Vila Mariana;Parque do Ibirapuera;-23,587416;-46,657634;25;05/05/25;2
Vila Mariana;Parque do Ibirapuera;-23,587416;-46,657634;25;05/05/25;4
Vila Mariana;Parque do Ibirapuera;-23,587416;-46,657634;25;05/05/25;4
Vila Mariana;Parque do Ibirapuera;-23,587416;-46,657634;25;05/05/25;6
Vila Mariana;Parque do Ibirapuera;-23,587416;-46,657634;25;05/05/25;7
Vila Mariana;Parque do Ibirapuera;-23,587416;-46,657634;25;05/05/25;8
Vila Mariana;Parque do Ibirapuera;-23,587416;-46,657634;25;05/05/25;8
Vila Mariana;Parque do Ibirapuera;-23,587416;-46,657634;25;05/05/25;10
Vila Mariana;Parque do Ibirapuera;-23,587416;-46,657634;25;05/05/25;10
Vila Mariana;Parque do Ibirapuera;-23,587416;-46,657634;25;06/05/25;1
Vila Mariana;Parque do Ibirapuera;-23,587416;-46,657634;25;06/05/25;2
Vila Mariana;Parque do Ibirapuera;-23,587416;-46,657634;25;06/05/25;3
Vila Mariana;Parque do Ibirapuera;-23,587416;-46,657634;25;06/05/25;5
Vila Mariana;Parque do Ibirapuera;-23,587416;-46,657634;25;06/05/25;6
Vila Mariana;Parque do Ibirapuera;-23,587416;-46,657634;25;06/05/25;6
Vila Mariana;Parque do Ibirapuera;-23,587416;-46,657634;25;06/05/25;6
Vila Mariana;Parque do Ibirapuera;-23,587416;-46,657634;25;06/05/25;6
Vila Mariana;Parque do Ibirapuera;-23,587416;-46,657634;25;06/05/25;6
Vila Mariana;Parque do Ibirapuera;-23,587416;-46,657634;25;06/05/25;7
Vila Mariana;Parque do Ibirapuera;-23,587416;-46,657634;25;06/05/25;7
Vila Mariana;Parque do Ibirapuera;-23,587416;-46,657634;25;06/05/25;8
Vila Mariana;Parque do Ibirapuera;-23,587416;-46,657634;25;07/05/25;1
Vila Mariana;Parque do Ibirapuera;-23,587416;-46,657634;25;07/05/25;2
Vila Mariana;Parque do Ibirapuera;-23,587416;-46,657634;25;07/05/25;2
Vila Mariana;Parque do Ibirapuera;-23,587416;-46,657634;25;07/05/25;3
Vila Mariana;Parque do Ibirapuera;-23,587416;-46,657634;25;07/05/25;3
Vila Mariana;Parque do Ibirapuera;-23,587416;-46,657634;25;07/05/25;4
Vila Mariana;Parque do Ibirapuera;-23,587416;-46,657634;25;07/05/25;5
Vila Mariana;Parque do Ibirapuera;-23,587416;-46,657634;25;07/05/25;5
Vila Mariana;Parque do Ibirapuera;-23,587416;-46,657634;25;07/05/25;6
Vila Mariana;Parque do Ibirapuera;-23,587416;-46,657634;25;07/05/25;6
Vila Mariana;Parque do Ibirapuera;-23,587416;-46,657634;25;07/05/25;7
Vila Mariana;Parque do Ibirapuera;-23,587416;-46,657634;25;07/05/25;9
Vila Mariana;Parque do Ibirapuera;-23,587416;-46,657634;25;07/05/25;10
Vila Mariana;Parque do Ibirapuera;-23,587416;-46,657634;25;08/05/25;1
Vila Mariana;Parque do Ibirapuera;-23,587416;-46,657634;25;08/05/25;1
Vila Mariana;Parque do Ibirapuera;-23,587416;-46,657634;25;08/05/25;3
Vila Mariana;Parque do Ibirapuera;-23,587416;-46,657634;25;08/05/25;3
Vila Mariana;Parque do Ibirapuera;-23,587416;-46,657634;25;08/05/25;5
Vila Mariana;Parque do Ibirapuera;-23,587416;-46,657634;25;08/05/25;6
Vila Mariana;Parque do Ibirapuera;-23,587416;-46,657634;25;08/05/25;6
Vila Mariana;Parque do Ibirapuera;-23,587416;-46,657634;25;08/05/25;7
Vila Mariana;Parque do Ibirapuera;-23,587416;-46,657634;25;08/05/25;8
Vila Mariana;Parque do Ibirapuera;-23,587416;-46,657634;25;08/05/25;8
Vila Mariana;Parque do Ibirapuera;-23,587416;-46,657634;25;08/05/25;8
Vila Mariana;Parque do Ibirapuera;-23,587416;-46,657634;25;08/05/25;9
Vila Mariana;Parque do Ibirapuera;-23,587416;-46,657634;25;08/05/25;9
Vila Mariana;Parque do Ibirapuera;-23,587416;-46,657634;25;08/05/25;10
Vila Mariana;Parque do Ibirapuera;-23,587416;-46,657634;25;08/05/25;10
Vila Mariana;Parque do Ibirapuera;-23,587416;-46,657634;10;01/06/25;1
Vila Mariana;Parque do Ibirapuera;-23,587416;-46,657634;10;01/06/25;2
Vila Mariana;Parque do Ibirapuera;-23,587416;-46,657634;10;01/06/25;2
Vila Mariana;Parque do Ibirapuera;-23,587416;-46,657634;10;01/06/25;3
Vila Mariana;Parque do Ibirapuera;-23,587416;-46,657634;10;01/06/25;4
Vila Mariana;Parque do Ibirapuera;-23,587416;-46,657634;10;01/06/25;4
Vila Mariana;Parque do Ibirapuera;-23,587416;-46,657634;10;01/06/25;4
Vila Mariana;Parque do Ibirapuera;-23,587416;-46,657634;10;01/06/25;5
Vila Mariana;Parque do Ibirapuera;-23,587416;-46,657634;10;01/06/25;5
Vila Mariana;Parque do Ibirapuera;-23,587416;-46,657634;10;01/06/25;5
Vila Mariana;Parque do Ibirapuera;-23,587416;-46,657634;10;01/06/25;6
Vila Mariana;Parque do Ibirapuera;-23,587416;-46,657634;10;01/06/25;6
Vila Mariana;Parque do Ibirapuera;-23,587416;-46,657634;10;01/06/25;7
Vila Mariana;Parque do Ibirapuera;-23,587416;-46,657634;10;01/06/25;8
Vila Mariana;Parque do Ibirapuera;-23,587416;-46,657634;10;01/06/25;8
Vila Mariana;Parque do Ibirapuera;-23,587416;-46,657634;10;02/06/25;1
Vila Mariana;Parque do Ibirapuera;-23,587416;-46,657634;10;02/06/25;2
Vila Mariana;Parque do Ibirapuera;-23,587416;-46,657634;10;02/06/25;2
Vila Mariana;Parque do Ibirapuera;-23,587416;-46,657634;10;02/06/25;9
Vila Mariana;Parque do Ibirapuera;-23,587416;-46,657634;10;03/06/25;2
Vila Mariana;Parque do Ibirapuera;-23,587416;-46,657634;10;03/06/25;7
Vila Mariana;Parque do Ibirapuera;-23,587416;-46,657634;10;03/06/25;7
Vila Mariana;Parque do Ibirapuera;-23,587416;-46,657634;10;03/06/25;8
Vila Mariana;Parque do Ibirapuera;-23,587416;-46,657634;10;04/06/25;2
Vila Mariana;Parque do Ibirapuera;-23,587416;-46,657634;10;04/06/25;3
Vila Mariana;Parque do Ibirapuera;-23,587416;-46,657634;10;04/06/25;5
Vila Mariana;Parque do Ibirapuera;-23,587416;-46,657634;10;04/06/25;7
Vila Mariana;Parque do Ibirapuera;-23,587416;-46,657634;10;04/06/25;8
Vila Mariana;Parque do Ibirapuera;-23,587416;-46,657634;10;04/06/25;9
Vila Mariana;Parque do Ibirapuera;-23,587416;-46,657634;10;05/06/25;1
Vila Mariana;Parque do Ibirapuera;-23,587416;-46,657634;10;05/06/25;2
Vila Mariana;Parque do Ibirapuera;-23,587416;-46,657634;10;05/06/25;2
Vila Mariana;Parque do Ibirapuera;-23,587416;-46,657634;10;05/06/25;5
Vila Mariana;Parque do Ibirapuera;-23,587416;-46,657634;10;05/06/25;6
Vila Mariana;Parque do Ibirapuera;-23,587416;-46,657634;10;05/06/25;6
Vila Mariana;Parque do Ibirapuera;-23,587416;-46,657634;10;05/06/25;7
Vila Mariana;Parque do Ibirapuera;-23,587416;-46,657634;10;05/06/25;8
Vila Mariana;Parque do Ibirapuera;-23,587416;-46,657634;10;05/06/25;8
Vila Mariana;Parque do Ibirapuera;-23,587416;-46,657634;10;05/06/25;8
Vila Mariana;Parque do Ibirapuera;-23,587416;-46,657634;10;05/06/25;8
Vila Mariana;Parque do Ibirapuera;-23,587416;-46,657634;10;05/06/25;10
Vila Mariana;Parque do Ibirapuera;-23,587416;-46,657634;10;06/06/25;1
Vila Mariana;Parque do Ibirapuera;-23,587416;-46,657634;10;06/06/25;2
Vila Mariana;Parque do Ibirapuera;-23,587416;-46,657634;10;06/06/25;3
Vila Mariana;Parque do Ibirapuera;-23,587416;-46,657634;10;06/06/25;3
Vila Mariana;Parque do Ibirapuera;-23,587416;-46,657634;10;06/06/25;6
Vila Mariana;Parque do Ibirapuera;-23,587416;-46,657634;10;06/06/25;8
Vila Mariana;Parque do Ibirapuera;-23,587416;-46,657634;10;06/06/25;8
Vila Mariana;Parque do Ibirapuera;-23,587416;-46,657634;10;07/06/25;1
Vila Mariana;Parque do Ibirapuera;-23,587416;-46,657634;10;07/06/25;1
Vila Mariana;Parque do Ibirapuera;-23,587416;-46,657634;10;07/06/25;2
Vila Mariana;Parque do Ibirapuera;-23,587416;-46,657634;10;07/06/25;4
Vila Mariana;Parque do Ibirapuera;-23,587416;-46,657634;10;07/06/25;9
Vila Mariana;Parque do Ibirapuera;-23,587416;-46,657634;10;07/06/25;9
Vila Mariana;Parque do Ibirapuera;-23,587416;-46,657634;10;07/06/25;10
Vila Mariana;Parque do Ibirapuera;-23,587416;-46,657634;10;08/06/25;3
Vila Mariana;Parque do Ibirapuera;-23,587416;-46,657634;10;08/06/25;4
Vila Mariana;Parque do Ibirapuera;-23,587416;-46,657634;10;08/06/25;4
Vila Mariana;Parque do Ibirapuera;-23,587416;-46,657634;10;08/06/25;4
Vila Mariana;Parque do Ibirapuera;-23,587416;-46,657634;10;08/06/25;5
Vila Mariana;Parque do Ibirapuera;-23,587416;-46,657634;10;08/06/25;6
Vila Mariana;Parque do Ibirapuera;-23,587416;-46,657634;10;08/06/25;7
Vila Mariana;Parque do Ibirapuera;-23,587416;-46,657634;10;08/06/25;8
Vila Mariana;Parque do Ibirapuera;-23,587416;-46,657634;10;08/06/25;10
Vila Mariana;Parque do Ibirapuera;-23,587416;-46,657634;10;08/06/25;10
Vila Mariana;Parque do Ibirapuera;-23,587416;-46,657634;20;01/07/25;1
Vila Mariana;Parque do Ibirapuera;-23,587416;-46,657634;20;01/07/25;4
Vila Mariana;Parque do Ibirapuera;-23,587416;-46,657634;20;01/07/25;4
Vila Mariana;Parque do Ibirapuera;-23,587416;-46,657634;20;01/07/25;5
Vila Mariana;Parque do Ibirapuera;-23,587416;-46,657634;20;01/07/25;6
Vila Mariana;Parque do Ibirapuera;-23,587416;-46,657634;20;01/07/25;7
Vila Mariana;Parque do Ibirapuera;-23,587416;-46,657634;20;01/07/25;8
Vila Mariana;Parque do Ibirapuera;-23,587416;-46,657634;20;01/07/25;9
Vila Mariana;Parque do Ibirapuera;-23,587416;-46,657634;20;01/07/25;9
Vila Mariana;Parque do Ibirapuera;-23,587416;-46,657634;20;01/07/25;9
Vila Mariana;Parque do Ibirapuera;-23,587416;-46,657634;20;02/07/25;1
Vila Mariana;Parque do Ibirapuera;-23,587416;-46,657634;20;02/07/25;2
Vila Mariana;Parque do Ibirapuera;-23,587416;-46,657634;20;02/07/25;3
Vila Mariana;Parque do Ibirapuera;-23,587416;-46,657634;20;02/07/25;4
Vila Mariana;Parque do Ibirapuera;-23,587416;-46,657634;20;02/07/25;5
Vila Mariana;Parque do Ibirapuera;-23,587416;-46,657634;20;02/07/25;5
Vila Mariana;Parque do Ibirapuera;-23,587416;-46,657634;20;02/07/25;8
Vila Mariana;Parque do Ibirapuera;-23,587416;-46,657634;20;02/07/25;8
Vila Mariana;Parque do Ibirapuera;-23,587416;-46,657634;20;02/07/25;9
Vila Mariana;Parque do Ibirapuera;-23,587416;-46,657634;20;02/07/25;10
Vila Mariana;Parque do Ibirapuera;-23,587416;-46,657634;20;02/07/25;10
Vila Mariana;Parque do Ibirapuera;-23,587416;-46,657634;20;03/07/25;2
Vila Mariana;Parque do Ibirapuera;-23,587416;-46,657634;20;03/07/25;4
Vila Mariana;Parque do Ibirapuera;-23,587416;-46,657634;20;03/07/25;4
Vila Mariana;Parque do Ibirapuera;-23,587416;-46,657634;20;03/07/25;5
Vila Mariana;Parque do Ibirapuera;-23,587416;-46,657634;20;03/07/25;6
Vila Mariana;Parque do Ibirapuera;-23,587416;-46,657634;20;03/07/25;7
Vila Mariana;Parque do Ibirapuera;-23,587416;-46,657634;20;03/07/25;8
Vila Mariana;Parque do Ibirapuera;-23,587416;-46,657634;20;03/07/25;9
Vila Mariana;Parque do Ibirapuera;-23,587416;-46,657634;20;03/07/25;9
Vila Mariana;Parque do Ibirapuera;-23,587416;-46,657634;20;03/07/25;10
Vila Mariana;Parque do Ibirapuera;-23,587416;-46,657634;20;04/07/25;1
Vila Mariana;Parque do Ibirapuera;-23,587416;-46,657634;20;04/07/25;1
Vila Mariana;Parque do Ibirapuera;-23,587416;-46,657634;20;04/07/25;1
Vila Mariana;Parque do Ibirapuera;-23,587416;-46,657634;20;04/07/25;1
Vila Mariana;Parque do Ibirapuera;-23,587416;-46,657634;20;04/07/25;3
Vila Mariana;Parque do Ibirapuera;-23,587416;-46,657634;20;04/07/25;4
Vila Mariana;Parque do Ibirapuera;-23,587416;-46,657634;20;04/07/25;5
Vila Mariana;Parque do Ibirapuera;-23,587416;-46,657634;20;04/07/25;5
Vila Mariana;Parque do Ibirapuera;-23,587416;-46,657634;20;04/07/25;6
Vila Mariana;Parque do Ibirapuera;-23,587416;-46,657634;20;04/07/25;6
Vila Mariana;Parque do Ibirapuera;-23,587416;-46,657634;20;04/07/25;7
Vila Mariana;Parque do Ibirapuera;-23,587416;-46,657634;20;04/07/25;9
Vila Mariana;Parque do Ibirapuera;-23,587416;-46,657634;20;04/07/25;9
Vila Mariana;Parque do Ibirapuera;-23,587416;-46,657634;20;05/07/25;1
Vila Mariana;Parque do Ibirapuera;-23,587416;-46,657634;20;05/07/25;3
Vila Mariana;Parque do Ibirapuera;-23,587416;-46,657634;20;05/07/25;5
Vila Mariana;Parque do Ibirapuera;-23,587416;-46,657634;20;05/07/25;6
Vila Mariana;Parque do Ibirapuera;-23,587416;-46,657634;20;05/07/25;6
Vila Mariana;Parque do Ibirapuera;-23,587416;-46,657634;20;05/07/25;8
Vila Mariana;Parque do Ibirapuera;-23,587416;-46,657634;20;05/07/25;9
Vila Mariana;Parque do Ibirapuera;-23,587416;-46,657634;20;05/07/25;10
Vila Mariana;Parque do Ibirapuera;-23,587416;-46,657634;20;06/07/25;1
Vila Mariana;Parque do Ibirapuera;-23,587416;-46,657634;20;06/07/25;2
Vila Mariana;Parque do Ibirapuera;-23,587416;-46,657634;20;06/07/25;3
Vila Mariana;Parque do Ibirapuera;-23,587416;-46,657634;20;06/07/25;4
Vila Mariana;Parque do Ibirapuera;-23,587416;-46,657634;20;06/07/25;5
Vila Mariana;Parque do Ibirapuera;-23,587416;-46,657634;20;06/07/25;6
Vila Mariana;Parque do Ibirapuera;-23,587416;-46,657634;20;06/07/25;7
Vila Mariana;Parque do Ibirapuera;-23,587416;-46,657634;20;06/07/25;8
Vila Mariana;Parque do Ibirapuera;-23,587416;-46,657634;20;06/07/25;9
Vila Mariana;Parque do Ibirapuera;-23,587416;-46,657634;20;06/07/25;9
Vila Mariana;Parque do Ibirapuera;-23,587416;-46,657634;20;07/07/25;1
Vila Mariana;Parque do Ibirapuera;-23,587416;-46,657634;20;07/07/25;2
Vila Mariana;Parque do Ibirapuera;-23,587416;-46,657634;20;07/07/25;2
Vila Mariana;Parque do Ibirapuera;-23,587416;-46,657634;20;07/07/25;2
Vila Mariana;Parque do Ibirapuera;-23,587416;-46,657634;20;07/07/25;2
Vila Mariana;Parque do Ibirapuera;-23,587416;-46,657634;20;07/07/25;2
Vila Mariana;Parque do Ibirapuera;-23,587416;-46,657634;20;07/07/25;6
Vila Mariana;Parque do Ibirapuera;-23,587416;-46,657634;20;07/07/25;8
Vila Mariana;Parque do Ibirapuera;-23,587416;-46,657634;20;07/07/25;9
Vila Mariana;Parque do Ibirapuera;-23,587416;-46,657634;20;08/07/25;2
Vila Mariana;Parque do Ibirapuera;-23,587416;-46,657634;20;08/07/25;3
Vila Mariana;Parque do Ibirapuera;-23,587416;-46,657634;20;08/07/25;3
Vila Mariana;Parque do Ibirapuera;-23,587416;-46,657634;20;08/07/25;4
Vila Mariana;Parque do Ibirapuera;-23,587416;-46,657634;20;08/07/25;4
Vila Mariana;Parque do Ibirapuera;-23,587416;-46,657634;20;08/07/25;5
Vila Mariana;Parque do Ibirapuera;-23,587416;-46,657634;20;08/07/25;7
Vila Mariana;Parque do Ibirapuera;-23,587416;-46,657634;20;08/07/25;7
Vila Mariana;Parque do Ibirapuera;-23,587416;-46,657634;20;08/07/25;8
Vila Mariana;Parque do Ibirapuera;-23,587416;-46,657634;20;08/07/25;9
Vila Mariana;Parque do Ibirapuera;-23,587416;-46,657634;20;08/07/25;9
Vila Mariana;Parque do Ibirapuera;-23,587416;-46,657634;20;08/07/25;9
Vila Mariana;Parque do Ibirapuera;-23,587416;-46,657634;20;08/07/25;9
Vila Mariana;Parque do Ibirapuera;-23,587416;-46,657634;20;08/07/25;9
Vila Mariana;Parque do Ibirapuera;-23,587416;-46,657634;20;08/07/25;10
Vila Mariana;Parque do Ibirapuera;-23,587416;-46,657634;30;01/08/25;1
Vila Mariana;Parque do Ibirapuera;-23,587416;-46,657634;30;01/08/25;1
Vila Mariana;Parque do Ibirapuera;-23,587416;-46,657634;30;01/08/25;2
Vila Mariana;Parque do Ibirapuera;-23,587416;-46,657634;30;01/08/25;3
Vila Mariana;Parque do Ibirapuera;-23,587416;-46,657634;30;01/08/25;4
Vila Mariana;Parque do Ibirapuera;-23,587416;-46,657634;30;01/08/25;4
Vila Mariana;Parque do Ibirapuera;-23,587416;-46,657634;30;01/08/25;4
Vila Mariana;Parque do Ibirapuera;-23,587416;-46,657634;30;01/08/25;7
Vila Mariana;Parque do Ibirapuera;-23,587416;-46,657634;30;01/08/25;8
Vila Mariana;Parque do Ibirapuera;-23,587416;-46,657634;30;01/08/25;8
Vila Mariana;Parque do Ibirapuera;-23,587416;-46,657634;30;01/08/25;8
Vila Mariana;Parque do Ibirapuera;-23,587416;-46,657634;30;01/08/25;8
Vila Mariana;Parque do Ibirapuera;-23,587416;-46,657634;30;01/08/25;10
Vila Mariana;Parque do Ibirapuera;-23,587416;-46,657634;30;01/08/25;10
Vila Mariana;Parque do Ibirapuera;-23,587416;-46,657634;30;02/08/25;2
Vila Mariana;Parque do Ibirapuera;-23,587416;-46,657634;30;02/08/25;2
Vila Mariana;Parque do Ibirapuera;-23,587416;-46,657634;30;02/08/25;4
Vila Mariana;Parque do Ibirapuera;-23,587416;-46,657634;30;02/08/25;4
Vila Mariana;Parque do Ibirapuera;-23,587416;-46,657634;30;02/08/25;4
Vila Mariana;Parque do Ibirapuera;-23,587416;-46,657634;30;02/08/25;8
Vila Mariana;Parque do Ibirapuera;-23,587416;-46,657634;30;02/08/25;9
Vila Mariana;Parque do Ibirapuera;-23,587416;-46,657634;30;02/08/25;10
Vila Mariana;Parque do Ibirapuera;-23,587416;-46,657634;30;03/08/25;1
Vila Mariana;Parque do Ibirapuera;-23,587416;-46,657634;30;03/08/25;1
Vila Mariana;Parque do Ibirapuera;-23,587416;-46,657634;30;03/08/25;1
Vila Mariana;Parque do Ibirapuera;-23,587416;-46,657634;30;03/08/25;2
Vila Mariana;Parque do Ibirapuera;-23,587416;-46,657634;30;03/08/25;2
Vila Mariana;Parque do Ibirapuera;-23,587416;-46,657634;30;03/08/25;3
Vila Mariana;Parque do Ibirapuera;-23,587416;-46,657634;30;03/08/25;3
Vila Mariana;Parque do Ibirapuera;-23,587416;-46,657634;30;03/08/25;4
Vila Mariana;Parque do Ibirapuera;-23,587416;-46,657634;30;03/08/25;5
Vila Mariana;Parque do Ibirapuera;-23,587416;-46,657634;30;03/08/25;5
Vila Mariana;Parque do Ibirapuera;-23,587416;-46,657634;30;03/08/25;6
Vila Mariana;Parque do Ibirapuera;-23,587416;-46,657634;30;03/08/25;7
Vila Mariana;Parque do Ibirapuera;-23,587416;-46,657634;30;03/08/25;7
Vila Mariana;Parque do Ibirapuera;-23,587416;-46,657634;30;03/08/25;7
Vila Mariana;Parque do Ibirapuera;-23,587416;-46,657634;30;03/08/25;8
Vila Mariana;Parque do Ibirapuera;-23,587416;-46,657634;30;03/08/25;8
Vila Mariana;Parque do Ibirapuera;-23,587416;-46,657634;30;03/08/25;9
Vila Mariana;Parque do Ibirapuera;-23,587416;-46,657634;30;04/08/25;1
Vila Mariana;Parque do Ibirapuera;-23,587416;-46,657634;30;04/08/25;1
Vila Mariana;Parque do Ibirapuera;-23,587416;-46,657634;30;04/08/25;1
Vila Mariana;Parque do Ibirapuera;-23,587416;-46,657634;30;04/08/25;1
Vila Mariana;Parque do Ibirapuera;-23,587416;-46,657634;30;04/08/25;2
Vila Mariana;Parque do Ibirapuera;-23,587416;-46,657634;30;04/08/25;3
Vila Mariana;Parque do Ibirapuera;-23,587416;-46,657634;30;04/08/25;4
Vila Mariana;Parque do Ibirapuera;-23,587416;-46,657634;30;04/08/25;4
Vila Mariana;Parque do Ibirapuera;-23,587416;-46,657634;30;04/08/25;4
Vila Mariana;Parque do Ibirapuera;-23,587416;-46,657634;30;04/08/25;5
Vila Mariana;Parque do Ibirapuera;-23,587416;-46,657634;30;04/08/25;6
Vila Mariana;Parque do Ibirapuera;-23,587416;-46,657634;30;04/08/25;6
Vila Mariana;Parque do Ibirapuera;-23,587416;-46,657634;30;04/08/25;7
Vila Mariana;Parque do Ibirapuera;-23,587416;-46,657634;30;04/08/25;7
Vila Mariana;Parque do Ibirapuera;-23,587416;-46,657634;30;04/08/25;7
Vila Mariana;Parque do Ibirapuera;-23,587416;-46,657634;30;04/08/25;8
Vila Mariana;Parque do Ibirapuera;-23,587416;-46,657634;30;04/08/25;9
Vila Mariana;Parque do Ibirapuera;-23,587416;-46,657634;30;04/08/25;10
Vila Mariana;Parque do Ibirapuera;-23,587416;-46,657634;30;05/08/25;2
Vila Mariana;Parque do Ibirapuera;-23,587416;-46,657634;30;05/08/25;2
Vila Mariana;Parque do Ibirapuera;-23,587416;-46,657634;30;05/08/25;2
Vila Mariana;Parque do Ibirapuera;-23,587416;-46,657634;30;05/08/25;3
Vila Mariana;Parque do Ibirapuera;-23,587416;-46,657634;30;05/08/25;3
Vila Mariana;Parque do Ibirapuera;-23,587416;-46,657634;30;05/08/25;4
Vila Mariana;Parque do Ibirapuera;-23,587416;-46,657634;30;05/08/25;5
Vila Mariana;Parque do Ibirapuera;-23,587416;-46,657634;30;05/08/25;5
Vila Mariana;Parque do Ibirapuera;-23,587416;-46,657634;30;05/08/25;5
Vila Mariana;Parque do Ibirapuera;-23,587416;-46,657634;30;05/08/25;5
Vila Mariana;Parque do Ibirapuera;-23,587416;-46,657634;30;05/08/25;8
Vila Mariana;Parque do Ibirapuera;-23,587416;-46,657634;30;05/08/25;9
Vila Mariana;Parque do Ibirapuera;-23,587416;-46,657634;30;05/08/25;10
Vila Mariana;Parque do Ibirapuera;-23,587416;-46,657634;30;06/08/25;1
Vila Mariana;Parque do Ibirapuera;-23,587416;-46,657634;30;06/08/25;2
Vila Mariana;Parque do Ibirapuera;-23,587416;-46,657634;30;06/08/25;3
Vila Mariana;Parque do Ibirapuera;-23,587416;-46,657634;30;06/08/25;6
Vila Mariana;Parque do Ibirapuera;-23,587416;-46,657634;30;06/08/25;6
Vila Mariana;Parque do Ibirapuera;-23,587416;-46,657634;30;06/08/25;7
Vila Mariana;Parque do Ibirapuera;-23,587416;-46,657634;30;06/08/25;8
Vila Mariana;Parque do Ibirapuera;-23,587416;-46,657634;30;06/08/25;8
Vila Mariana;Parque do Ibirapuera;-23,587416;-46,657634;30;06/08/25;9
Vila Mariana;Parque do Ibirapuera;-23,587416;-46,657634;30;06/08/25;9
Vila Mariana;Parque do Ibirapuera;-23,587416;-46,657634;30;06/08/25;10
Vila Mariana;Parque do Ibirapuera;-23,587416;-46,657634;30;06/08/25;10
Vila Mariana;Parque do Ibirapuera;-23,587416;-46,657634;30;07/08/25;1
Vila Mariana;Parque do Ibirapuera;-23,587416;-46,657634;30;07/08/25;1
Vila Mariana;Parque do Ibirapuera;-23,587416;-46,657634;30;07/08/25;1
Vila Mariana;Parque do Ibirapuera;-23,587416;-46,657634;30;07/08/25;1
Vila Mariana;Parque do Ibirapuera;-23,587416;-46,657634;30;07/08/25;1
Vila Mariana;Parque do Ibirapuera;-23,587416;-46,657634;30;07/08/25;2
Vila Mariana;Parque do Ibirapuera;-23,587416;-46,657634;30;07/08/25;3
Vila Mariana;Parque do Ibirapuera;-23,587416;-46,657634;30;07/08/25;3
Vila Mariana;Parque do Ibirapuera;-23,587416;-46,657634;30;07/08/25;3
Vila Mariana;Parque do Ibirapuera;-23,587416;-46,657634;30;07/08/25;3
Vila Mariana;Parque do Ibirapuera;-23,587416;-46,657634;30;07/08/25;3
Vila Mariana;Parque do Ibirapuera;-23,587416;-46,657634;30;07/08/25;4
Vila Mariana;Parque do Ibirapuera;-23,587416;-46,657634;30;07/08/25;4
Vila Mariana;Parque do Ibirapuera;-23,587416;-46,657634;30;07/08/25;5
Vila Mariana;Parque do Ibirapuera;-23,587416;-46,657634;30;07/08/25;5
Vila Mariana;Parque do Ibirapuera;-23,587416;-46,657634;30;07/08/25;6
Vila Mariana;Parque do Ibirapuera;-23,587416;-46,657634;30;07/08/25;6
Vila Mariana;Parque do Ibirapuera;-23,587416;-46,657634;30;07/08/25;7
Vila Mariana;Parque do Ibirapuera;-23,587416;-46,657634;30;07/08/25;9
Vila Mariana;Parque do Ibirapuera;-23,587416;-46,657634;30;07/08/25;9
Vila Mariana;Parque do Ibirapuera;-23,587416;-46,657634;30;08/08/25;2
Vila Mariana;Parque do Ibirapuera;-23,587416;-46,657634;30;08/08/25;2
Vila Mariana;Parque do Ibirapuera;-23,587416;-46,657634;30;08/08/25;5
Vila Mariana;Parque do Ibirapuera;-23,587416;-46,657634;30;08/08/25;5
Vila Mariana;Parque do Ibirapuera;-23,587416;-46,657634;30;08/08/25;5
Vila Mariana;Parque do Ibirapuera;-23,587416;-46,657634;30;08/08/25;6
Vila Mariana;Parque do Ibirapuera;-23,587416;-46,657634;30;08/08/25;6
Vila Mariana;Parque do Ibirapuera;-23,587416;-46,657634;30;08/08/25;7
Vila Mariana;Parque do Ibirapuera;-23,587416;-46,657634;30;08/08/25;7
Vila Mariana;Parque do Ibirapuera;-23,587416;-46,657634;30;08/08/25;8
Vila Mariana;Parque do Ibirapuera;-23,587416;-46,657634;30;08/08/25;8
Vila Mariana;Parque do Ibirapuera;-23,587416;-46,657634;30;08/08/25;10
Vila Mariana;Parque do Ibirapuera;-23,587416;-46,657634;0;01/09/25;2
Vila Mariana;Parque do Ibirapuera;-23,587416;-46,657634;0;01/09/25;3
Vila Mariana;Parque do Ibirapuera;-23,587416;-46,657634;0;01/09/25;4
Vila Mariana;Parque do Ibirapuera;-23,587416;-46,657634;0;01/09/25;4
Vila Mariana;Parque do Ibirapuera;-23,587416;-46,657634;0;01/09/25;5
Vila Mariana;Parque do Ibirapuera;-23,587416;-46,657634;0;01/09/25;7
Vila Mariana;Parque do Ibirapuera;-23,587416;-46,657634;0;01/09/25;8
Vila Mariana;Parque do Ibirapuera;-23,587416;-46,657634;0;01/09/25;8
Vila Mariana;Parque do Ibirapuera;-23,587416;-46,657634;0;01/09/25;10
Vila Mariana;Parque do Ibirapuera;-23,587416;-46,657634;0;02/09/25;1
Vila Mariana;Parque do Ibirapuera;-23,587416;-46,657634;0;02/09/25;1
Vila Mariana;Parque do Ibirapuera;-23,587416;-46,657634;0;02/09/25;2
Vila Mariana;Parque do Ibirapuera;-23,587416;-46,657634;0;02/09/25;2
Vila Mariana;Parque do Ibirapuera;-23,587416;-46,657634;0;02/09/25;2
Vila Mariana;Parque do Ibirapuera;-23,587416;-46,657634;0;02/09/25;2
Vila Mariana;Parque do Ibirapuera;-23,587416;-46,657634;0;02/09/25;3
Vila Mariana;Parque do Ibirapuera;-23,587416;-46,657634;0;02/09/25;4
Vila Mariana;Parque do Ibirapuera;-23,587416;-46,657634;0;02/09/25;4
Vila Mariana;Parque do Ibirapuera;-23,587416;-46,657634;0;02/09/25;4
Vila Mariana;Parque do Ibirapuera;-23,587416;-46,657634;0;02/09/25;4
Vila Mariana;Parque do Ibirapuera;-23,587416;-46,657634;0;02/09/25;5
Vila Mariana;Parque do Ibirapuera;-23,587416;-46,657634;0;02/09/25;6
Vila Mariana;Parque do Ibirapuera;-23,587416;-46,657634;0;02/09/25;6
Vila Mariana;Parque do Ibirapuera;-23,587416;-46,657634;0;02/09/25;7
Vila Mariana;Parque do Ibirapuera;-23,587416;-46,657634;0;02/09/25;7
Vila Mariana;Parque do Ibirapuera;-23,587416;-46,657634;0;02/09/25;7
Vila Mariana;Parque do Ibirapuera;-23,587416;-46,657634;0;02/09/25;10
Vila Mariana;Parque do Ibirapuera;-23,587416;-46,657634;0;02/09/25;10
Vila Mariana;Parque do Ibirapuera;-23,587416;-46,657634;0;02/09/25;10
Vila Mariana;Parque do Ibirapuera;-23,587416;-46,657634;0;03/09/25;1
Vila Mariana;Parque do Ibirapuera;-23,587416;-46,657634;0;03/09/25;2
Vila Mariana;Parque do Ibirapuera;-23,587416;-46,657634;0;03/09/25;5
Vila Mariana;Parque do Ibirapuera;-23,587416;-46,657634;0;03/09/25;6
Vila Mariana;Parque do Ibirapuera;-23,587416;-46,657634;0;03/09/25;6
Vila Mariana;Parque do Ibirapuera;-23,587416;-46,657634;0;03/09/25;7
Vila Mariana;Parque do Ibirapuera;-23,587416;-46,657634;0;03/09/25;8
Vila Mariana;Parque do Ibirapuera;-23,587416;-46,657634;0;03/09/25;10
Vila Mariana;Parque do Ibirapuera;-23,587416;-46,657634;0;03/09/25;10
Vila Mariana;Parque do Ibirapuera;-23,587416;-46,657634;0;04/09/25;1
Vila Mariana;Parque do Ibirapuera;-23,587416;-46,657634;0;04/09/25;2
Vila Mariana;Parque do Ibirapuera;-23,587416;-46,657634;0;04/09/25;3
Vila Mariana;Parque do Ibirapuera;-23,587416;-46,657634;0;04/09/25;4
Vila Mariana;Parque do Ibirapuera;-23,587416;-46,657634;0;04/09/25;5
Vila Mariana;Parque do Ibirapuera;-23,587416;-46,657634;0;04/09/25;5
Vila Mariana;Parque do Ibirapuera;-23,587416;-46,657634;0;04/09/25;5
Vila Mariana;Parque do Ibirapuera;-23,587416;-46,657634;0;04/09/25;6
Vila Mariana;Parque do Ibirapuera;-23,587416;-46,657634;0;04/09/25;7
Vila Mariana;Parque do Ibirapuera;-23,587416;-46,657634;0;04/09/25;7
Vila Mariana;Parque do Ibirapuera;-23,587416;-46,657634;0;04/09/25;8
Vila Mariana;Parque do Ibirapuera;-23,587416;-46,657634;0;04/09/25;8
Vila Mariana;Parque do Ibirapuera;-23,587416;-46,657634;0;04/09/25;9
Vila Mariana;Parque do Ibirapuera;-23,587416;-46,657634;0;05/09/25;2
Vila Mariana;Parque do Ibirapuera;-23,587416;-46,657634;0;05/09/25;2
Vila Mariana;Parque do Ibirapuera;-23,587416;-46,657634;0;05/09/25;3
Vila Mariana;Parque do Ibirapuera;-23,587416;-46,657634;0;05/09/25;3
Vila Mariana;Parque do Ibirapuera;-23,587416;-46,657634;0;05/09/25;3
Vila Mariana;Parque do Ibirapuera;-23,587416;-46,657634;0;05/09/25;4
Vila Mariana;Parque do Ibirapuera;-23,587416;-46,657634;0;05/09/25;5
Vila Mariana;Parque do Ibirapuera;-23,587416;-46,657634;0;05/09/25;7
Vila Mariana;Parque do Ibirapuera;-23,587416;-46,657634;0;05/09/25;10
Vila Mariana;Parque do Ibirapuera;-23,587416;-46,657634;0;05/09/25;10
Vila Mariana;Parque do Ibirapuera;-23,587416;-46,657634;0;06/09/25;7
Vila Mariana;Parque do Ibirapuera;-23,587416;-46,657634;0;06/09/25;7
Vila Mariana;Parque do Ibirapuera;-23,587416;-46,657634;0;06/09/25;8
Vila Mariana;Parque do Ibirapuera;-23,587416;-46,657634;0;06/09/25;9
Vila Mariana;Parque do Ibirapuera;-23,587416;-46,657634;0;06/09/25;10
Vila Mariana;Parque do Ibirapuera;-23,587416;-46,657634;0;07/09/25;2
Vila Mariana;Parque do Ibirapuera;-23,587416;-46,657634;0;07/09/25;2
Vila Mariana;Parque do Ibirapuera;-23,587416;-46,657634;0;07/09/25;2
Vila Mariana;Parque do Ibirapuera;-23,587416;-46,657634;0;07/09/25;3
Vila Mariana;Parque do Ibirapuera;-23,587416;-46,657634;0;07/09/25;6
Vila Mariana;Parque do Ibirapuera;-23,587416;-46,657634;0;07/09/25;7
Vila Mariana;Parque do Ibirapuera;-23,587416;-46,657634;0;07/09/25;10
Vila Mariana;Parque do Ibirapuera;-23,587416;-46,657634;0;08/09/25;2
Vila Mariana;Parque do Ibirapuera;-23,587416;-46,657634;0;08/09/25;4
Vila Mariana;Parque do Ibirapuera;-23,587416;-46,657634;0;08/09/25;4
Vila Mariana;Parque do Ibirapuera;-23,587416;-46,657634;0;08/09/25;4
Vila Mariana;Parque do Ibirapuera;-23,587416;-46,657634;0;08/09/25;4
Vila Mariana;Parque do Ibirapuera;-23,587416;-46,657634;0;08/09/25;5
Vila Mariana;Parque do Ibirapuera;-23,587416;-46,657634;0;08/09/25;5
Vila Mariana;Parque do Ibirapuera;-23,587416;-46,657634;0;08/09/25;7
Vila Mariana;Parque do Ibirapuera;-23,587416;-46,657634;0;08/09/25;7
Vila Mariana;Parque do Ibirapuera;-23,587416;-46,657634;0;08/09/25;8
Vila Mariana;Parque do Ibirapuera;-23,587416;-46,657634;0;08/09/25;8
Vila Mariana;Parque do Ibirapuera;-23,587416;-46,657634;0;08/09/25;9
Vila Mariana;Parque do Ibirapuera;-23,587416;-46,657634;25;01/10/25;1
Vila Mariana;Parque do Ibirapuera;-23,587416;-46,657634;25;01/10/25;1
Vila Mariana;Parque do Ibirapuera;-23,587416;-46,657634;25;01/10/25;2
Vila Mariana;Parque do Ibirapuera;-23,587416;-46,657634;25;01/10/25;3
Vila Mariana;Parque do Ibirapuera;-23,587416;-46,657634;25;01/10/25;4
Vila Mariana;Parque do Ibirapuera;-23,587416;-46,657634;25;01/10/25;6
Vila Mariana;Parque do Ibirapuera;-23,587416;-46,657634;25;01/10/25;7
Vila Mariana;Parque do Ibirapuera;-23,587416;-46,657634;25;01/10/25;7
Vila Mariana;Parque do Ibirapuera;-23,587416;-46,657634;25;01/10/25;7
Vila Mariana;Parque do Ibirapuera;-23,587416;-46,657634;25;01/10/25;8
Vila Mariana;Parque do Ibirapuera;-23,587416;-46,657634;25;01/10/25;9
Vila Mariana;Parque do Ibirapuera;-23,587416;-46,657634;25;01/10/25;10
Vila Mariana;Parque do Ibirapuera;-23,587416;-46,657634;25;02/10/25;2
Vila Mariana;Parque do Ibirapuera;-23,587416;-46,657634;25;02/10/25;3
Vila Mariana;Parque do Ibirapuera;-23,587416;-46,657634;25;02/10/25;6
Vila Mariana;Parque do Ibirapuera;-23,587416;-46,657634;25;02/10/25;6
Vila Mariana;Parque do Ibirapuera;-23,587416;-46,657634;25;02/10/25;6
Vila Mariana;Parque do Ibirapuera;-23,587416;-46,657634;25;02/10/25;7
Vila Mariana;Parque do Ibirapuera;-23,587416;-46,657634;25;02/10/25;7
Vila Mariana;Parque do Ibirapuera;-23,587416;-46,657634;25;02/10/25;7
Vila Mariana;Parque do Ibirapuera;-23,587416;-46,657634;25;02/10/25;8
Vila Mariana;Parque do Ibirapuera;-23,587416;-46,657634;25;02/10/25;8
Vila Mariana;Parque do Ibirapuera;-23,587416;-46,657634;25;02/10/25;9
Vila Mariana;Parque do Ibirapuera;-23,587416;-46,657634;25;02/10/25;10
Vila Mariana;Parque do Ibirapuera;-23,587416;-46,657634;25;03/10/25;1
Vila Mariana;Parque do Ibirapuera;-23,587416;-46,657634;25;03/10/25;1
Vila Mariana;Parque do Ibirapuera;-23,587416;-46,657634;25;03/10/25;2
Vila Mariana;Parque do Ibirapuera;-23,587416;-46,657634;25;03/10/25;2
Vila Mariana;Parque do Ibirapuera;-23,587416;-46,657634;25;03/10/25;3
Vila Mariana;Parque do Ibirapuera;-23,587416;-46,657634;25;03/10/25;4
Vila Mariana;Parque do Ibirapuera;-23,587416;-46,657634;25;03/10/25;5
Vila Mariana;Parque do Ibirapuera;-23,587416;-46,657634;25;03/10/25;6
Vila Mariana;Parque do Ibirapuera;-23,587416;-46,657634;25;03/10/25;10
Vila Mariana;Parque do Ibirapuera;-23,587416;-46,657634;25;03/10/25;10
Vila Mariana;Parque do Ibirapuera;-23,587416;-46,657634;25;04/10/25;1
Vila Mariana;Parque do Ibirapuera;-23,587416;-46,657634;25;04/10/25;1
Vila Mariana;Parque do Ibirapuera;-23,587416;-46,657634;25;04/10/25;2
Vila Mariana;Parque do Ibirapuera;-23,587416;-46,657634;25;04/10/25;3
Vila Mariana;Parque do Ibirapuera;-23,587416;-46,657634;25;04/10/25;3
Vila Mariana;Parque do Ibirapuera;-23,587416;-46,657634;25;04/10/25;3
Vila Mariana;Parque do Ibirapuera;-23,587416;-46,657634;25;04/10/25;4
Vila Mariana;Parque do Ibirapuera;-23,587416;-46,657634;25;04/10/25;5
Vila Mariana;Parque do Ibirapuera;-23,587416;-46,657634;25;04/10/25;5
Vila Mariana;Parque do Ibirapuera;-23,587416;-46,657634;25;04/10/25;5
Vila Mariana;Parque do Ibirapuera;-23,587416;-46,657634;25;04/10/25;6
Vila Mariana;Parque do Ibirapuera;-23,587416;-46,657634;25;04/10/25;9
Vila Mariana;Parque do Ibirapuera;-23,587416;-46,657634;25;04/10/25;9
Vila Mariana;Parque do Ibirapuera;-23,587416;-46,657634;25;04/10/25;10
Vila Mariana;Parque do Ibirapuera;-23,587416;-46,657634;25;05/10/25;2
Vila Mariana;Parque do Ibirapuera;-23,587416;-46,657634;25;05/10/25;2
Vila Mariana;Parque do Ibirapuera;-23,587416;-46,657634;25;05/10/25;3
Vila Mariana;Parque do Ibirapuera;-23,587416;-46,657634;25;05/10/25;4
Vila Mariana;Parque do Ibirapuera;-23,587416;-46,657634;25;05/10/25;5
Vila Mariana;Parque do Ibirapuera;-23,587416;-46,657634;25;05/10/25;5
Vila Mariana;Parque do Ibirapuera;-23,587416;-46,657634;25;05/10/25;5
Vila Mariana;Parque do Ibirapuera;-23,587416;-46,657634;25;05/10/25;6
Vila Mariana;Parque do Ibirapuera;-23,587416;-46,657634;25;05/10/25;6
Vila Mariana;Parque do Ibirapuera;-23,587416;-46,657634;25;05/10/25;7
Vila Mariana;Parque do Ibirapuera;-23,587416;-46,657634;25;05/10/25;9
Vila Mariana;Parque do Ibirapuera;-23,587416;-46,657634;25;05/10/25;9
Vila Mariana;Parque do Ibirapuera;-23,587416;-46,657634;25;05/10/25;9
Vila Mariana;Parque do Ibirapuera;-23,587416;-46,657634;25;06/10/25;1
Vila Mariana;Parque do Ibirapuera;-23,587416;-46,657634;25;06/10/25;2
Vila Mariana;Parque do Ibirapuera;-23,587416;-46,657634;25;06/10/25;3
Vila Mariana;Parque do Ibirapuera;-23,587416;-46,657634;25;06/10/25;4
Vila Mariana;Parque do Ibirapuera;-23,587416;-46,657634;25;06/10/25;4
Vila Mariana;Parque do Ibirapuera;-23,587416;-46,657634;25;06/10/25;5
Vila Mariana;Parque do Ibirapuera;-23,587416;-46,657634;25;06/10/25;6
Vila Mariana;Parque do Ibirapuera;-23,587416;-46,657634;25;06/10/25;6
Vila Mariana;Parque do Ibirapuera;-23,587416;-46,657634;25;06/10/25;7
Vila Mariana;Parque do Ibirapuera;-23,587416;-46,657634;25;06/10/25;8
Vila Mariana;Parque do Ibirapuera;-23,587416;-46,657634;25;06/10/25;8
Vila Mariana;Parque do Ibirapuera;-23,587416;-46,657634;25;06/10/25;10
Vila Mariana;Parque do Ibirapuera;-23,587416;-46,657634;25;06/10/25;10
Vila Mariana;Parque do Ibirapuera;-23,587416;-46,657634;25;06/10/25;10
Vila Mariana;Parque do Ibirapuera;-23,587416;-46,657634;25;07/10/25;1
Vila Mariana;Parque do Ibirapuera;-23,587416;-46,657634;25;07/10/25;1
Vila Mariana;Parque do Ibirapuera;-23,587416;-46,657634;25;07/10/25;2
Vila Mariana;Parque do Ibirapuera;-23,587416;-46,657634;25;07/10/25;3
Vila Mariana;Parque do Ibirapuera;-23,587416;-46,657634;25;07/10/25;5
Vila Mariana;Parque do Ibirapuera;-23,587416;-46,657634;25;07/10/25;5
Vila Mariana;Parque do Ibirapuera;-23,587416;-46,657634;25;07/10/25;6
Vila Mariana;Parque do Ibirapuera;-23,587416;-46,657634;25;07/10/25;8
Vila Mariana;Parque do Ibirapuera;-23,587416;-46,657634;25;07/10/25;10
Vila Mariana;Parque do Ibirapuera;-23,587416;-46,657634;25;07/10/25;10
Vila Mariana;Parque do Ibirapuera;-23,587416;-46,657634;25;08/10/25;1
Vila Mariana;Parque do Ibirapuera;-23,587416;-46,657634;25;08/10/25;1
Vila Mariana;Parque do Ibirapuera;-23,587416;-46,657634;25;08/10/25;2
Vila Mariana;Parque do Ibirapuera;-23,587416;-46,657634;25;08/10/25;4
Vila Mariana;Parque do Ibirapuera;-23,587416;-46,657634;25;08/10/25;5
Vila Mariana;Parque do Ibirapuera;-23,587416;-46,657634;25;08/10/25;6
Vila Mariana;Parque do Ibirapuera;-23,587416;-46,657634;25;08/10/25;7
Vila Mariana;Parque do Ibirapuera;-23,587416;-46,657634;35;01/11/25;1
Vila Mariana;Parque do Ibirapuera;-23,587416;-46,657634;35;01/11/25;1
Vila Mariana;Parque do Ibirapuera;-23,587416;-46,657634;35;01/11/25;2
Vila Mariana;Parque do Ibirapuera;-23,587416;-46,657634;35;01/11/25;2
Vila Mariana;Parque do Ibirapuera;-23,587416;-46,657634;35;01/11/25;3
Vila Mariana;Parque do Ibirapuera;-23,587416;-46,657634;35;01/11/25;4
Vila Mariana;Parque do Ibirapuera;-23,587416;-46,657634;35;01/11/25;4
Vila Mariana;Parque do Ibirapuera;-23,587416;-46,657634;35;01/11/25;5
Vila Mariana;Parque do Ibirapuera;-23,587416;-46,657634;35;01/11/25;5
Vila Mariana;Parque do Ibirapuera;-23,587416;-46,657634;35;01/11/25;6
Vila Mariana;Parque do Ibirapuera;-23,587416;-46,657634;35;01/11/25;7
Vila Mariana;Parque do Ibirapuera;-23,587416;-46,657634;35;01/11/25;7
Vila Mariana;Parque do Ibirapuera;-23,587416;-46,657634;35;01/11/25;8
Vila Mariana;Parque do Ibirapuera;-23,587416;-46,657634;35;01/11/25;8
Vila Mariana;Parque do Ibirapuera;-23,587416;-46,657634;35;01/11/25;8
Vila Mariana;Parque do Ibirapuera;-23,587416;-46,657634;35;01/11/25;8
Vila Mariana;Parque do Ibirapuera;-23,587416;-46,657634;35;02/11/25;2
Vila Mariana;Parque do Ibirapuera;-23,587416;-46,657634;35;02/11/25;3
Vila Mariana;Parque do Ibirapuera;-23,587416;-46,657634;35;02/11/25;4
Vila Mariana;Parque do Ibirapuera;-23,587416;-46,657634;35;02/11/25;4
Vila Mariana;Parque do Ibirapuera;-23,587416;-46,657634;35;02/11/25;5
Vila Mariana;Parque do Ibirapuera;-23,587416;-46,657634;35;02/11/25;5
Vila Mariana;Parque do Ibirapuera;-23,587416;-46,657634;35;02/11/25;5
Vila Mariana;Parque do Ibirapuera;-23,587416;-46,657634;35;02/11/25;6
Vila Mariana;Parque do Ibirapuera;-23,587416;-46,657634;35;02/11/25;6
Vila Mariana;Parque do Ibirapuera;-23,587416;-46,657634;35;02/11/25;6
Vila Mariana;Parque do Ibirapuera;-23,587416;-46,657634;35;02/11/25;6
Vila Mariana;Parque do Ibirapuera;-23,587416;-46,657634;35;02/11/25;7
Vila Mariana;Parque do Ibirapuera;-23,587416;-46,657634;35;02/11/25;7
Vila Mariana;Parque do Ibirapuera;-23,587416;-46,657634;35;02/11/25;7
Vila Mariana;Parque do Ibirapuera;-23,587416;-46,657634;35;02/11/25;7
Vila Mariana;Parque do Ibirapuera;-23,587416;-46,657634;35;02/11/25;8
Vila Mariana;Parque do Ibirapuera;-23,587416;-46,657634;35;02/11/25;9
Vila Mariana;Parque do Ibirapuera;-23,587416;-46,657634;35;03/11/25;2
Vila Mariana;Parque do Ibirapuera;-23,587416;-46,657634;35;03/11/25;2
Vila Mariana;Parque do Ibirapuera;-23,587416;-46,657634;35;03/11/25;3
Vila Mariana;Parque do Ibirapuera;-23,587416;-46,657634;35;03/11/25;3
Vila Mariana;Parque do Ibirapuera;-23,587416;-46,657634;35;03/11/25;4
Vila Mariana;Parque do Ibirapuera;-23,587416;-46,657634;35;03/11/25;5
Vila Mariana;Parque do Ibirapuera;-23,587416;-46,657634;35;03/11/25;5
Vila Mariana;Parque do Ibirapuera;-23,587416;-46,657634;35;03/11/25;6
Vila Mariana;Parque do Ibirapuera;-23,587416;-46,657634;35;03/11/25;6
Vila Mariana;Parque do Ibirapuera;-23,587416;-46,657634;35;03/11/25;7
Vila Mariana;Parque do Ibirapuera;-23,587416;-46,657634;35;03/11/25;8
Vila Mariana;Parque do Ibirapuera;-23,587416;-46,657634;35;03/11/25;9
Vila Mariana;Parque do Ibirapuera;-23,587416;-46,657634;35;03/11/25;9
Vila Mariana;Parque do Ibirapuera;-23,587416;-46,657634;35;04/11/25;3
Vila Mariana;Parque do Ibirapuera;-23,587416;-46,657634;35;04/11/25;5
Vila Mariana;Parque do Ibirapuera;-23,587416;-46,657634;35;04/11/25;5
Vila Mariana;Parque do Ibirapuera;-23,587416;-46,657634;35;04/11/25;6
Vila Mariana;Parque do Ibirapuera;-23,587416;-46,657634;35;04/11/25;7
Vila Mariana;Parque do Ibirapuera;-23,587416;-46,657634;35;04/11/25;8
Vila Mariana;Parque do Ibirapuera;-23,587416;-46,657634;35;04/11/25;9
Vila Mariana;Parque do Ibirapuera;-23,587416;-46,657634;35;04/11/25;9
Vila Mariana;Parque do Ibirapuera;-23,587416;-46,657634;35;04/11/25;9
Vila Mariana;Parque do Ibirapuera;-23,587416;-46,657634;35;05/11/25;1
Vila Mariana;Parque do Ibirapuera;-23,587416;-46,657634;35;05/11/25;1
Vila Mariana;Parque do Ibirapuera;-23,587416;-46,657634;35;05/11/25;3
Vila Mariana;Parque do Ibirapuera;-23,587416;-46,657634;35;05/11/25;4
Vila Mariana;Parque do Ibirapuera;-23,587416;-46,657634;35;05/11/25;5
Vila Mariana;Parque do Ibirapuera;-23,587416;-46,657634;35;05/11/25;6
Vila Mariana;Parque do Ibirapuera;-23,587416;-46,657634;35;05/11/25;6
Vila Mariana;Parque do Ibirapuera;-23,587416;-46,657634;35;05/11/25;7
Vila Mariana;Parque do Ibirapuera;-23,587416;-46,657634;35;05/11/25;9
Vila Mariana;Parque do Ibirapuera;-23,587416;-46,657634;35;05/11/25;9
Vila Mariana;Parque do Ibirapuera;-23,587416;-46,657634;35;05/11/25;9
Vila Mariana;Parque do Ibirapuera;-23,587416;-46,657634;35;05/11/25;10
Vila Mariana;Parque do Ibirapuera;-23,587416;-46,657634;35;05/11/25;10
Vila Mariana;Parque do Ibirapuera;-23,587416;-46,657634;35;06/11/25;2
Vila Mariana;Parque do Ibirapuera;-23,587416;-46,657634;35;06/11/25;2
Vila Mariana;Parque do Ibirapuera;-23,587416;-46,657634;35;06/11/25;4
Vila Mariana;Parque do Ibirapuera;-23,587416;-46,657634;35;06/11/25;5
Vila Mariana;Parque do Ibirapuera;-23,587416;-46,657634;35;06/11/25;7
Vila Mariana;Parque do Ibirapuera;-23,587416;-46,657634;35;06/11/25;7
Vila Mariana;Parque do Ibirapuera;-23,587416;-46,657634;35;06/11/25;7
Vila Mariana;Parque do Ibirapuera;-23,587416;-46,657634;35;06/11/25;9
Vila Mariana;Parque do Ibirapuera;-23,587416;-46,657634;35;07/11/25;2
Vila Mariana;Parque do Ibirapuera;-23,587416;-46,657634;35;07/11/25;4
Vila Mariana;Parque do Ibirapuera;-23,587416;-46,657634;35;07/11/25;4
Vila Mariana;Parque do Ibirapuera;-23,587416;-46,657634;35;07/11/25;5
Vila Mariana;Parque do Ibirapuera;-23,587416;-46,657634;35;07/11/25;5
Vila Mariana;Parque do Ibirapuera;-23,587416;-46,657634;35;07/11/25;5
Vila Mariana;Parque do Ibirapuera;-23,587416;-46,657634;35;07/11/25;8
Vila Mariana;Parque do Ibirapuera;-23,587416;-46,657634;35;07/11/25;8
Vila Mariana;Parque do Ibirapuera;-23,587416;-46,657634;35;07/11/25;9
Vila Mariana;Parque do Ibirapuera;-23,587416;-46,657634;35;07/11/25;10
Vila Mariana;Parque do Ibirapuera;-23,587416;-46,657634;35;07/11/25;10
Vila Mariana;Parque do Ibirapuera;-23,587416;-46,657634;35;07/11/25;10
Vila Mariana;Parque do Ibirapuera;-23,587416;-46,657634;35;08/11/25;2
Vila Mariana;Parque do Ibirapuera;-23,587416;-46,657634;35;08/11/25;3
Vila Mariana;Parque do Ibirapuera;-23,587416;-46,657634;35;08/11/25;4
Vila Mariana;Parque do Ibirapuera;-23,587416;-46,657634;35;08/11/25;4
Vila Mariana;Parque do Ibirapuera;-23,587416;-46,657634;35;08/11/25;6
Vila Mariana;Parque do Ibirapuera;-23,587416;-46,657634;35;08/11/25;6
Vila Mariana;Parque do Ibirapuera;-23,587416;-46,657634;35;08/11/25;8
Vila Mariana;Parque do Ibirapuera;-23,587416;-46,657634;35;08/11/25;9
Vila Mariana;Parque do Ibirapuera;-23,587416;-46,657634;35;08/11/25;9
Vila Mariana;Parque do Ibirapuera;-23,587416;-46,657634;35;08/11/25;10
Vila Mariana;Parque do Ibirapuera;-23,587416;-46,657634;35;08/11/25;10
Vila Mariana;Parque do Ibirapuera;-23,587416;-46,657634;35;08/11/25;10
Vila Mariana;Parque do Ibirapuera;-23,587416;-46,657634;40;01/12/25;1
Vila Mariana;Parque do Ibirapuera;-23,587416;-46,657634;40;01/12/25;3
Vila Mariana;Parque do Ibirapuera;-23,587416;-46,657634;40;01/12/25;3
Vila Mariana;Parque do Ibirapuera;-23,587416;-46,657634;40;01/12/25;4
Vila Mariana;Parque do Ibirapuera;-23,587416;-46,657634;40;01/12/25;5
Vila Mariana;Parque do Ibirapuera;-23,587416;-46,657634;40;01/12/25;5
Vila Mariana;Parque do Ibirapuera;-23,587416;-46,657634;40;01/12/25;6
Vila Mariana;Parque do Ibirapuera;-23,587416;-46,657634;40;01/12/25;6
Vila Mariana;Parque do Ibirapuera;-23,587416;-46,657634;40;01/12/25;7
Vila Mariana;Parque do Ibirapuera;-23,587416;-46,657634;40;01/12/25;7
Vila Mariana;Parque do Ibirapuera;-23,587416;-46,657634;40;01/12/25;7
Vila Mariana;Parque do Ibirapuera;-23,587416;-46,657634;40;01/12/25;7
Vila Mariana;Parque do Ibirapuera;-23,587416;-46,657634;40;01/12/25;7
Vila Mariana;Parque do Ibirapuera;-23,587416;-46,657634;40;01/12/25;8
Vila Mariana;Parque do Ibirapuera;-23,587416;-46,657634;40;01/12/25;8
Vila Mariana;Parque do Ibirapuera;-23,587416;-46,657634;40;01/12/25;9
Vila Mariana;Parque do Ibirapuera;-23,587416;-46,657634;40;01/12/25;9
Vila Mariana;Parque do Ibirapuera;-23,587416;-46,657634;40;01/12/25;9
Vila Mariana;Parque do Ibirapuera;-23,587416;-46,657634;40;01/12/25;10
Vila Mariana;Parque do Ibirapuera;-23,587416;-46,657634;40;01/12/25;10
Vila Mariana;Parque do Ibirapuera;-23,587416;-46,657634;40;01/12/25;10
Vila Mariana;Parque do Ibirapuera;-23,587416;-46,657634;40;02/12/25;1
Vila Mariana;Parque do Ibirapuera;-23,587416;-46,657634;40;02/12/25;1
Vila Mariana;Parque do Ibirapuera;-23,587416;-46,657634;40;02/12/25;3
Vila Mariana;Parque do Ibirapuera;-23,587416;-46,657634;40;02/12/25;3
Vila Mariana;Parque do Ibirapuera;-23,587416;-46,657634;40;02/12/25;4
Vila Mariana;Parque do Ibirapuera;-23,587416;-46,657634;40;02/12/25;7
Vila Mariana;Parque do Ibirapuera;-23,587416;-46,657634;40;02/12/25;8
Vila Mariana;Parque do Ibirapuera;-23,587416;-46,657634;40;02/12/25;9
Vila Mariana;Parque do Ibirapuera;-23,587416;-46,657634;40;03/12/25;1
Vila Mariana;Parque do Ibirapuera;-23,587416;-46,657634;40;03/12/25;1
Vila Mariana;Parque do Ibirapuera;-23,587416;-46,657634;40;03/12/25;2
Vila Mariana;Parque do Ibirapuera;-23,587416;-46,657634;40;03/12/25;2
Vila Mariana;Parque do Ibirapuera;-23,587416;-46,657634;40;03/12/25;3
Vila Mariana;Parque do Ibirapuera;-23,587416;-46,657634;40;03/12/25;3
Vila Mariana;Parque do Ibirapuera;-23,587416;-46,657634;40;03/12/25;4
Vila Mariana;Parque do Ibirapuera;-23,587416;-46,657634;40;03/12/25;4
Vila Mariana;Parque do Ibirapuera;-23,587416;-46,657634;40;03/12/25;6
Vila Mariana;Parque do Ibirapuera;-23,587416;-46,657634;40;03/12/25;6
Vila Mariana;Parque do Ibirapuera;-23,587416;-46,657634;40;03/12/25;7
Vila Mariana;Parque do Ibirapuera;-23,587416;-46,657634;40;03/12/25;7
Vila Mariana;Parque do Ibirapuera;-23,587416;-46,657634;40;03/12/25;8
Vila Mariana;Parque do Ibirapuera;-23,587416;-46,657634;40;03/12/25;9
Vila Mariana;Parque do Ibirapuera;-23,587416;-46,657634;40;03/12/25;9
Vila Mariana;Parque do Ibirapuera;-23,587416;-46,657634;40;03/12/25;9
Vila Mariana;Parque do Ibirapuera;-23,587416;-46,657634;40;03/12/25;10
Vila Mariana;Parque do Ibirapuera;-23,587416;-46,657634;40;03/12/25;10
Vila Mariana;Parque do Ibirapuera;-23,587416;-46,657634;40;04/12/25;1
Vila Mariana;Parque do Ibirapuera;-23,587416;-46,657634;40;04/12/25;1
Vila Mariana;Parque do Ibirapuera;-23,587416;-46,657634;40;04/12/25;2
Vila Mariana;Parque do Ibirapuera;-23,587416;-46,657634;40;04/12/25;2
Vila Mariana;Parque do Ibirapuera;-23,587416;-46,657634;40;04/12/25;2
Vila Mariana;Parque do Ibirapuera;-23,587416;-46,657634;40;04/12/25;2
Vila Mariana;Parque do Ibirapuera;-23,587416;-46,657634;40;04/12/25;3
Vila Mariana;Parque do Ibirapuera;-23,587416;-46,657634;40;04/12/25;4
Vila Mariana;Parque do Ibirapuera;-23,587416;-46,657634;40;04/12/25;4
Vila Mariana;Parque do Ibirapuera;-23,587416;-46,657634;40;04/12/25;5
Vila Mariana;Parque do Ibirapuera;-23,587416;-46,657634;40;04/12/25;5
Vila Mariana;Parque do Ibirapuera;-23,587416;-46,657634;40;04/12/25;7
Vila Mariana;Parque do Ibirapuera;-23,587416;-46,657634;40;04/12/25;7
Vila Mariana;Parque do Ibirapuera;-23,587416;-46,657634;40;04/12/25;9
Vila Mariana;Parque do Ibirapuera;-23,587416;-46,657634;40;04/12/25;9
Vila Mariana;Parque do Ibirapuera;-23,587416;-46,657634;40;04/12/25;10
Vila Mariana;Parque do Ibirapuera;-23,587416;-46,657634;40;05/12/25;1
Vila Mariana;Parque do Ibirapuera;-23,587416;-46,657634;40;05/12/25;1
Vila Mariana;Parque do Ibirapuera;-23,587416;-46,657634;40;05/12/25;1
Vila Mariana;Parque do Ibirapuera;-23,587416;-46,657634;40;05/12/25;1
Vila Mariana;Parque do Ibirapuera;-23,587416;-46,657634;40;05/12/25;2
Vila Mariana;Parque do Ibirapuera;-23,587416;-46,657634;40;05/12/25;3
Vila Mariana;Parque do Ibirapuera;-23,587416;-46,657634;40;05/12/25;4
Vila Mariana;Parque do Ibirapuera;-23,587416;-46,657634;40;05/12/25;5
Vila Mariana;Parque do Ibirapuera;-23,587416;-46,657634;40;05/12/25;7
Vila Mariana;Parque do Ibirapuera;-23,587416;-46,657634;40;05/12/25;8
Vila Mariana;Parque do Ibirapuera;-23,587416;-46,657634;40;05/12/25;10
Vila Mariana;Parque do Ibirapuera;-23,587416;-46,657634;40;06/12/25;2
Vila Mariana;Parque do Ibirapuera;-23,587416;-46,657634;40;06/12/25;2
Vila Mariana;Parque do Ibirapuera;-23,587416;-46,657634;40;06/12/25;3
Vila Mariana;Parque do Ibirapuera;-23,587416;-46,657634;40;06/12/25;3
Vila Mariana;Parque do Ibirapuera;-23,587416;-46,657634;40;06/12/25;3
Vila Mariana;Parque do Ibirapuera;-23,587416;-46,657634;40;06/12/25;4
Vila Mariana;Parque do Ibirapuera;-23,587416;-46,657634;40;06/12/25;4
Vila Mariana;Parque do Ibirapuera;-23,587416;-46,657634;40;06/12/25;4
Vila Mariana;Parque do Ibirapuera;-23,587416;-46,657634;40;06/12/25;4
Vila Mariana;Parque do Ibirapuera;-23,587416;-46,657634;40;06/12/25;5
Vila Mariana;Parque do Ibirapuera;-23,587416;-46,657634;40;06/12/25;6
Vila Mariana;Parque do Ibirapuera;-23,587416;-46,657634;40;06/12/25;9
Vila Mariana;Parque do Ibirapuera;-23,587416;-46,657634;40;06/12/25;9
Vila Mariana;Parque do Ibirapuera;-23,587416;-46,657634;40;06/12/25;9
Vila Mariana;Parque do Ibirapuera;-23,587416;-46,657634;40;07/12/25;1
Vila Mariana;Parque do Ibirapuera;-23,587416;-46,657634;40;07/12/25;3
Vila Mariana;Parque do Ibirapuera;-23,587416;-46,657634;40;07/12/25;3
Vila Mariana;Parque do Ibirapuera;-23,587416;-46,657634;40;07/12/25;4
Vila Mariana;Parque do Ibirapuera;-23,587416;-46,657634;40;07/12/25;4
Vila Mariana;Parque do Ibirapuera;-23,587416;-46,657634;40;07/12/25;4
Vila Mariana;Parque do Ibirapuera;-23,587416;-46,657634;40;07/12/25;6
Vila Mariana;Parque do Ibirapuera;-23,587416;-46,657634;40;07/12/25;7
Vila Mariana;Parque do Ibirapuera;-23,587416;-46,657634;40;07/12/25;7
Vila Mariana;Parque do Ibirapuera;-23,587416;-46,657634;40;07/12/25;8
Vila Mariana;Parque do Ibirapuera;-23,587416;-46,657634;40;07/12/25;10
Vila Mariana;Parque do Ibirapuera;-23,587416;-46,657634;40;08/12/25;1
Vila Mariana;Parque do Ibirapuera;-23,587416;-46,657634;40;08/12/25;2
Vila Mariana;Parque do Ibirapuera;-23,587416;-46,657634;40;08/12/25;4
Vila Mariana;Parque do Ibirapuera;-23,587416;-46,657634;40;08/12/25;4
Vila Mariana;Parque do Ibirapuera;-23,587416;-46,657634;40;08/12/25;4
Vila Mariana;Parque do Ibirapuera;-23,587416;-46,657634;40;08/12/25;4
Vila Mariana;Parque do Ibirapuera;-23,587416;-46,657634;40;08/12/25;4
Vila Mariana;Parque do Ibirapuera;-23,587416;-46,657634;40;08/12/25;5
Vila Mariana;Parque do Ibirapuera;-23,587416;-46,657634;40;08/12/25;6
Vila Mariana;Parque do Ibirapuera;-23,587416;-46,657634;40;08/12/25;7
Vila Mariana;Parque do Ibirapuera;-23,587416;-46,657634;40;08/12/25;7
Vila Mariana;Parque do Ibirapuera;-23,587416;-46,657634;40;08/12/25;7
Vila Mariana;Parque do Ibirapuera;-23,587416;-46,657634;40;08/12/25;8
Vila Mariana;Parque do Ibirapuera;-23,587416;-46,657634;40;08/12/25;8
Vila Mariana;Parque do Ibirapuera;-23,587416;-46,657634;40;08/12/25;8
Vila Mariana;Parque do Ibirapuera;-23,587416;-46,657634;40;08/12/25;9
Vila Mariana;Parque do Ibirapuera;-23,587416;-46,657634;40;08/12/25;10
Vila Mariana;Parque do Ibirapuera;-23,587416;-46,657634;30;01/01/26;3
Vila Mariana;Parque do Ibirapuera;-23,587416;-46,657634;30;01/01/26;3
Vila Mariana;Parque do Ibirapuera;-23,587416;-46,657634;30;01/01/26;5
Vila Mariana;Parque do Ibirapuera;-23,587416;-46,657634;30;01/01/26;8
Vila Mariana;Parque do Ibirapuera;-23,587416;-46,657634;30;01/01/26;10
Vila Mariana;Parque do Ibirapuera;-23,587416;-46,657634;30;02/01/26;2
Vila Mariana;Parque do Ibirapuera;-23,587416;-46,657634;30;02/01/26;5
Vila Mariana;Parque do Ibirapuera;-23,587416;-46,657634;30;02/01/26;5
Vila Mariana;Parque do Ibirapuera;-23,587416;-46,657634;30;02/01/26;8
Vila Mariana;Parque do Ibirapuera;-23,587416;-46,657634;30;02/01/26;8
Vila Mariana;Parque do Ibirapuera;-23,587416;-46,657634;30;02/01/26;8
Vila Mariana;Parque do Ibirapuera;-23,587416;-46,657634;30;02/01/26;9
Vila Mariana;Parque do Ibirapuera;-23,587416;-46,657634;30;03/01/26;1
Vila Mariana;Parque do Ibirapuera;-23,587416;-46,657634;30;03/01/26;2
Vila Mariana;Parque do Ibirapuera;-23,587416;-46,657634;30;03/01/26;2
Vila Mariana;Parque do Ibirapuera;-23,587416;-46,657634;30;03/01/26;2
Vila Mariana;Parque do Ibirapuera;-23,587416;-46,657634;30;03/01/26;3
Vila Mariana;Parque do Ibirapuera;-23,587416;-46,657634;30;03/01/26;4
Vila Mariana;Parque do Ibirapuera;-23,587416;-46,657634;30;03/01/26;6
Vila Mariana;Parque do Ibirapuera;-23,587416;-46,657634;30;03/01/26;6
Vila Mariana;Parque do Ibirapuera;-23,587416;-46,657634;30;03/01/26;7
Vila Mariana;Parque do Ibirapuera;-23,587416;-46,657634;30;03/01/26;7
Vila Mariana;Parque do Ibirapuera;-23,587416;-46,657634;30;03/01/26;8
Vila Mariana;Parque do Ibirapuera;-23,587416;-46,657634;30;03/01/26;8
Vila Mariana;Parque do Ibirapuera;-23,587416;-46,657634;30;03/01/26;9
Vila Mariana;Parque do Ibirapuera;-23,587416;-46,657634;30;03/01/26;10
Vila Mariana;Parque do Ibirapuera;-23,587416;-46,657634;30;04/01/26;1
Vila Mariana;Parque do Ibirapuera;-23,587416;-46,657634;30;04/01/26;1
Vila Mariana;Parque do Ibirapuera;-23,587416;-46,657634;30;04/01/26;2
Vila Mariana;Parque do Ibirapuera;-23,587416;-46,657634;30;04/01/26;3
Vila Mariana;Parque do Ibirapuera;-23,587416;-46,657634;30;04/01/26;4
Vila Mariana;Parque do Ibirapuera;-23,587416;-46,657634;30;04/01/26;5
Vila Mariana;Parque do Ibirapuera;-23,587416;-46,657634;30;04/01/26;5
Vila Mariana;Parque do Ibirapuera;-23,587416;-46,657634;30;04/01/26;5
Vila Mariana;Parque do Ibirapuera;-23,587416;-46,657634;30;04/01/26;7
Vila Mariana;Parque do Ibirapuera;-23,587416;-46,657634;30;04/01/26;7
Vila Mariana;Parque do Ibirapuera;-23,587416;-46,657634;30;04/01/26;8
Vila Mariana;Parque do Ibirapuera;-23,587416;-46,657634;30;04/01/26;9
Vila Mariana;Parque do Ibirapuera;-23,587416;-46,657634;30;04/01/26;10
Vila Mariana;Parque do Ibirapuera;-23,587416;-46,657634;30;04/01/26;10
Vila Mariana;Parque do Ibirapuera;-23,587416;-46,657634;30;05/01/26;1
Vila Mariana;Parque do Ibirapuera;-23,587416;-46,657634;30;05/01/26;1
Vila Mariana;Parque do Ibirapuera;-23,587416;-46,657634;30;05/01/26;1
Vila Mariana;Parque do Ibirapuera;-23,587416;-46,657634;30;05/01/26;3
Vila Mariana;Parque do Ibirapuera;-23,587416;-46,657634;30;05/01/26;3
Vila Mariana;Parque do Ibirapuera;-23,587416;-46,657634;30;05/01/26;4
Vila Mariana;Parque do Ibirapuera;-23,587416;-46,657634;30;05/01/26;4
Vila Mariana;Parque do Ibirapuera;-23,587416;-46,657634;30;05/01/26;6
Vila Mariana;Parque do Ibirapuera;-23,587416;-46,657634;30;05/01/26;7
Vila Mariana;Parque do Ibirapuera;-23,587416;-46,657634;30;05/01/26;8
Vila Mariana;Parque do Ibirapuera;-23,587416;-46,657634;30;05/01/26;9
Vila Mariana;Parque do Ibirapuera;-23,587416;-46,657634;30;05/01/26;9
Vila Mariana;Parque do Ibirapuera;-23,587416;-46,657634;30;06/01/26;2
Vila Mariana;Parque do Ibirapuera;-23,587416;-46,657634;30;06/01/26;2
Vila Mariana;Parque do Ibirapuera;-23,587416;-46,657634;30;06/01/26;2
Vila Mariana;Parque do Ibirapuera;-23,587416;-46,657634;30;06/01/26;3
Vila Mariana;Parque do Ibirapuera;-23,587416;-46,657634;30;06/01/26;3
Vila Mariana;Parque do Ibirapuera;-23,587416;-46,657634;30;06/01/26;3
Vila Mariana;Parque do Ibirapuera;-23,587416;-46,657634;30;06/01/26;3
Vila Mariana;Parque do Ibirapuera;-23,587416;-46,657634;30;06/01/26;4
Vila Mariana;Parque do Ibirapuera;-23,587416;-46,657634;30;06/01/26;5
Vila Mariana;Parque do Ibirapuera;-23,587416;-46,657634;30;06/01/26;5
Vila Mariana;Parque do Ibirapuera;-23,587416;-46,657634;30;06/01/26;8
Vila Mariana;Parque do Ibirapuera;-23,587416;-46,657634;30;06/01/26;9
Vila Mariana;Parque do Ibirapuera;-23,587416;-46,657634;30;06/01/26;9
Vila Mariana;Parque do Ibirapuera;-23,587416;-46,657634;30;06/01/26;9
Vila Mariana;Parque do Ibirapuera;-23,587416;-46,657634;30;07/01/26;1
Vila Mariana;Parque do Ibirapuera;-23,587416;-46,657634;30;07/01/26;1
Vila Mariana;Parque do Ibirapuera;-23,587416;-46,657634;30;07/01/26;4
Vila Mariana;Parque do Ibirapuera;-23,587416;-46,657634;30;07/01/26;5
Vila Mariana;Parque do Ibirapuera;-23,587416;-46,657634;30;07/01/26;5
Vila Mariana;Parque do Ibirapuera;-23,587416;-46,657634;30;07/01/26;5
Vila Mariana;Parque do Ibirapuera;-23,587416;-46,657634;30;07/01/26;6
Vila Mariana;Parque do Ibirapuera;-23,587416;-46,657634;30;07/01/26;6
Vila Mariana;Parque do Ibirapuera;-23,587416;-46,657634;30;07/01/26;6
Vila Mariana;Parque do Ibirapuera;-23,587416;-46,657634;30;07/01/26;7
Vila Mariana;Parque do Ibirapuera;-23,587416;-46,657634;30;07/01/26;10
Vila Mariana;Parque do Ibirapuera;-23,587416;-46,657634;30;08/01/26;2
Vila Mariana;Parque do Ibirapuera;-23,587416;-46,657634;30;08/01/26;2
Vila Mariana;Parque do Ibirapuera;-23,587416;-46,657634;30;08/01/26;2
Vila Mariana;Parque do Ibirapuera;-23,587416;-46,657634;30;08/01/26;3
Vila Mariana;Parque do Ibirapuera;-23,587416;-46,657634;30;08/01/26;4
Vila Mariana;Parque do Ibirapuera;-23,587416;-46,657634;30;08/01/26;4
Vila Mariana;Parque do Ibirapuera;-23,587416;-46,657634;30;08/01/26;4
Vila Mariana;Parque do Ibirapuera;-23,587416;-46,657634;30;08/01/26;5
Vila Mariana;Parque do Ibirapuera;-23,587416;-46,657634;30;08/01/26;6
Vila Mariana;Parque do Ibirapuera;-23,587416;-46,657634;30;08/01/26;8
Vila Mariana;Parque do Ibirapuera;-23,587416;-46,657634;30;08/01/26;8
Vila Mariana;Parque do Ibirapuera;-23,587416;-46,657634;30;08/01/26;9
Vila Mariana;Parque do Ibirapuera;-23,587416;-46,657634;30;08/01/26;9
Vila Mariana;Parque do Ibirapuera;-23,587416;-46,657634;30;08/01/26;9
Vila Mariana;Parque do Ibirapuera;-23,587416;-46,657634;30;08/01/26;10
Vila Mariana;Parque do Ibirapuera;-23,587416;-46,657634;30;08/01/26;10
Vila Mariana;Parque do Ibirapuera;-23,587416;-46,657634;0;01/02/26;2
Vila Mariana;Parque do Ibirapuera;-23,587416;-46,657634;0;01/02/26;2
Vila Mariana;Parque do Ibirapuera;-23,587416;-46,657634;0;01/02/26;5
Vila Mariana;Parque do Ibirapuera;-23,587416;-46,657634;0;01/02/26;6
Vila Mariana;Parque do Ibirapuera;-23,587416;-46,657634;0;01/02/26;8
Vila Mariana;Parque do Ibirapuera;-23,587416;-46,657634;0;01/02/26;8
Vila Mariana;Parque do Ibirapuera;-23,587416;-46,657634;0;01/02/26;8
Vila Mariana;Parque do Ibirapuera;-23,587416;-46,657634;0;02/02/26;3
Vila Mariana;Parque do Ibirapuera;-23,587416;-46,657634;0;02/02/26;6
Vila Mariana;Parque do Ibirapuera;-23,587416;-46,657634;0;02/02/26;9
Vila Mariana;Parque do Ibirapuera;-23,587416;-46,657634;0;02/02/26;10
Vila Mariana;Parque do Ibirapuera;-23,587416;-46,657634;0;02/02/26;10
Vila Mariana;Parque do Ibirapuera;-23,587416;-46,657634;0;03/02/26;1
Vila Mariana;Parque do Ibirapuera;-23,587416;-46,657634;0;03/02/26;7
Vila Mariana;Parque do Ibirapuera;-23,587416;-46,657634;0;03/02/26;8
Vila Mariana;Parque do Ibirapuera;-23,587416;-46,657634;0;03/02/26;9
Vila Mariana;Parque do Ibirapuera;-23,587416;-46,657634;0;03/02/26;10
Vila Mariana;Parque do Ibirapuera;-23,587416;-46,657634;0;04/02/26;1
Vila Mariana;Parque do Ibirapuera;-23,587416;-46,657634;0;04/02/26;1
Vila Mariana;Parque do Ibirapuera;-23,587416;-46,657634;0;04/02/26;2
Vila Mariana;Parque do Ibirapuera;-23,587416;-46,657634;0;04/02/26;2
Vila Mariana;Parque do Ibirapuera;-23,587416;-46,657634;0;04/02/26;2
Vila Mariana;Parque do Ibirapuera;-23,587416;-46,657634;0;04/02/26;3
Vila Mariana;Parque do Ibirapuera;-23,587416;-46,657634;0;04/02/26;3
Vila Mariana;Parque do Ibirapuera;-23,587416;-46,657634;0;04/02/26;4
Vila Mariana;Parque do Ibirapuera;-23,587416;-46,657634;0;04/02/26;5
Vila Mariana;Parque do Ibirapuera;-23,587416;-46,657634;0;04/02/26;8
Vila Mariana;Parque do Ibirapuera;-23,587416;-46,657634;0;04/02/26;10
Vila Mariana;Parque do Ibirapuera;-23,587416;-46,657634;0;04/02/26;10
Vila Mariana;Parque do Ibirapuera;-23,587416;-46,657634;0;05/02/26;1
Vila Mariana;Parque do Ibirapuera;-23,587416;-46,657634;0;05/02/26;1
Vila Mariana;Parque do Ibirapuera;-23,587416;-46,657634;0;05/02/26;3
Vila Mariana;Parque do Ibirapuera;-23,587416;-46,657634;0;05/02/26;4
Vila Mariana;Parque do Ibirapuera;-23,587416;-46,657634;0;05/02/26;7
Vila Mariana;Parque do Ibirapuera;-23,587416;-46,657634;0;05/02/26;8
Vila Mariana;Parque do Ibirapuera;-23,587416;-46,657634;0;05/02/26;9
Vila Mariana;Parque do Ibirapuera;-23,587416;-46,657634;0;05/02/26;10
Vila Mariana;Parque do Ibirapuera;-23,587416;-46,657634;0;06/02/26;3
Vila Mariana;Parque do Ibirapuera;-23,587416;-46,657634;0;06/02/26;3
Vila Mariana;Parque do Ibirapuera;-23,587416;-46,657634;0;06/02/26;4
Vila Mariana;Parque do Ibirapuera;-23,587416;-46,657634;0;06/02/26;4
Vila Mariana;Parque do Ibirapuera;-23,587416;-46,657634;0;06/02/26;7
Vila Mariana;Parque do Ibirapuera;-23,587416;-46,657634;0;06/02/26;7
Vila Mariana;Parque do Ibirapuera;-23,587416;-46,657634;0;07/02/26;3
Vila Mariana;Parque do Ibirapuera;-23,587416;-46,657634;0;07/02/26;4
Vila Mariana;Parque do Ibirapuera;-23,587416;-46,657634;0;07/02/26;8
Vila Mariana;Parque do Ibirapuera;-23,587416;-46,657634;0;07/02/26;9
Vila Mariana;Parque do Ibirapuera;-23,587416;-46,657634;0;08/02/26;3
Vila Mariana;Parque do Ibirapuera;-23,587416;-46,657634;0;08/02/26;3
Vila Mariana;Parque do Ibirapuera;-23,587416;-46,657634;0;08/02/26;4
Vila Mariana;Parque do Ibirapuera;-23,587416;-46,657634;0;08/02/26;4
Vila Mariana;Parque do Ibirapuera;-23,587416;-46,657634;0;08/02/26;4
Vila Mariana;Parque do Ibirapuera;-23,587416;-46,657634;0;08/02/26;6
Vila Mariana;Parque do Ibirapuera;-23,587416;-46,657634;0;08/02/26;7
Vila Mariana;Parque do Ibirapuera;-23,587416;-46,657634;0;08/02/26;7
Vila Mariana;Parque do Ibirapuera;-23,587416;-46,657634;0;08/02/26;8
Vila Mariana;Parque do Ibirapuera;-23,587416;-46,657634;0;08/02/26;9
Vila Mariana;Parque do Ibirapuera;-23,587416;-46,657634;25;01/03/26;1
Vila Mariana;Parque do Ibirapuera;-23,587416;-46,657634;25;01/03/26;1
Vila Mariana;Parque do Ibirapuera;-23,587416;-46,657634;25;01/03/26;2
Vila Mariana;Parque do Ibirapuera;-23,587416;-46,657634;25;01/03/26;2
Vila Mariana;Parque do Ibirapuera;-23,587416;-46,657634;25;01/03/26;3
Vila Mariana;Parque do Ibirapuera;-23,587416;-46,657634;25;01/03/26;5
Vila Mariana;Parque do Ibirapuera;-23,587416;-46,657634;25;01/03/26;5
Vila Mariana;Parque do Ibirapuera;-23,587416;-46,657634;25;01/03/26;5
Vila Mariana;Parque do Ibirapuera;-23,587416;-46,657634;25;01/03/26;6
Vila Mariana;Parque do Ibirapuera;-23,587416;-46,657634;25;01/03/26;6
Vila Mariana;Parque do Ibirapuera;-23,587416;-46,657634;25;01/03/26;7
Vila Mariana;Parque do Ibirapuera;-23,587416;-46,657634;25;01/03/26;7
Vila Mariana;Parque do Ibirapuera;-23,587416;-46,657634;25;01/03/26;7
Vila Mariana;Parque do Ibirapuera;-23,587416;-46,657634;25;01/03/26;8
Vila Mariana;Parque do Ibirapuera;-23,587416;-46,657634;25;02/03/26;1
Vila Mariana;Parque do Ibirapuera;-23,587416;-46,657634;25;02/03/26;2
Vila Mariana;Parque do Ibirapuera;-23,587416;-46,657634;25;02/03/26;2
Vila Mariana;Parque do Ibirapuera;-23,587416;-46,657634;25;02/03/26;2
Vila Mariana;Parque do Ibirapuera;-23,587416;-46,657634;25;02/03/26;3
Vila Mariana;Parque do Ibirapuera;-23,587416;-46,657634;25;02/03/26;3
Vila Mariana;Parque do Ibirapuera;-23,587416;-46,657634;25;02/03/26;3
Vila Mariana;Parque do Ibirapuera;-23,587416;-46,657634;25;02/03/26;4
Vila Mariana;Parque do Ibirapuera;-23,587416;-46,657634;25;02/03/26;4
Vila Mariana;Parque do Ibirapuera;-23,587416;-46,657634;25;02/03/26;5
Vila Mariana;Parque do Ibirapuera;-23,587416;-46,657634;25;02/03/26;6
Vila Mariana;Parque do Ibirapuera;-23,587416;-46,657634;25;02/03/26;6
Vila Mariana;Parque do Ibirapuera;-23,587416;-46,657634;25;02/03/26;6
Vila Mariana;Parque do Ibirapuera;-23,587416;-46,657634;25;02/03/26;8
Vila Mariana;Parque do Ibirapuera;-23,587416;-46,657634;25;02/03/26;8
Vila Mariana;Parque do Ibirapuera;-23,587416;-46,657634;25;02/03/26;8
Vila Mariana;Parque do Ibirapuera;-23,587416;-46,657634;25;02/03/26;9
Vila Mariana;Parque do Ibirapuera;-23,587416;-46,657634;25;02/03/26;10
Vila Mariana;Parque do Ibirapuera;-23,587416;-46,657634;25;02/03/26;10
Vila Mariana;Parque do Ibirapuera;-23,587416;-46,657634;25;03/03/26;2
Vila Mariana;Parque do Ibirapuera;-23,587416;-46,657634;25;03/03/26;2
Vila Mariana;Parque do Ibirapuera;-23,587416;-46,657634;25;03/03/26;2
Vila Mariana;Parque do Ibirapuera;-23,587416;-46,657634;25;03/03/26;3
Vila Mariana;Parque do Ibirapuera;-23,587416;-46,657634;25;03/03/26;3
Vila Mariana;Parque do Ibirapuera;-23,587416;-46,657634;25;03/03/26;4
Vila Mariana;Parque do Ibirapuera;-23,587416;-46,657634;25;03/03/26;6
Vila Mariana;Parque do Ibirapuera;-23,587416;-46,657634;25;03/03/26;6
Vila Mariana;Parque do Ibirapuera;-23,587416;-46,657634;25;03/03/26;7
Vila Mariana;Parque do Ibirapuera;-23,587416;-46,657634;25;03/03/26;7
Vila Mariana;Parque do Ibirapuera;-23,587416;-46,657634;25;03/03/26;8
Vila Mariana;Parque do Ibirapuera;-23,587416;-46,657634;25;03/03/26;9
Vila Mariana;Parque do Ibirapuera;-23,587416;-46,657634;25;03/03/26;9
Vila Mariana;Parque do Ibirapuera;-23,587416;-46,657634;25;03/03/26;9
Vila Mariana;Parque do Ibirapuera;-23,587416;-46,657634;25;04/03/26;2
Vila Mariana;Parque do Ibirapuera;-23,587416;-46,657634;25;04/03/26;4
Vila Mariana;Parque do Ibirapuera;-23,587416;-46,657634;25;04/03/26;5
Vila Mariana;Parque do Ibirapuera;-23,587416;-46,657634;25;04/03/26;6
Vila Mariana;Parque do Ibirapuera;-23,587416;-46,657634;25;04/03/26;7
Vila Mariana;Parque do Ibirapuera;-23,587416;-46,657634;25;04/03/26;8
Vila Mariana;Parque do Ibirapuera;-23,587416;-46,657634;25;04/03/26;9
Vila Mariana;Parque do Ibirapuera;-23,587416;-46,657634;25;04/03/26;10
Vila Mariana;Parque do Ibirapuera;-23,587416;-46,657634;25;05/03/26;1
Vila Mariana;Parque do Ibirapuera;-23,587416;-46,657634;25;05/03/26;2
Vila Mariana;Parque do Ibirapuera;-23,587416;-46,657634;25;05/03/26;3
Vila Mariana;Parque do Ibirapuera;-23,587416;-46,657634;25;05/03/26;3
Vila Mariana;Parque do Ibirapuera;-23,587416;-46,657634;25;05/03/26;3
Vila Mariana;Parque do Ibirapuera;-23,587416;-46,657634;25;05/03/26;5
Vila Mariana;Parque do Ibirapuera;-23,587416;-46,657634;25;05/03/26;5
Vila Mariana;Parque do Ibirapuera;-23,587416;-46,657634;25;05/03/26;6
Vila Mariana;Parque do Ibirapuera;-23,587416;-46,657634;25;05/03/26;6
Vila Mariana;Parque do Ibirapuera;-23,587416;-46,657634;25;05/03/26;6
Vila Mariana;Parque do Ibirapuera;-23,587416;-46,657634;25;05/03/26;7
Vila Mariana;Parque do Ibirapuera;-23,587416;-46,657634;25;05/03/26;7
Vila Mariana;Parque do Ibirapuera;-23,587416;-46,657634;25;05/03/26;8
Vila Mariana;Parque do Ibirapuera;-23,587416;-46,657634;25;05/03/26;9
Vila Mariana;Parque do Ibirapuera;-23,587416;-46,657634;25;05/03/26;9
Vila Mariana;Parque do Ibirapuera;-23,587416;-46,657634;25;05/03/26;9
Vila Mariana;Parque do Ibirapuera;-23,587416;-46,657634;25;06/03/26;2
Vila Mariana;Parque do Ibirapuera;-23,587416;-46,657634;25;06/03/26;3
Vila Mariana;Parque do Ibirapuera;-23,587416;-46,657634;25;06/03/26;4
Vila Mariana;Parque do Ibirapuera;-23,587416;-46,657634;25;06/03/26;4
Vila Mariana;Parque do Ibirapuera;-23,587416;-46,657634;25;06/03/26;4
Vila Mariana;Parque do Ibirapuera;-23,587416;-46,657634;25;06/03/26;6
Vila Mariana;Parque do Ibirapuera;-23,587416;-46,657634;25;06/03/26;6
Vila Mariana;Parque do Ibirapuera;-23,587416;-46,657634;25;06/03/26;6
Vila Mariana;Parque do Ibirapuera;-23,587416;-46,657634;25;06/03/26;6
Vila Mariana;Parque do Ibirapuera;-23,587416;-46,657634;25;06/03/26;7
Vila Mariana;Parque do Ibirapuera;-23,587416;-46,657634;25;06/03/26;7
Vila Mariana;Parque do Ibirapuera;-23,587416;-46,657634;25;06/03/26;7
Vila Mariana;Parque do Ibirapuera;-23,587416;-46,657634;25;06/03/26;7
Vila Mariana;Parque do Ibirapuera;-23,587416;-46,657634;25;06/03/26;8
Vila Mariana;Parque do Ibirapuera;-23,587416;-46,657634;25;06/03/26;8
Vila Mariana;Parque do Ibirapuera;-23,587416;-46,657634;25;06/03/26;8
Vila Mariana;Parque do Ibirapuera;-23,587416;-46,657634;25;07/03/26;3
Vila Mariana;Parque do Ibirapuera;-23,587416;-46,657634;25;07/03/26;3
Vila Mariana;Parque do Ibirapuera;-23,587416;-46,657634;25;07/03/26;4
Vila Mariana;Parque do Ibirapuera;-23,587416;-46,657634;25;07/03/26;5
Vila Mariana;Parque do Ibirapuera;-23,587416;-46,657634;25;07/03/26;6
Vila Mariana;Parque do Ibirapuera;-23,587416;-46,657634;25;07/03/26;6
Vila Mariana;Parque do Ibirapuera;-23,587416;-46,657634;25;07/03/26;6
Vila Mariana;Parque do Ibirapuera;-23,587416;-46,657634;25;07/03/26;6
Vila Mariana;Parque do Ibirapuera;-23,587416;-46,657634;25;07/03/26;7
Vila Mariana;Parque do Ibirapuera;-23,587416;-46,657634;25;07/03/26;10
Vila Mariana;Parque do Ibirapuera;-23,587416;-46,657634;25;07/03/26;10
Vila Mariana;Parque do Ibirapuera;-23,587416;-46,657634;25;07/03/26;10
Vila Mariana;Parque do Ibirapuera;-23,587416;-46,657634;25;08/03/26;2
Vila Mariana;Parque do Ibirapuera;-23,587416;-46,657634;25;08/03/26;2
Vila Mariana;Parque do Ibirapuera;-23,587416;-46,657634;25;08/03/26;2
Vila Mariana;Parque do Ibirapuera;-23,587416;-46,657634;25;08/03/26;3
Vila Mariana;Parque do Ibirapuera;-23,587416;-46,657634;25;08/03/26;3
Vila Mariana;Parque do Ibirapuera;-23,587416;-46,657634;25;08/03/26;3
Vila Mariana;Parque do Ibirapuera;-23,587416;-46,657634;25;08/03/26;3
Vila Mariana;Parque do Ibirapuera;-23,587416;-46,657634;25;08/03/26;4
Vila Mariana;Parque do Ibirapuera;-23,587416;-46,657634;25;08/03/26;4
Vila Mariana;Parque do Ibirapuera;-23,587416;-46,657634;25;08/03/26;4
Vila Mariana;Parque do Ibirapuera;-23,587416;-46,657634;25;08/03/26;4
Vila Mariana;Parque do Ibirapuera;-23,587416;-46,657634;25;08/03/26;4
Vila Mariana;Parque do Ibirapuera;-23,587416;-46,657634;25;08/03/26;6
Vila Mariana;Parque do Ibirapuera;-23,587416;-46,657634;25;08/03/26;7
Vila Mariana;Parque do Ibirapuera;-23,587416;-46,657634;25;08/03/26;8
Vila Mariana;Parque do Ibirapuera;-23,587416;-46,657634;25;08/03/26;8
Vila Mariana;Parque do Ibirapuera;-23,587416;-46,657634;25;08/03/26;9
Vila Mariana;Parque do Ibirapuera;-23,587416;-46,657634;25;08/03/26;9
Vila Mariana;Parque do Ibirapuera;-23,587416;-46,657634;25;08/03/26;10
Vila Mariana;Parque do Ibirapuera;-23,587416;-46,657634;25;08/03/26;10
Vila Mariana;Parque do Ibirapuera;-23,587416;-46,657634;15;01/04/26;1
Vila Mariana;Parque do Ibirapuera;-23,587416;-46,657634;15;01/04/26;1
Vila Mariana;Parque do Ibirapuera;-23,587416;-46,657634;15;01/04/26;1
Vila Mariana;Parque do Ibirapuera;-23,587416;-46,657634;15;01/04/26;2
Vila Mariana;Parque do Ibirapuera;-23,587416;-46,657634;15;01/04/26;3
Vila Mariana;Parque do Ibirapuera;-23,587416;-46,657634;15;01/04/26;3
Vila Mariana;Parque do Ibirapuera;-23,587416;-46,657634;15;01/04/26;4
Vila Mariana;Parque do Ibirapuera;-23,587416;-46,657634;15;01/04/26;4
Vila Mariana;Parque do Ibirapuera;-23,587416;-46,657634;15;01/04/26;4
Vila Mariana;Parque do Ibirapuera;-23,587416;-46,657634;15;01/04/26;5
Vila Mariana;Parque do Ibirapuera;-23,587416;-46,657634;15;01/04/26;8
Vila Mariana;Parque do Ibirapuera;-23,587416;-46,657634;15;01/04/26;8
Vila Mariana;Parque do Ibirapuera;-23,587416;-46,657634;15;01/04/26;8
Vila Mariana;Parque do Ibirapuera;-23,587416;-46,657634;15;01/04/26;9
Vila Mariana;Parque do Ibirapuera;-23,587416;-46,657634;15;01/04/26;10
Vila Mariana;Parque do Ibirapuera;-23,587416;-46,657634;15;02/04/26;3
Vila Mariana;Parque do Ibirapuera;-23,587416;-46,657634;15;02/04/26;3
Vila Mariana;Parque do Ibirapuera;-23,587416;-46,657634;15;02/04/26;3
Vila Mariana;Parque do Ibirapuera;-23,587416;-46,657634;15;02/04/26;6
Vila Mariana;Parque do Ibirapuera;-23,587416;-46,657634;15;02/04/26;6
Vila Mariana;Parque do Ibirapuera;-23,587416;-46,657634;15;02/04/26;7
Vila Mariana;Parque do Ibirapuera;-23,587416;-46,657634;15;02/04/26;7
Vila Mariana;Parque do Ibirapuera;-23,587416;-46,657634;15;02/04/26;9
Vila Mariana;Parque do Ibirapuera;-23,587416;-46,657634;15;02/04/26;10
Vila Mariana;Parque do Ibirapuera;-23,587416;-46,657634;15;03/04/26;1
Vila Mariana;Parque do Ibirapuera;-23,587416;-46,657634;15;03/04/26;2
Vila Mariana;Parque do Ibirapuera;-23,587416;-46,657634;15;03/04/26;2
Vila Mariana;Parque do Ibirapuera;-23,587416;-46,657634;15;03/04/26;3
Vila Mariana;Parque do Ibirapuera;-23,587416;-46,657634;15;03/04/26;4
Vila Mariana;Parque do Ibirapuera;-23,587416;-46,657634;15;03/04/26;4
Vila Mariana;Parque do Ibirapuera;-23,587416;-46,657634;15;03/04/26;4
Vila Mariana;Parque do Ibirapuera;-23,587416;-46,657634;15;03/04/26;6
Vila Mariana;Parque do Ibirapuera;-23,587416;-46,657634;15;03/04/26;6
Vila Mariana;Parque do Ibirapuera;-23,587416;-46,657634;15;03/04/26;6
Vila Mariana;Parque do Ibirapuera;-23,587416;-46,657634;15;03/04/26;7
Vila Mariana;Parque do Ibirapuera;-23,587416;-46,657634;15;03/04/26;7
Vila Mariana;Parque do Ibirapuera;-23,587416;-46,657634;15;03/04/26;7
Vila Mariana;Parque do Ibirapuera;-23,587416;-46,657634;15;03/04/26;8
Vila Mariana;Parque do Ibirapuera;-23,587416;-46,657634;15;03/04/26;8
Vila Mariana;Parque do Ibirapuera;-23,587416;-46,657634;15;03/04/26;9
Vila Mariana;Parque do Ibirapuera;-23,587416;-46,657634;15;03/04/26;9
Vila Mariana;Parque do Ibirapuera;-23,587416;-46,657634;15;03/04/26;10
Vila Mariana;Parque do Ibirapuera;-23,587416;-46,657634;15;04/04/26;1
Vila Mariana;Parque do Ibirapuera;-23,587416;-46,657634;15;04/04/26;2
Vila Mariana;Parque do Ibirapuera;-23,587416;-46,657634;15;04/04/26;2
Vila Mariana;Parque do Ibirapuera;-23,587416;-46,657634;15;04/04/26;2
Vila Mariana;Parque do Ibirapuera;-23,587416;-46,657634;15;04/04/26;2
Vila Mariana;Parque do Ibirapuera;-23,587416;-46,657634;15;04/04/26;4
Vila Mariana;Parque do Ibirapuera;-23,587416;-46,657634;15;04/04/26;5
Vila Mariana;Parque do Ibirapuera;-23,587416;-46,657634;15;04/04/26;5
Vila Mariana;Parque do Ibirapuera;-23,587416;-46,657634;15;04/04/26;6
Vila Mariana;Parque do Ibirapuera;-23,587416;-46,657634;15;04/04/26;8
Vila Mariana;Parque do Ibirapuera;-23,587416;-46,657634;15;04/04/26;9
Vila Mariana;Parque do Ibirapuera;-23,587416;-46,657634;15;04/04/26;9
Vila Mariana;Parque do Ibirapuera;-23,587416;-46,657634;15;04/04/26;9
Vila Mariana;Parque do Ibirapuera;-23,587416;-46,657634;15;05/04/26;2
Vila Mariana;Parque do Ibirapuera;-23,587416;-46,657634;15;05/04/26;3
Vila Mariana;Parque do Ibirapuera;-23,587416;-46,657634;15;05/04/26;3
Vila Mariana;Parque do Ibirapuera;-23,587416;-46,657634;15;05/04/26;3
Vila Mariana;Parque do Ibirapuera;-23,587416;-46,657634;15;05/04/26;4
Vila Mariana;Parque do Ibirapuera;-23,587416;-46,657634;15;05/04/26;7
Vila Mariana;Parque do Ibirapuera;-23,587416;-46,657634;15;05/04/26;7
Vila Mariana;Parque do Ibirapuera;-23,587416;-46,657634;15;05/04/26;9
Vila Mariana;Parque do Ibirapuera;-23,587416;-46,657634;15;05/04/26;9
Vila Mariana;Parque do Ibirapuera;-23,587416;-46,657634;15;06/04/26;1
Vila Mariana;Parque do Ibirapuera;-23,587416;-46,657634;15;06/04/26;1
Vila Mariana;Parque do Ibirapuera;-23,587416;-46,657634;15;06/04/26;1
Vila Mariana;Parque do Ibirapuera;-23,587416;-46,657634;15;06/04/26;1
Vila Mariana;Parque do Ibirapuera;-23,587416;-46,657634;15;06/04/26;1
Vila Mariana;Parque do Ibirapuera;-23,587416;-46,657634;15;06/04/26;3
Vila Mariana;Parque do Ibirapuera;-23,587416;-46,657634;15;06/04/26;3
Vila Mariana;Parque do Ibirapuera;-23,587416;-46,657634;15;06/04/26;3
Vila Mariana;Parque do Ibirapuera;-23,587416;-46,657634;15;06/04/26;5
Vila Mariana;Parque do Ibirapuera;-23,587416;-46,657634;15;06/04/26;6
Vila Mariana;Parque do Ibirapuera;-23,587416;-46,657634;15;06/04/26;6
Vila Mariana;Parque do Ibirapuera;-23,587416;-46,657634;15;06/04/26;6
Vila Mariana;Parque do Ibirapuera;-23,587416;-46,657634;15;06/04/26;6
Vila Mariana;Parque do Ibirapuera;-23,587416;-46,657634;15;06/04/26;6
Vila Mariana;Parque do Ibirapuera;-23,587416;-46,657634;15;06/04/26;6
Vila Mariana;Parque do Ibirapuera;-23,587416;-46,657634;15;06/04/26;6
Vila Mariana;Parque do Ibirapuera;-23,587416;-46,657634;15;06/04/26;7
Vila Mariana;Parque do Ibirapuera;-23,587416;-46,657634;15;06/04/26;8
Vila Mariana;Parque do Ibirapuera;-23,587416;-46,657634;15;06/04/26;9
Vila Mariana;Parque do Ibirapuera;-23,587416;-46,657634;15;06/04/26;10
Vila Mariana;Parque do Ibirapuera;-23,587416;-46,657634;15;06/04/26;10
Vila Mariana;Parque do Ibirapuera;-23,587416;-46,657634;15;06/04/26;10
Vila Mariana;Parque do Ibirapuera;-23,587416;-46,657634;15;07/04/26;1
Vila Mariana;Parque do Ibirapuera;-23,587416;-46,657634;15;07/04/26;1
Vila Mariana;Parque do Ibirapuera;-23,587416;-46,657634;15;07/04/26;2
Vila Mariana;Parque do Ibirapuera;-23,587416;-46,657634;15;07/04/26;3
Vila Mariana;Parque do Ibirapuera;-23,587416;-46,657634;15;07/04/26;4
Vila Mariana;Parque do Ibirapuera;-23,587416;-46,657634;15;07/04/26;4
Vila Mariana;Parque do Ibirapuera;-23,587416;-46,657634;15;07/04/26;4
Vila Mariana;Parque do Ibirapuera;-23,587416;-46,657634;15;07/04/26;4
Vila Mariana;Parque do Ibirapuera;-23,587416;-46,657634;15;07/04/26;4
Vila Mariana;Parque do Ibirapuera;-23,587416;-46,657634;15;07/04/26;5
Vila Mariana;Parque do Ibirapuera;-23,587416;-46,657634;15;07/04/26;6
Vila Mariana;Parque do Ibirapuera;-23,587416;-46,657634;15;07/04/26;7
Vila Mariana;Parque do Ibirapuera;-23,587416;-46,657634;15;07/04/26;8
Vila Mariana;Parque do Ibirapuera;-23,587416;-46,657634;15;07/04/26;8
Vila Mariana;Parque do Ibirapuera;-23,587416;-46,657634;15;07/04/26;9
Vila Mariana;Parque do Ibirapuera;-23,587416;-46,657634;15;07/04/26;9
Vila Mariana;Parque do Ibirapuera;-23,587416;-46,657634;15;07/04/26;9
Vila Mariana;Parque do Ibirapuera;-23,587416;-46,657634;15;07/04/26;10
Vila Mariana;Parque do Ibirapuera;-23,587416;-46,657634;15;08/04/26;1
Vila Mariana;Parque do Ibirapuera;-23,587416;-46,657634;15;08/04/26;2
Vila Mariana;Parque do Ibirapuera;-23,587416;-46,657634;15;08/04/26;2
Vila Mariana;Parque do Ibirapuera;-23,587416;-46,657634;15;08/04/26;3
Vila Mariana;Parque do Ibirapuera;-23,587416;-46,657634;15;08/04/26;3
Vila Mariana;Parque do Ibirapuera;-23,587416;-46,657634;15;08/04/26;4
Vila Mariana;Parque do Ibirapuera;-23,587416;-46,657634;15;08/04/26;6
Vila Mariana;Parque do Ibirapuera;-23,587416;-46,657634;15;08/04/26;7
Vila Mariana;Parque do Ibirapuera;-23,587416;-46,657634;15;08/04/26;8
Vila Mariana;Parque do Ibirapuera;-23,587416;-46,657634;15;08/04/26;9
Vila Mariana;Parque do Ibirapuera;-23,587416;-46,657634;15;08/04/26;9
Vila Mariana;Parque do Ibirapuera;-23,587416;-46,657634;25;01/05/26;3
Vila Mariana;Parque do Ibirapuera;-23,587416;-46,657634;25;01/05/26;3
Vila Mariana;Parque do Ibirapuera;-23,587416;-46,657634;25;01/05/26;4
Vila Mariana;Parque do Ibirapuera;-23,587416;-46,657634;25;01/05/26;4
Vila Mariana;Parque do Ibirapuera;-23,587416;-46,657634;25;01/05/26;6
Vila Mariana;Parque do Ibirapuera;-23,587416;-46,657634;25;01/05/26;7
Vila Mariana;Parque do Ibirapuera;-23,587416;-46,657634;25;01/05/26;7
Vila Mariana;Parque do Ibirapuera;-23,587416;-46,657634;25;01/05/26;7
Vila Mariana;Parque do Ibirapuera;-23,587416;-46,657634;25;01/05/26;8
Vila Mariana;Parque do Ibirapuera;-23,587416;-46,657634;25;01/05/26;8
Vila Mariana;Parque do Ibirapuera;-23,587416;-46,657634;25;01/05/26;10
Vila Mariana;Parque do Ibirapuera;-23,587416;-46,657634;25;01/05/26;10
Vila Mariana;Parque do Ibirapuera;-23,587416;-46,657634;25;01/05/26;10
Vila Mariana;Parque do Ibirapuera;-23,587416;-46,657634;25;02/05/26;1
Vila Mariana;Parque do Ibirapuera;-23,587416;-46,657634;25;02/05/26;2
Vila Mariana;Parque do Ibirapuera;-23,587416;-46,657634;25;02/05/26;2
Vila Mariana;Parque do Ibirapuera;-23,587416;-46,657634;25;02/05/26;2
Vila Mariana;Parque do Ibirapuera;-23,587416;-46,657634;25;02/05/26;2
Vila Mariana;Parque do Ibirapuera;-23,587416;-46,657634;25;02/05/26;3
Vila Mariana;Parque do Ibirapuera;-23,587416;-46,657634;25;02/05/26;3
Vila Mariana;Parque do Ibirapuera;-23,587416;-46,657634;25;02/05/26;3
Vila Mariana;Parque do Ibirapuera;-23,587416;-46,657634;25;02/05/26;4
Vila Mariana;Parque do Ibirapuera;-23,587416;-46,657634;25;02/05/26;5
Vila Mariana;Parque do Ibirapuera;-23,587416;-46,657634;25;02/05/26;5
Vila Mariana;Parque do Ibirapuera;-23,587416;-46,657634;25;02/05/26;7
Vila Mariana;Parque do Ibirapuera;-23,587416;-46,657634;25;02/05/26;8
Vila Mariana;Parque do Ibirapuera;-23,587416;-46,657634;25;02/05/26;9
Vila Mariana;Parque do Ibirapuera;-23,587416;-46,657634;25;03/05/26;1
Vila Mariana;Parque do Ibirapuera;-23,587416;-46,657634;25;03/05/26;1
Vila Mariana;Parque do Ibirapuera;-23,587416;-46,657634;25;03/05/26;2
Vila Mariana;Parque do Ibirapuera;-23,587416;-46,657634;25;03/05/26;3
Vila Mariana;Parque do Ibirapuera;-23,587416;-46,657634;25;03/05/26;3
Vila Mariana;Parque do Ibirapuera;-23,587416;-46,657634;25;03/05/26;3
Vila Mariana;Parque do Ibirapuera;-23,587416;-46,657634;25;03/05/26;5
Vila Mariana;Parque do Ibirapuera;-23,587416;-46,657634;25;03/05/26;6
Vila Mariana;Parque do Ibirapuera;-23,587416;-46,657634;25;03/05/26;6
Vila Mariana;Parque do Ibirapuera;-23,587416;-46,657634;25;03/05/26;6
Vila Mariana;Parque do Ibirapuera;-23,587416;-46,657634;25;03/05/26;8
Vila Mariana;Parque do Ibirapuera;-23,587416;-46,657634;25;03/05/26;8
Vila Mariana;Parque do Ibirapuera;-23,587416;-46,657634;25;03/05/26;8
Vila Mariana;Parque do Ibirapuera;-23,587416;-46,657634;25;03/05/26;8
Vila Mariana;Parque do Ibirapuera;-23,587416;-46,657634;25;03/05/26;9
Vila Mariana;Parque do Ibirapuera;-23,587416;-46,657634;25;04/05/26;2
Vila Mariana;Parque do Ibirapuera;-23,587416;-46,657634;25;04/05/26;3
Vila Mariana;Parque do Ibirapuera;-23,587416;-46,657634;25;04/05/26;3
Vila Mariana;Parque do Ibirapuera;-23,587416;-46,657634;25;04/05/26;3
Vila Mariana;Parque do Ibirapuera;-23,587416;-46,657634;25;04/05/26;4
Vila Mariana;Parque do Ibirapuera;-23,587416;-46,657634;25;04/05/26;5
Vila Mariana;Parque do Ibirapuera;-23,587416;-46,657634;25;04/05/26;5
Vila Mariana;Parque do Ibirapuera;-23,587416;-46,657634;25;04/05/26;5
Vila Mariana;Parque do Ibirapuera;-23,587416;-46,657634;25;04/05/26;6
Vila Mariana;Parque do Ibirapuera;-23,587416;-46,657634;25;04/05/26;6
Vila Mariana;Parque do Ibirapuera;-23,587416;-46,657634;25;04/05/26;7
Vila Mariana;Parque do Ibirapuera;-23,587416;-46,657634;25;04/05/26;8
Vila Mariana;Parque do Ibirapuera;-23,587416;-46,657634;25;04/05/26;8
Vila Mariana;Parque do Ibirapuera;-23,587416;-46,657634;25;04/05/26;10
Vila Mariana;Parque do Ibirapuera;-23,587416;-46,657634;25;05/05/26;1
Vila Mariana;Parque do Ibirapuera;-23,587416;-46,657634;25;05/05/26;1
Vila Mariana;Parque do Ibirapuera;-23,587416;-46,657634;25;05/05/26;3
Vila Mariana;Parque do Ibirapuera;-23,587416;-46,657634;25;05/05/26;3
Vila Mariana;Parque do Ibirapuera;-23,587416;-46,657634;25;05/05/26;3
Vila Mariana;Parque do Ibirapuera;-23,587416;-46,657634;25;05/05/26;4
Vila Mariana;Parque do Ibirapuera;-23,587416;-46,657634;25;05/05/26;4
Vila Mariana;Parque do Ibirapuera;-23,587416;-46,657634;25;05/05/26;5
Vila Mariana;Parque do Ibirapuera;-23,587416;-46,657634;25;05/05/26;5
Vila Mariana;Parque do Ibirapuera;-23,587416;-46,657634;25;05/05/26;5
Vila Mariana;Parque do Ibirapuera;-23,587416;-46,657634;25;05/05/26;7
Vila Mariana;Parque do Ibirapuera;-23,587416;-46,657634;25;05/05/26;7
Vila Mariana;Parque do Ibirapuera;-23,587416;-46,657634;25;05/05/26;8
Vila Mariana;Parque do Ibirapuera;-23,587416;-46,657634;25;05/05/26;9
Vila Mariana;Parque do Ibirapuera;-23,587416;-46,657634;25;06/05/26;2
Vila Mariana;Parque do Ibirapuera;-23,587416;-46,657634;25;06/05/26;5
Vila Mariana;Parque do Ibirapuera;-23,587416;-46,657634;25;06/05/26;5
Vila Mariana;Parque do Ibirapuera;-23,587416;-46,657634;25;06/05/26;6
Vila Mariana;Parque do Ibirapuera;-23,587416;-46,657634;25;06/05/26;6
Vila Mariana;Parque do Ibirapuera;-23,587416;-46,657634;25;06/05/26;7
Vila Mariana;Parque do Ibirapuera;-23,587416;-46,657634;25;06/05/26;8
Vila Mariana;Parque do Ibirapuera;-23,587416;-46,657634;25;06/05/26;8
Vila Mariana;Parque do Ibirapuera;-23,587416;-46,657634;25;06/05/26;8
Vila Mariana;Parque do Ibirapuera;-23,587416;-46,657634;25;06/05/26;9
Vila Mariana;Parque do Ibirapuera;-23,587416;-46,657634;25;06/05/26;9
Vila Mariana;Parque do Ibirapuera;-23,587416;-46,657634;25;06/05/26;9
Vila Mariana;Parque do Ibirapuera;-23,587416;-46,657634;25;06/05/26;10
Vila Mariana;Parque do Ibirapuera;-23,587416;-46,657634;25;07/05/26;1
Vila Mariana;Parque do Ibirapuera;-23,587416;-46,657634;25;07/05/26;1
Vila Mariana;Parque do Ibirapuera;-23,587416;-46,657634;25;07/05/26;2
Vila Mariana;Parque do Ibirapuera;-23,587416;-46,657634;25;07/05/26;2
Vila Mariana;Parque do Ibirapuera;-23,587416;-46,657634;25;07/05/26;3
Vila Mariana;Parque do Ibirapuera;-23,587416;-46,657634;25;07/05/26;3
Vila Mariana;Parque do Ibirapuera;-23,587416;-46,657634;25;07/05/26;4
Vila Mariana;Parque do Ibirapuera;-23,587416;-46,657634;25;07/05/26;4
Vila Mariana;Parque do Ibirapuera;-23,587416;-46,657634;25;07/05/26;5
Vila Mariana;Parque do Ibirapuera;-23,587416;-46,657634;25;07/05/26;6
Vila Mariana;Parque do Ibirapuera;-23,587416;-46,657634;25;07/05/26;6
Vila Mariana;Parque do Ibirapuera;-23,587416;-46,657634;25;07/05/26;8
Vila Mariana;Parque do Ibirapuera;-23,587416;-46,657634;25;07/05/26;8
Vila Mariana;Parque do Ibirapuera;-23,587416;-46,657634;25;07/05/26;9
Vila Mariana;Parque do Ibirapuera;-23,587416;-46,657634;25;07/05/26;10
Vila Mariana;Parque do Ibirapuera;-23,587416;-46,657634;25;08/05/26;1
Vila Mariana;Parque do Ibirapuera;-23,587416;-46,657634;25;08/05/26;2
Vila Mariana;Parque do Ibirapuera;-23,587416;-46,657634;25;08/05/26;3
Vila Mariana;Parque do Ibirapuera;-23,587416;-46,657634;25;08/05/26;3
Vila Mariana;Parque do Ibirapuera;-23,587416;-46,657634;25;08/05/26;4
Vila Mariana;Parque do Ibirapuera;-23,587416;-46,657634;25;08/05/26;5
Vila Mariana;Parque do Ibirapuera;-23,587416;-46,657634;25;08/05/26;6
Vila Mariana;Parque do Ibirapuera;-23,587416;-46,657634;25;08/05/26;6
Vila Mariana;Parque do Ibirapuera;-23,587416;-46,657634;25;08/05/26;6
Vila Mariana;Parque do Ibirapuera;-23,587416;-46,657634;25;08/05/26;6
Vila Mariana;Parque do Ibirapuera;-23,587416;-46,657634;25;08/05/26;7
Vila Mariana;Parque do Ibirapuera;-23,587416;-46,657634;25;08/05/26;8
Vila Mariana;Parque do Ibirapuera;-23,587416;-46,657634;25;08/05/26;9
Vila Mariana;Parque do Ibirapuera;-23,587416;-46,657634;25;08/05/26;10
Vila Olimpia;Shopping JK Iguatemi;-23,595;-46,689;0;01/01/24;2
Vila Olimpia;Shopping JK Iguatemi;-23,595;-46,689;0;01/01/24;2
Vila Olimpia;Shopping JK Iguatemi;-23,595;-46,689;0;01/01/24;2
Vila Olimpia;Shopping JK Iguatemi;-23,595;-46,689;0;01/01/24;3
Vila Olimpia;Shopping JK Iguatemi;-23,595;-46,689;0;01/01/24;4
Vila Olimpia;Shopping JK Iguatemi;-23,595;-46,689;0;01/01/24;7
Vila Olimpia;Shopping JK Iguatemi;-23,595;-46,689;0;01/01/24;7
Vila Olimpia;Shopping JK Iguatemi;-23,595;-46,689;0;01/01/24;10
Vila Olimpia;Shopping JK Iguatemi;-23,595;-46,689;0;01/01/24;10
Vila Olimpia;Shopping JK Iguatemi;-23,595;-46,689;0;01/01/24;10
Vila Olimpia;Shopping JK Iguatemi;-23,595;-46,689;0;01/01/24;10
Vila Olimpia;Shopping JK Iguatemi;-23,595;-46,689;0;02/01/24;2
Vila Olimpia;Shopping JK Iguatemi;-23,595;-46,689;0;02/01/24;3
Vila Olimpia;Shopping JK Iguatemi;-23,595;-46,689;0;02/01/24;3
Vila Olimpia;Shopping JK Iguatemi;-23,595;-46,689;0;02/01/24;7
Vila Olimpia;Shopping JK Iguatemi;-23,595;-46,689;0;02/01/24;8
Vila Olimpia;Shopping JK Iguatemi;-23,595;-46,689;0;02/01/24;9
Vila Olimpia;Shopping JK Iguatemi;-23,595;-46,689;0;03/01/24;3
Vila Olimpia;Shopping JK Iguatemi;-23,595;-46,689;0;03/01/24;3
Vila Olimpia;Shopping JK Iguatemi;-23,595;-46,689;0;03/01/24;9
Vila Olimpia;Shopping JK Iguatemi;-23,595;-46,689;0;03/01/24;10
Vila Olimpia;Shopping JK Iguatemi;-23,595;-46,689;0;04/01/24;1
Vila Olimpia;Shopping JK Iguatemi;-23,595;-46,689;0;04/01/24;8
Vila Olimpia;Shopping JK Iguatemi;-23,595;-46,689;0;04/01/24;10
Vila Olimpia;Shopping JK Iguatemi;-23,595;-46,689;0;05/01/24;3
Vila Olimpia;Shopping JK Iguatemi;-23,595;-46,689;0;05/01/24;4
Vila Olimpia;Shopping JK Iguatemi;-23,595;-46,689;0;05/01/24;5
Vila Olimpia;Shopping JK Iguatemi;-23,595;-46,689;0;05/01/24;5
Vila Olimpia;Shopping JK Iguatemi;-23,595;-46,689;0;05/01/24;5
Vila Olimpia;Shopping JK Iguatemi;-23,595;-46,689;0;05/01/24;6
Vila Olimpia;Shopping JK Iguatemi;-23,595;-46,689;0;05/01/24;7
Vila Olimpia;Shopping JK Iguatemi;-23,595;-46,689;0;05/01/24;7
Vila Olimpia;Shopping JK Iguatemi;-23,595;-46,689;0;05/01/24;9
Vila Olimpia;Shopping JK Iguatemi;-23,595;-46,689;0;05/01/24;10
Vila Olimpia;Shopping JK Iguatemi;-23,595;-46,689;0;06/01/24;3
Vila Olimpia;Shopping JK Iguatemi;-23,595;-46,689;0;06/01/24;3
Vila Olimpia;Shopping JK Iguatemi;-23,595;-46,689;0;06/01/24;5
Vila Olimpia;Shopping JK Iguatemi;-23,595;-46,689;0;06/01/24;5
Vila Olimpia;Shopping JK Iguatemi;-23,595;-46,689;0;06/01/24;7
Vila Olimpia;Shopping JK Iguatemi;-23,595;-46,689;0;06/01/24;7
Vila Olimpia;Shopping JK Iguatemi;-23,595;-46,689;0;06/01/24;8
Vila Olimpia;Shopping JK Iguatemi;-23,595;-46,689;0;06/01/24;9
Vila Olimpia;Shopping JK Iguatemi;-23,595;-46,689;0;06/01/24;9
Vila Olimpia;Shopping JK Iguatemi;-23,595;-46,689;0;07/01/24;1
Vila Olimpia;Shopping JK Iguatemi;-23,595;-46,689;0;07/01/24;1
Vila Olimpia;Shopping JK Iguatemi;-23,595;-46,689;0;07/01/24;1
Vila Olimpia;Shopping JK Iguatemi;-23,595;-46,689;0;07/01/24;1
Vila Olimpia;Shopping JK Iguatemi;-23,595;-46,689;0;07/01/24;2
Vila Olimpia;Shopping JK Iguatemi;-23,595;-46,689;0;07/01/24;3
Vila Olimpia;Shopping JK Iguatemi;-23,595;-46,689;0;07/01/24;5
Vila Olimpia;Shopping JK Iguatemi;-23,595;-46,689;0;07/01/24;6
Vila Olimpia;Shopping JK Iguatemi;-23,595;-46,689;0;07/01/24;7
Vila Olimpia;Shopping JK Iguatemi;-23,595;-46,689;0;07/01/24;9
Vila Olimpia;Shopping JK Iguatemi;-23,595;-46,689;0;08/01/24;2
Vila Olimpia;Shopping JK Iguatemi;-23,595;-46,689;0;08/01/24;2
Vila Olimpia;Shopping JK Iguatemi;-23,595;-46,689;0;08/01/24;4
Vila Olimpia;Shopping JK Iguatemi;-23,595;-46,689;0;08/01/24;6
Vila Olimpia;Shopping JK Iguatemi;-23,595;-46,689;0;08/01/24;7
Vila Olimpia;Shopping JK Iguatemi;-23,595;-46,689;0;08/01/24;10
Vila Olimpia;Shopping JK Iguatemi;-23,595;-46,689;0;08/01/24;10
Vila Olimpia;Shopping JK Iguatemi;-23,595;-46,689;0;08/01/24;10
