NR_CHAMADO,ID_CIDADAO,ID_LOGRADOURO,ID_SUBCATEGORIA,DT_ABERTURA,DS_CHAMADO,NR_SCORE_PRIORIDADE,ST_CHAMADO,ID_CANAL,DT_PRAZO_ESTIMADO,DT_RESOLUCAO,NR_LATITUDE,NR_LONGITUDE
1,1,1,1,2024-12-18,Buraco de 80cm de diâmetro na pista bloqueando faixa de rolamento,86,ABERTO,1,2024-12-21,,-23.5529269,-46.6952999
2,2,2,2,2024-02-14,Piso tátil completamente destruído prejudica deficientes visuais,55,EM_ANALISE,2,2024-02-29,,-23.5579215,-46.6867623
3,3,3,3,2025-07-03,Base do poste comprometida por obra irregular próxima,75,EM_ATENDIMENTO,1,2025-07-10,,-23.5622938,-46.7069567
4,4,4,4,2025-01-22,Três postes sem luz em trecho de 200m desde há 20 dias,64,RESOLVIDO,2,2025-01-29,2025-01-23,-23.5726424,-46.7053763
5,5,5,5,2025-07-19,Luz intermitente no poste causa incômodo e risco visual,35,ENCERRADO,2,2025-08-18,2025-08-26,-23.5459816,-46.4605139
6,6,6,6,2025-10-05,"Cabo pendurado a 1m do chão, risco gravíssimo de choque",84,ABERTO,2,2025-10-08,,-23.5397607,-46.4602547
7,7,7,7,2025-08-14,Calçada tomada por lixo doméstico há 5 dias sem coleta,58,EM_ANALISE,3,2025-08-29,,-23.5518868,-46.603122
8,8,8,8,2025-12-22,Material de construção abandonado há 3 semanas obstáculo,53,EM_ATENDIMENTO,1,2026-01-06,,-23.5532223,-46.599117
9,9,9,9,2024-02-16,Vandalismo com tinta em praça recém-reformada,21,RESOLVIDO,1,2024-04-01,2024-02-23,-23.5786134,-46.5825609
10,10,10,10,2024-10-23,Lote baldio com água acumulada apresenta larvas de dengue,82,ENCERRADO,2,2024-10-26,2024-11-13,-23.5889394,-46.5764301
11,11,11,11,2024-08-26,Galeria de esgoto transbordando em frente à escola,77,ABERTO,2,2024-08-29,,-23.4968145,-46.6228432
12,12,12,12,2025-01-24,Animal morto em área de lazer precisa de remoção urgente,64,EM_ANALISE,2,2025-01-31,,-23.4948226,-46.6270576
13,13,13,13,2025-04-09,Estrutura metálica do ponto de ônibus completamente enferrujada,41,EM_ATENDIMENTO,3,2025-05-09,,-23.5240471,-46.5405778
14,14,14,14,2024-06-15,Banco do abrigo quebrado impede uso por idosos e gestantes,44,RESOLVIDO,1,2024-07-15,2024-06-29,-23.5270718,-46.5395451
15,15,15,15,2024-12-29,Faixa escolar desgastada: motoristas não param para pedestres,58,ENCERRADO,1,2025-01-13,2024-12-31,-23.6242652,-46.6705273
16,16,16,16,2025-11-17,Câmera de segurança virada para baixo sem ângulo de cobertura,67,ABERTO,5,2025-11-24,,-23.6242065,-46.672788
17,17,17,17,2025-12-19,Sinal de trânsito com verde eterno causa acidentes na via,83,EM_ANALISE,4,2025-12-22,,-23.5942643,-46.6083718
18,18,18,18,2025-09-15,Placa de contramão derrubada causando acidentes recorrentes,49,EM_ATENDIMENTO,1,2025-09-30,,-23.593222,-46.6115578
19,19,19,19,2025-06-30,Árvore com galhos comprometidos sobre rede elétrica e passagem,80,RESOLVIDO,2,2025-07-03,2025-07-03,-23.5527963,-46.6280601
20,20,20,20,2024-06-16,Academia ao ar livre vandalizada há 2 meses sem reparo,40,ENCERRADO,3,2024-07-16,2024-07-04,-23.5486904,-46.6372463
21,21,1,21,2025-01-23,Mortandade de peixes em ribeirão por poluição a investigar,75,ABERTO,5,2025-01-30,,-23.5586392,-46.6910465
22,22,2,22,2025-10-17,Bueiro entupido causando alagamento mesmo em chuva fraca,69,EM_ANALISE,2,2025-10-24,,-23.55292,-46.6889166
23,23,3,23,2025-12-02,Indicação de nome de rua apagada dificulta localização,54,EM_ATENDIMENTO,1,2025-12-17,,-23.5628858,-46.698688
24,24,4,24,2024-02-27,Calçamento da praça levantado por raízes: risco de queda,43,RESOLVIDO,1,2024-03-28,2024-03-19,-23.5726148,-46.7042146
25,25,5,1,2024-02-02,Buraco de 80cm de diâmetro na pista bloqueando faixa de rolamento,82,ENCERRADO,3,2024-02-05,2024-02-19,-23.5437682,-46.4515851
26,26,6,2,2025-02-14,Piso tátil completamente destruído prejudica deficientes visuais,57,ABERTO,1,2025-03-01,,-23.5425239,-46.4550347
27,27,7,3,2024-03-08,Base do poste comprometida por obra irregular próxima,69,EM_ANALISE,1,2024-03-15,,-23.5506254,-46.5976938
28,28,8,4,2025-08-03,Três postes sem luz em trecho de 200m desde há 20 dias,67,EM_ATENDIMENTO,1,2025-08-10,,-23.5586405,-46.5964636
29,29,9,5,2024-08-05,Luz intermitente no poste causa incômodo e risco visual,43,RESOLVIDO,1,2024-09-04,2024-08-24,-23.583085,-46.5758261
30,30,10,6,2025-02-09,"Cabo pendurado a 1m do chão, risco gravíssimo de choque",90,ENCERRADO,2,2025-02-12,2025-02-10,-23.5874682,-46.5746295
31,31,11,7,2024-05-26,Calçada tomada por lixo doméstico há 5 dias sem coleta,61,ABERTO,1,2024-06-10,,-23.5054091,-46.6310346
32,32,12,8,2024-05-22,Material de construção abandonado há 3 semanas obstáculo,55,EM_ANALISE,1,2024-06-06,,-23.4989706,-46.622095
33,33,13,9,2025-07-28,Vandalismo com tinta em praça recém-reformada,26,EM_ATENDIMENTO,5,2025-09-11,,-23.5332377,-46.5434206
34,34,14,10,2025-08-21,Lote baldio com água acumulada apresenta larvas de dengue,83,RESOLVIDO,3,2025-08-24,2025-08-30,-23.5276506,-46.5363471
35,35,15,11,2025-08-20,Galeria de esgoto transbordando em frente à escola,88,ENCERRADO,2,2025-08-23,2025-09-03,-23.6268622,-46.6653513
36,36,16,12,2025-01-05,Animal morto em área de lazer precisa de remoção urgente,73,ABERTO,2,2025-01-12,,-23.6205564,-46.6707981
37,37,17,13,2024-05-21,Estrutura metálica do ponto de ônibus completamente enferrujada,40,EM_ANALISE,1,2024-06-20,,-23.5962614,-46.6107828
38,38,18,14,2024-04-03,Banco do abrigo quebrado impede uso por idosos e gestantes,48,EM_ATENDIMENTO,1,2024-05-03,,-23.5861542,-46.6054898
39,39,19,15,2024-04-22,Faixa escolar desgastada: motoristas não param para pedestres,48,RESOLVIDO,4,2024-05-07,2024-04-26,-23.549993,-46.6371562
40,40,20,16,2025-10-04,Câmera de segurança virada para baixo sem ângulo de cobertura,65,ENCERRADO,5,2025-10-11,2025-10-22,-23.5455538,-46.6357187
41,41,1,17,2025-11-27,Sinal de trânsito com verde eterno causa acidentes na via,80,ABERTO,4,2025-11-30,,-23.5529326,-46.6882924
42,42,2,18,2025-09-02,Placa de contramão derrubada causando acidentes recorrentes,60,EM_ANALISE,2,2025-09-17,,-23.5587659,-46.6864499
43,43,3,19,2025-01-29,Árvore com galhos comprometidos sobre rede elétrica e passagem,77,EM_ATENDIMENTO,1,2025-02-01,,-23.5636565,-46.7016358
44,44,4,20,2025-09-02,Academia ao ar livre vandalizada há 2 meses sem reparo,45,RESOLVIDO,4,2025-10-02,2025-09-15,-23.5691101,-46.7077663
45,45,5,21,2025-06-25,Mortandade de peixes em ribeirão por poluição a investigar,75,ENCERRADO,1,2025-07-02,2025-07-02,-23.5357553,-46.45292
46,46,6,22,2025-07-20,Bueiro entupido causando alagamento mesmo em chuva fraca,69,ABERTO,5,2025-07-27,,-23.5456049,-46.4523639
47,47,7,23,2025-11-27,Indicação de nome de rua apagada dificulta localização,47,EM_ANALISE,1,2025-12-12,,-23.5605722,-46.5973681
48,48,8,24,2025-11-29,Calçamento da praça levantado por raízes: risco de queda,36,EM_ATENDIMENTO,1,2025-12-29,,-23.5524728,-46.59401
49,49,9,1,2025-10-18,Buraco de 80cm de diâmetro na pista bloqueando faixa de rolamento,83,RESOLVIDO,1,2025-10-21,2025-10-20,-23.5843966,-46.5800024
50,50,10,2,2024-04-24,Piso tátil completamente destruído prejudica deficientes visuais,57,ENCERRADO,1,2024-05-09,2024-05-24,-23.5796308,-46.5815223
51,46,3,18,2025-06-12,Necessita programação para atendimento,38,EM_ATENDIMENTO,3,2025-06-20,,-23.5877088,-46.6530254
52,24,6,10,2025-03-30,"Foco crítico identificado, ação urgente",67,EM_ATENDIMENTO,3,2025-03-31,,-23.571491,-46.6576232
53,16,6,9,2025-11-15,Solicitação estética / cosmética,37,ABERTO,2,2026-01-04,,-23.566887,-46.642513
54,21,13,21,2025-09-12,"Ocorrência prioritária, moradores impactados",72,RESOLVIDO,4,2025-09-16,2025-09-18,-23.576613,-46.6572543
55,42,15,19,2025-12-03,"Foco crítico identificado, ação urgente",93,EM_ANALISE,2,2025-12-05,,-23.5828564,-46.6750924
56,9,17,24,2025-09-02,Manutenção preventiva necessária,42,RESOLVIDO,2,2025-09-25,2025-09-21,-23.5653242,-46.5210545
57,30,17,4,2025-10-18,Impacto significativo no bairro,54,RESOLVIDO,2,2025-10-22,2025-10-19,-23.5774293,-46.5716935
58,28,6,1,2025-12-05,Necessita intervenção emergencial,86,RESOLVIDO,1,2025-12-06,2025-12-06,-23.5673138,-46.471546
59,20,17,24,2025-08-14,Melhoria solicitada pelos cidadãos,33,EM_ATENDIMENTO,4,2025-09-03,,-23.5595515,-46.6717902
60,24,10,6,2026-01-03,Situação de risco iminente à população,82,ENCERRADO,1,2026-01-06,2026-01-05,-23.5780274,-46.6497821
61,31,18,19,2025-01-10,Perigo imediato à integridade física,95,RESOLVIDO,1,2025-01-11,2025-01-29,-23.5817437,-46.5780816
62,34,15,20,2025-03-19,Manutenção preventiva necessária,38,RESOLVIDO,2,2025-04-09,2025-04-09,-23.5839498,-46.6538257
63,46,2,11,2025-09-28,Perigo imediato à integridade física,65,EM_ANALISE,1,2025-10-01,,-23.5785529,-46.483645
64,9,19,11,2025-08-21,"Foco crítico identificado, ação urgente",67,EM_ANALISE,1,2025-08-22,,-23.5611894,-46.6492507
65,27,15,16,2025-06-27,Impacto significativo no bairro,75,ABERTO,2,2025-07-01,,-23.5468082,-46.6964572
66,7,8,21,2025-01-20,Necessita atendimento em até 72h,70,EM_ATENDIMENTO,4,2025-01-23,,-23.5804205,-46.5759286
67,36,4,5,2025-03-04,Melhoria solicitada pelos cidadãos,38,EM_ATENDIMENTO,2,2025-03-27,,-23.5874706,-46.4601794
68,26,2,1,2025-12-21,"Foco crítico identificado, ação urgente",67,ABERTO,2,2025-12-22,,-23.5817681,-46.7094612
69,36,16,13,2026-01-06,Ajuste operacional na infraestrutura,33,EM_ANALISE,5,2026-02-04,,-23.5822602,-46.635823
70,38,16,2,2025-12-12,Necessita programação para atendimento,53,ABERTO,1,2025-12-27,,-23.5648575,-46.49682
71,37,8,6,2025-08-18,Perigo imediato à integridade física,66,ENCERRADO,2,2025-08-19,2025-08-19,-23.561054,-46.7000646
72,14,11,3,2025-11-02,Necessita atendimento em até 72h,63,EM_ATENDIMENTO,5,2025-11-09,,-23.5780657,-46.6110535
73,40,19,22,2025-05-03,Problema grave afetando fluxo local,70,EM_ANALISE,1,2025-05-09,,-23.5401952,-46.6916848
74,29,18,7,2025-04-15,Necessita programação para atendimento,51,ENCERRADO,1,2025-04-24,2025-05-02,-23.554823,-46.5570806
75,9,9,21,2024-12-05,Problema grave afetando fluxo local,66,EM_ANALISE,5,2024-12-12,,-23.5842286,-46.683241
76,17,2,18,2025-04-19,Necessita programação para atendimento,39,RESOLVIDO,2,2025-04-30,2025-05-07,-23.5853851,-46.6041061
77,36,14,9,2024-12-02,Solicitação estética / cosmética,16,RESOLVIDO,3,2025-01-11,2024-12-19,-23.5619547,-46.6820315
78,10,14,23,2025-02-15,Necessita programação para atendimento,63,ABERTO,3,2025-03-02,,-23.5836277,-46.6329354
79,48,5,2,2025-06-02,Solicitação com impacto médio,63,RESOLVIDO,5,2025-06-12,2025-06-24,-23.5437118,-46.6508157
80,48,8,6,2026-01-20,"Foco crítico identificado, ação urgente",90,ENCERRADO,4,2026-01-21,2026-01-21,-23.5766597,-46.5131564
81,15,8,4,2024-12-20,Impacto significativo no bairro,62,EM_ANALISE,1,2024-12-26,,-23.5888168,-46.6617176
82,35,11,11,2025-01-05,"Risco elevado, comunicado à defesa civil",73,EM_ANALISE,2,2025-01-07,,-23.5430381,-46.6811646
83,21,14,9,2025-09-24,Zeladoria de baixa criticidade,20,ENCERRADO,1,2025-11-23,2025-11-02,-23.5596896,-46.5821442
84,35,7,13,2025-03-08,Manutenção preventiva necessária,43,ABERTO,1,2025-03-31,,-23.5717889,-46.6925065
85,20,17,22,2025-05-19,Problema grave afetando fluxo local,79,EM_ANALISE,3,2025-05-26,,-23.5745358,-46.6079018
86,44,6,13,2025-05-01,Ajuste operacional na infraestrutura,47,EM_ANALISE,5,2025-05-20,,-23.5592243,-46.6347625
87,39,11,18,2024-12-01,Solicitação com impacto médio,61,EM_ANALISE,3,2024-12-12,,-23.5667506,-46.5994601
88,49,8,7,2025-07-31,Ocorrência recorrente na região,51,RESOLVIDO,4,2025-08-09,2025-08-06,-23.5563602,-46.6538398
89,50,3,7,2024-12-13,Solicitação com impacto médio,39,EM_ANALISE,3,2024-12-20,,-23.5672292,-46.4884658
90,42,1,19,2025-12-03,"Foco crítico identificado, ação urgente",71,EM_ATENDIMENTO,1,2025-12-06,,-23.545367,-46.4948899
91,16,4,4,2025-07-06,Impacto significativo no bairro,74,ABERTO,1,2025-07-10,,-23.5671769,-46.5096458
92,47,17,22,2025-09-13,Impacto significativo no bairro,66,EM_ANALISE,3,2025-09-20,,-23.568663,-46.4832863
93,18,17,15,2025-02-20,Problema afeta rotina dos moradores,63,EM_ATENDIMENTO,4,2025-03-06,,-23.5657701,-46.6501885
94,35,3,15,2025-12-01,Necessita programação para atendimento,37,EM_ANALISE,1,2025-12-12,,-23.5830813,-46.6521846
95,30,14,23,2025-11-27,Solicitação com impacto médio,39,ABERTO,1,2025-12-07,,-23.5868867,-46.5017772
96,23,10,13,2025-09-26,Manutenção preventiva necessária,49,ENCERRADO,1,2025-10-11,2025-10-24,-23.5523262,-46.496638
97,2,13,14,2025-12-18,Manutenção preventiva necessária,42,EM_ATENDIMENTO,2,2026-01-09,,-23.5731935,-46.5402145
98,38,19,13,2025-02-23,Melhoria solicitada pelos cidadãos,48,ENCERRADO,4,2025-03-24,2025-04-11,-23.55685,-46.6890131
99,30,11,14,2025-07-25,Manutenção preventiva necessária,29,ABERTO,1,2025-08-14,,-23.573125,-46.49009
100,48,18,9,2026-01-30,Solicitação estética / cosmética,39,EM_ANALISE,2,2026-03-14,,-23.5873957,-46.4720201
101,16,5,8,2025-01-05,Ocorrência recorrente na região,55,RESOLVIDO,3,2025-01-12,2025-01-19,-23.5663219,-46.6814026
102,11,10,7,2025-11-24,Ocorrência recorrente na região,49,RESOLVIDO,3,2025-12-05,2025-12-04,-23.5845951,-46.7035804
103,45,8,10,2025-11-12,Perigo imediato à integridade física,83,EM_ATENDIMENTO,1,2025-11-14,,-23.5849049,-46.5168798
104,43,12,22,2026-01-17,Necessita atendimento em até 72h,69,RESOLVIDO,2,2026-01-20,2026-01-18,-23.5865522,-46.5481142
105,30,5,1,2025-07-04,Necessita intervenção emergencial,92,ABERTO,3,2025-07-06,,-23.5682256,-46.5265512
106,16,3,21,2025-10-12,Necessita atendimento em até 72h,58,RESOLVIDO,1,2025-10-19,2025-10-19,-23.5760536,-46.5972995
107,12,16,15,2025-10-09,Solicitação com impacto médio,53,EM_ANALISE,4,2025-10-22,,-23.579394,-46.5105419
108,47,14,11,2025-10-02,Perigo imediato à integridade física,73,ENCERRADO,1,2025-10-05,2025-10-05,-23.5655711,-46.5204588
109,15,13,23,2025-10-27,Ocorrência recorrente na região,50,EM_ATENDIMENTO,1,2025-11-10,,-23.5554106,-46.6334485
110,36,11,19,2025-07-31,"Foco crítico identificado, ação urgente",76,EM_ATENDIMENTO,5,2025-08-03,,-23.5724095,-46.5965637
111,31,9,10,2025-03-29,Perigo imediato à integridade física,73,RESOLVIDO,1,2025-03-30,2025-03-30,-23.5537707,-46.4658482
112,46,18,17,2025-04-24,Perigo imediato à integridade física,84,ENCERRADO,1,2025-04-25,2025-04-25,-23.5836709,-46.6986211
113,31,16,2,2025-04-29,Ocorrência recorrente na região,52,RESOLVIDO,3,2025-05-08,2025-05-12,-23.5679766,-46.6639091
114,37,10,2,2025-08-02,Ocorrência recorrente na região,43,ENCERRADO,1,2025-08-10,2025-08-04,-23.585741,-46.6479523
115,28,10,18,2025-07-02,Necessita programação para atendimento,59,RESOLVIDO,4,2025-07-12,2025-07-10,-23.5615685,-46.6949424
116,36,3,24,2025-12-26,Melhoria solicitada pelos cidadãos,28,RESOLVIDO,1,2026-01-16,2025-12-29,-23.5821734,-46.6078706
117,45,15,23,2025-07-29,Necessita programação para atendimento,54,ABERTO,3,2025-08-09,,-23.586441,-46.651644
118,15,5,9,2026-01-10,Zeladoria de baixa criticidade,40,RESOLVIDO,1,2026-03-01,2026-03-08,-23.5445794,-46.5033422
119,45,10,3,2025-02-23,Impacto significativo no bairro,51,RESOLVIDO,1,2025-02-28,2025-03-10,-23.5550133,-46.4743309
120,48,11,17,2025-08-10,Situação de risco iminente à população,82,ABERTO,4,2025-08-12,,-23.5598143,-46.7035338
121,12,16,8,2025-11-11,Ocorrência recorrente na região,65,ENCERRADO,3,2025-11-18,2025-11-27,-23.5640518,-46.5994426
122,22,11,9,2025-09-26,Zeladoria de baixa criticidade,20,RESOLVIDO,1,2025-11-08,2025-10-02,-23.5564933,-46.4955667
123,36,2,11,2025-11-21,"Foco crítico identificado, ação urgente",78,EM_ANALISE,4,2025-11-23,,-23.5672587,-46.6313707
124,4,7,11,2025-12-31,"Risco elevado, comunicado à defesa civil",68,ENCERRADO,2,2026-01-02,2026-01-03,-23.564078,-46.5543415
125,29,16,16,2025-07-15,"Ocorrência prioritária, moradores impactados",70,EM_ANALISE,5,2025-07-18,,-23.5839287,-46.4667133
126,6,8,20,2025-04-02,Melhoria solicitada pelos cidadãos,50,EM_ANALISE,3,2025-04-22,,-23.5403871,-46.4817675
127,18,14,15,2025-01-30,Necessita programação para atendimento,65,EM_ATENDIMENTO,2,2025-02-08,,-23.5482638,-46.4649388
128,18,14,8,2025-09-09,Problema afeta rotina dos moradores,49,EM_ATENDIMENTO,4,2025-09-18,,-23.5730062,-46.5130706
129,29,18,9,2025-04-24,Zeladoria de baixa criticidade,15,EM_ANALISE,4,2025-06-16,,-23.5657829,-46.62689
130,50,14,18,2025-07-22,Solicitação com impacto médio,47,ENCERRADO,1,2025-08-03,2025-08-11,-23.5878176,-46.5238237
131,3,5,23,2026-01-20,Problema afeta rotina dos moradores,64,EM_ATENDIMENTO,2,2026-02-02,,-23.5648854,-46.5624549
132,10,14,4,2025-07-14,Impacto significativo no bairro,77,EM_ATENDIMENTO,1,2025-07-17,,-23.5464534,-46.4675108
133,22,18,3,2026-01-05,Impacto significativo no bairro,65,EM_ANALISE,3,2026-01-10,,-23.5709995,-46.6308347
134,19,8,23,2025-12-24,Problema afeta rotina dos moradores,63,ENCERRADO,3,2026-01-07,2025-12-26,-23.5526617,-46.6015071
135,3,11,4,2025-10-21,Necessita atendimento em até 72h,74,EM_ATENDIMENTO,4,2025-10-24,,-23.5501928,-46.6366581
136,6,20,12,2025-02-13,"Ocorrência prioritária, moradores impactados",63,EM_ATENDIMENTO,1,2025-02-17,,-23.546458,-46.5550724
137,43,1,8,2025-09-25,Necessita programação para atendimento,50,EM_ANALISE,2,2025-10-04,,-23.5450546,-46.5936867
138,20,14,10,2025-09-06,Necessita intervenção emergencial,86,ABERTO,5,2025-09-07,,-23.5554843,-46.595791
139,37,10,10,2025-06-15,"Foco crítico identificado, ação urgente",71,ABERTO,3,2025-06-17,,-23.5403654,-46.6361923
140,48,16,22,2025-04-20,Problema grave afetando fluxo local,62,EM_ATENDIMENTO,4,2025-04-23,,-23.5483581,-46.4842663
141,44,5,8,2026-01-15,Problema afeta rotina dos moradores,54,EM_ANALISE,3,2026-01-27,,-23.5585876,-46.4841491
142,6,10,21,2025-05-08,Necessita atendimento em até 72h,51,ABERTO,3,2025-05-14,,-23.573664,-46.6061242
143,17,16,7,2026-01-07,Necessita programação para atendimento,39,ENCERRADO,4,2026-01-22,2026-01-16,-23.5416308,-46.6362146
144,36,12,11,2025-01-28,"Foco crítico identificado, ação urgente",90,ENCERRADO,5,2025-01-30,2025-01-29,-23.5854849,-46.6113564
145,41,12,9,2025-02-02,Zeladoria de baixa criticidade,32,EM_ANALISE,3,2025-03-18,,-23.5845827,-46.6515445
146,20,14,1,2025-09-14,"Foco crítico identificado, ação urgente",84,ENCERRADO,4,2025-09-16,2025-09-15,-23.5841662,-46.6986633
147,24,18,2,2025-08-10,Problema afeta rotina dos moradores,44,ABERTO,2,2025-08-18,,-23.5690437,-46.5244327
148,14,15,5,2025-11-01,Melhoria solicitada pelos cidadãos,38,ENCERRADO,3,2025-11-19,2025-11-10,-23.5677652,-46.6509718
149,18,7,12,2025-11-17,Necessita atendimento em até 72h,53,EM_ATENDIMENTO,1,2025-11-22,,-23.5415897,-46.4727473
150,16,5,15,2025-11-05,Ocorrência recorrente na região,37,RESOLVIDO,3,2025-11-15,2025-11-06,-23.5506511,-46.6586986
151,10,5,18,2025-09-27,Ocorrência recorrente na região,41,RESOLVIDO,1,2025-10-07,2025-09-30,-23.5629892,-46.5103715
152,2,6,4,2024-12-14,"Ocorrência prioritária, moradores impactados",71,ABERTO,3,2024-12-18,,-23.5767316,-46.6783104
153,7,15,14,2025-01-28,Manutenção preventiva necessária,41,EM_ATENDIMENTO,2,2025-02-14,,-23.5648081,-46.4736461
154,31,13,2,2026-01-06,Ocorrência recorrente na região,58,EM_ANALISE,1,2026-01-21,,-23.5686863,-46.6830095
155,40,19,23,2025-07-16,Ocorrência recorrente na região,64,ENCERRADO,1,2025-07-24,2025-07-19,-23.5625822,-46.6287036
156,45,4,20,2025-04-30,Manutenção preventiva necessária,41,EM_ATENDIMENTO,1,2025-05-29,,-23.5473604,-46.5472708
157,30,13,18,2025-03-21,Problema afeta rotina dos moradores,58,EM_ATENDIMENTO,2,2025-04-03,,-23.5692005,-46.6862285
158,31,3,14,2025-11-06,Melhoria solicitada pelos cidadãos,35,EM_ANALISE,3,2025-11-29,,-23.5854388,-46.6886589
159,43,4,14,2025-12-17,Ajuste operacional na infraestrutura,28,RESOLVIDO,3,2026-01-12,2026-01-05,-23.5694596,-46.4915982
160,43,16,14,2024-12-27,Ajuste operacional na infraestrutura,48,RESOLVIDO,1,2025-01-20,2025-01-15,-23.5787878,-46.6829454
161,50,20,18,2025-01-28,Solicitação com impacto médio,46,EM_ATENDIMENTO,4,2025-02-08,,-23.5593213,-46.5493252
162,49,10,1,2025-11-02,Perigo imediato à integridade física,84,EM_ANALISE,1,2025-11-05,,-23.5439231,-46.6222441
163,34,7,6,2025-02-12,Situação de risco iminente à população,92,RESOLVIDO,1,2025-02-15,2025-02-15,-23.5711903,-46.5965886
164,4,5,6,2025-05-09,"Risco elevado, comunicado à defesa civil",76,EM_ANALISE,3,2025-05-12,,-23.5821295,-46.5555405
165,49,17,22,2025-04-19,Impacto significativo no bairro,52,RESOLVIDO,1,2025-04-25,2025-04-23,-23.5843091,-46.6025216
166,26,20,10,2025-11-13,Necessita intervenção emergencial,86,EM_ATENDIMENTO,1,2025-11-16,,-23.5872609,-46.6588942
167,48,14,7,2025-02-09,Ocorrência recorrente na região,59,EM_ANALISE,1,2025-02-20,,-23.5812153,-46.6149481
168,3,14,23,2025-08-14,Solicitação com impacto médio,42,ENCERRADO,4,2025-08-29,2025-09-01,-23.5890629,-46.4797094
169,26,1,11,2025-07-08,"Foco crítico identificado, ação urgente",83,EM_ATENDIMENTO,1,2025-07-11,,-23.54169,-46.6670317
170,38,13,20,2026-01-30,Melhoria solicitada pelos cidadãos,39,ABERTO,1,2026-02-25,,-23.5638019,-46.6110583
171,41,4,10,2025-05-23,Perigo imediato à integridade física,88,EM_ANALISE,1,2025-05-24,,-23.5634698,-46.6615241
172,12,20,12,2025-12-08,"Ocorrência prioritária, moradores impactados",61,EM_ANALISE,1,2025-12-12,,-23.5823565,-46.5202119
173,37,20,3,2025-12-31,Impacto significativo no bairro,55,EM_ATENDIMENTO,3,2026-01-06,,-23.5738396,-46.4672567
174,38,2,11,2025-07-14,Necessita intervenção emergencial,69,EM_ATENDIMENTO,3,2025-07-15,,-23.5724029,-46.6914523
175,6,20,15,2024-12-20,Necessita programação para atendimento,49,EM_ANALISE,1,2024-12-27,,-23.560296,-46.6138794
176,31,17,19,2026-01-10,Perigo imediato à integridade física,82,ENCERRADO,1,2026-01-13,2026-01-13,-23.5824569,-46.6945316
177,46,15,4,2025-05-25,"Ocorrência prioritária, moradores impactados",75,EM_ATENDIMENTO,1,2025-05-28,,-23.5404507,-46.5789829
178,4,11,20,2025-06-05,Manutenção preventiva necessária,30,ENCERRADO,3,2025-07-01,2025-06-30,-23.5867044,-46.6863735
179,38,5,22,2025-04-25,"Ocorrência prioritária, moradores impactados",62,RESOLVIDO,1,2025-04-30,2025-05-20,-23.5441627,-46.6324421
180,25,11,21,2025-11-05,Problema grave afetando fluxo local,72,ABERTO,1,2025-11-11,,-23.5493408,-46.5424709
181,12,7,24,2025-08-27,Melhoria solicitada pelos cidadãos,46,RESOLVIDO,2,2025-09-13,2025-09-08,-23.5729134,-46.5184609
182,35,17,7,2025-02-09,Ocorrência recorrente na região,42,ABERTO,2,2025-02-18,,-23.5881126,-46.6258089
183,50,20,20,2025-10-02,Melhoria solicitada pelos cidadãos,29,ABERTO,4,2025-10-29,,-23.5495478,-46.6686152
184,29,8,15,2025-06-29,Necessita programação para atendimento,36,RESOLVIDO,3,2025-07-11,2025-07-07,-23.5632994,-46.632633
185,50,13,16,2025-03-10,Impacto significativo no bairro,78,RESOLVIDO,3,2025-03-15,2025-03-14,-23.5648547,-46.6053348
186,31,12,6,2025-03-13,Necessita intervenção emergencial,91,ABERTO,1,2025-03-16,,-23.562273,-46.6843526
187,33,5,17,2025-02-02,Perigo imediato à integridade física,92,ABERTO,1,2025-02-04,,-23.5484477,-46.6870716
188,6,12,8,2025-07-19,Necessita programação para atendimento,61,ENCERRADO,1,2025-07-31,2025-07-26,-23.5787731,-46.6303288
189,9,16,4,2025-12-01,Impacto significativo no bairro,76,RESOLVIDO,3,2025-12-06,2025-12-04,-23.5675699,-46.7086872
190,16,10,3,2025-04-11,Problema grave afetando fluxo local,50,ENCERRADO,3,2025-04-15,2025-04-15,-23.5839076,-46.6503901
191,2,17,21,2025-10-15,Impacto significativo no bairro,75,ABERTO,3,2025-10-21,,-23.5612476,-46.5303639
192,43,3,10,2024-12-01,"Risco elevado, comunicado à defesa civil",78,EM_ANALISE,2,2024-12-04,,-23.5638258,-46.6198491
193,3,13,17,2025-08-17,"Foco crítico identificado, ação urgente",82,EM_ATENDIMENTO,4,2025-08-20,,-23.540948,-46.6465874
194,48,11,1,2026-01-08,Situação de risco iminente à população,76,EM_ANALISE,3,2026-01-09,,-23.5833295,-46.6219252
195,5,15,11,2025-10-26,Perigo imediato à integridade física,91,ENCERRADO,4,2025-10-27,2025-11-12,-23.5881508,-46.6596023
196,49,7,7,2024-12-22,Solicitação com impacto médio,63,ENCERRADO,1,2025-01-03,2024-12-31,-23.5756945,-46.4944654
197,26,15,2,2025-11-01,Necessita programação para atendimento,62,EM_ANALISE,2,2025-11-13,,-23.5452681,-46.6133388
198,6,14,6,2025-11-20,"Risco elevado, comunicado à defesa civil",80,EM_ANALISE,1,2025-11-22,,-23.5860536,-46.5593867
199,20,15,6,2025-04-30,Necessita intervenção emergencial,82,ABERTO,3,2025-05-02,,-23.5598689,-46.603471
200,28,9,23,2025-05-29,Necessita programação para atendimento,49,ABERTO,3,2025-06-12,,-23.5580265,-46.5121305
201,10,20,2,2025-11-09,Problema afeta rotina dos moradores,37,EM_ANALISE,5,2025-11-22,,-23.5560956,-46.6004568
202,10,15,5,2025-03-31,Ajuste operacional na infraestrutura,27,EM_ANALISE,1,2025-04-26,,-23.5425588,-46.6169967
203,16,4,3,2025-02-09,Necessita atendimento em até 72h,68,EM_ANALISE,3,2025-02-16,,-23.5887043,-46.663488
204,14,20,17,2025-09-14,Necessita intervenção emergencial,77,EM_ANALISE,3,2025-09-15,,-23.5757212,-46.4808803
205,21,12,16,2025-02-01,Problema grave afetando fluxo local,56,ENCERRADO,4,2025-02-05,2025-02-05,-23.554523,-46.5725007
206,8,7,10,2025-05-03,Necessita intervenção emergencial,93,RESOLVIDO,2,2025-05-04,2025-05-10,-23.5503967,-46.650816
207,36,5,16,2025-06-03,Impacto significativo no bairro,50,EM_ATENDIMENTO,4,2025-06-10,,-23.5594026,-46.6884461
208,37,3,10,2025-12-03,"Foco crítico identificado, ação urgente",77,EM_ATENDIMENTO,3,2025-12-06,,-23.5837337,-46.6307431
209,9,14,3,2025-07-27,"Ocorrência prioritária, moradores impactados",64,EM_ANALISE,3,2025-08-03,,-23.5648568,-46.4929471
210,15,12,4,2025-02-17,Necessita atendimento em até 72h,66,ABERTO,5,2025-02-22,,-23.5426258,-46.5802756
211,41,10,10,2025-01-10,"Risco elevado, comunicado à defesa civil",92,EM_ANALISE,1,2025-01-12,,-23.5592786,-46.6866429
212,37,2,21,2025-09-30,Necessita atendimento em até 72h,55,ABERTO,4,2025-10-07,,-23.5487382,-46.7029066
213,41,18,2,2025-10-25,Ocorrência recorrente na região,65,RESOLVIDO,2,2025-11-05,2025-11-19,-23.5755164,-46.4708375
214,11,15,16,2026-01-17,Problema grave afetando fluxo local,57,EM_ANALISE,3,2026-01-23,,-23.5692189,-46.5938895
215,24,17,11,2025-02-12,"Foco crítico identificado, ação urgente",84,ENCERRADO,1,2025-02-14,2025-02-14,-23.5619174,-46.630221
216,25,20,15,2025-04-16,Ocorrência recorrente na região,38,EM_ANALISE,1,2025-04-30,,-23.5690933,-46.4693285
217,30,16,6,2025-05-17,"Foco crítico identificado, ação urgente",91,RESOLVIDO,5,2025-05-20,2025-05-18,-23.5460462,-46.5856574
218,23,2,3,2025-06-20,"Ocorrência prioritária, moradores impactados",80,EM_ATENDIMENTO,1,2025-06-27,,-23.587473,-46.5862764
219,17,12,21,2025-07-29,Problema grave afetando fluxo local,71,EM_ATENDIMENTO,2,2025-08-03,,-23.5518072,-46.6185157
220,33,15,13,2025-09-18,Manutenção preventiva necessária,26,EM_ANALISE,1,2025-10-09,,-23.5517798,-46.6400698
221,22,18,20,2025-10-09,Melhoria solicitada pelos cidadãos,46,ABERTO,2,2025-10-27,,-23.5430526,-46.5212587
222,46,11,7,2025-08-18,Ocorrência recorrente na região,54,EM_ATENDIMENTO,1,2025-08-31,,-23.5498017,-46.5801668
223,26,20,5,2025-08-21,Ajuste operacional na infraestrutura,44,EM_ANALISE,1,2025-09-09,,-23.553034,-46.6351914
224,2,12,11,2026-01-29,"Risco elevado, comunicado à defesa civil",81,EM_ATENDIMENTO,1,2026-02-01,,-23.573438,-46.6825989
225,47,2,14,2025-05-07,Ajuste operacional na infraestrutura,43,RESOLVIDO,3,2025-05-22,2025-05-18,-23.5608238,-46.667372
226,45,4,21,2025-10-14,"Ocorrência prioritária, moradores impactados",73,ABERTO,1,2025-10-20,,-23.5804608,-46.5997404
227,48,2,14,2025-06-30,Ajuste operacional na infraestrutura,29,EM_ATENDIMENTO,5,2025-07-21,,-23.5547112,-46.5803292
228,30,18,18,2025-11-05,Necessita programação para atendimento,45,EM_ATENDIMENTO,5,2025-11-19,,-23.5728836,-46.6214283
229,15,10,24,2025-10-26,Manutenção preventiva necessária,46,RESOLVIDO,3,2025-11-18,2025-11-03,-23.5514413,-46.5337748
230,37,18,23,2025-08-08,Necessita programação para atendimento,57,EM_ATENDIMENTO,1,2025-08-20,,-23.5710153,-46.4649599
231,6,12,12,2025-12-31,Necessita atendimento em até 72h,80,EM_ANALISE,5,2026-01-04,,-23.5437995,-46.546007
232,7,20,24,2025-03-20,Ajuste operacional na infraestrutura,40,ENCERRADO,1,2025-04-10,2025-04-07,-23.5529555,-46.6501795
233,7,5,2,2025-08-29,Necessita programação para atendimento,56,RESOLVIDO,3,2025-09-08,2025-09-05,-23.5897409,-46.5724119
234,19,11,6,2025-10-31,Perigo imediato à integridade física,78,EM_ATENDIMENTO,3,2025-11-02,,-23.5757292,-46.6952094
235,12,14,3,2025-09-20,Problema grave afetando fluxo local,70,EM_ATENDIMENTO,4,2025-09-24,,-23.5458878,-46.6660528
236,1,10,2,2025-06-22,Necessita programação para atendimento,61,EM_ANALISE,4,2025-07-06,,-23.5616019,-46.6831748
237,9,17,11,2025-07-21,"Foco crítico identificado, ação urgente",74,EM_ATENDIMENTO,4,2025-07-24,,-23.566599,-46.6617972
238,37,7,4,2025-02-22,Necessita atendimento em até 72h,60,RESOLVIDO,3,2025-02-28,2025-03-01,-23.5812253,-46.4959634
239,9,16,13,2025-08-21,Ajuste operacional na infraestrutura,38,ABERTO,1,2025-09-15,,-23.5738199,-46.6479882
240,24,8,9,2025-03-31,Solicitação estética / cosmética,27,RESOLVIDO,1,2025-05-14,2025-05-24,-23.5868938,-46.6804438
241,41,10,10,2025-06-26,Necessita intervenção emergencial,70,EM_ATENDIMENTO,3,2025-06-29,,-23.5716228,-46.6547877
242,31,18,5,2025-02-17,Ajuste operacional na infraestrutura,40,RESOLVIDO,2,2025-03-18,2025-03-03,-23.5499003,-46.5035991
243,37,4,8,2025-12-22,Necessita programação para atendimento,56,EM_ATENDIMENTO,1,2025-12-30,,-23.5869121,-46.5730877
244,29,4,17,2025-09-20,Necessita intervenção emergencial,71,ABERTO,4,2025-09-23,,-23.5559852,-46.5307705
245,4,18,16,2025-08-19,Impacto significativo no bairro,52,RESOLVIDO,2,2025-08-25,2025-08-24,-23.5668811,-46.5082712
246,23,3,24,2025-06-21,Melhoria solicitada pelos cidadãos,25,RESOLVIDO,1,2025-07-14,2025-08-02,-23.5629418,-46.6949361
247,50,14,3,2025-07-30,"Ocorrência prioritária, moradores impactados",79,EM_ANALISE,3,2025-08-02,,-23.571277,-46.4871666
248,23,4,15,2025-06-12,Problema afeta rotina dos moradores,62,ABERTO,3,2025-06-25,,-23.5810763,-46.5756854
249,35,14,17,2025-12-08,"Foco crítico identificado, ação urgente",69,ENCERRADO,3,2025-12-09,2025-12-19,-23.5634033,-46.5041599
250,43,14,8,2025-05-27,Ocorrência recorrente na região,49,EM_ANALISE,1,2025-06-05,,-23.5592538,-46.4759405
251,44,2,1,2025-03-16,Situação de risco iminente à população,72,ABERTO,2,2025-03-17,,-23.5777633,-46.6989408
252,47,19,15,2025-09-03,Necessita programação para atendimento,42,RESOLVIDO,1,2025-09-13,2025-09-18,-23.5740548,-46.5605206
253,34,8,22,2025-05-14,"Ocorrência prioritária, moradores impactados",76,EM_ANALISE,5,2025-05-18,,-23.569322,-46.6412115
254,42,13,18,2025-09-29,Ocorrência recorrente na região,65,RESOLVIDO,5,2025-10-08,2025-10-07,-23.5507098,-46.6303164
255,15,10,14,2025-02-15,Ajuste operacional na infraestrutura,38,EM_ANALISE,2,2025-03-11,,-23.5471229,-46.6739121
256,9,13,15,2024-12-30,Solicitação com impacto médio,64,EM_ATENDIMENTO,3,2025-01-14,,-23.5778571,-46.6591658
257,25,20,21,2025-07-19,"Ocorrência prioritária, moradores impactados",52,ABERTO,1,2025-07-24,,-23.5598539,-46.4915949
258,22,10,7,2025-12-25,Problema afeta rotina dos moradores,60,EM_ANALISE,4,2026-01-09,,-23.542149,-46.7061666
259,16,18,7,2025-12-15,Problema afeta rotina dos moradores,65,RESOLVIDO,2,2025-12-23,2025-12-31,-23.5739192,-46.6392352
260,32,15,15,2025-10-29,Necessita programação para atendimento,52,EM_ANALISE,2,2025-11-10,,-23.5850696,-46.4646704
261,15,5,16,2025-05-13,Impacto significativo no bairro,74,EM_ANALISE,1,2025-05-17,,-23.589189,-46.5716721
262,25,19,19,2025-12-04,Perigo imediato à integridade física,83,EM_ANALISE,1,2025-12-06,,-23.5483319,-46.5851746
263,42,16,21,2025-11-16,Impacto significativo no bairro,80,EM_ANALISE,5,2025-11-21,,-23.5669586,-46.5268069
264,5,2,12,2025-02-10,Problema grave afetando fluxo local,55,EM_ATENDIMENTO,2,2025-02-17,,-23.5517831,-46.6069019
265,40,20,21,2025-01-04,Impacto significativo no bairro,57,ABERTO,2,2025-01-08,,-23.5443624,-46.5451789
266,18,18,1,2025-08-30,Situação de risco iminente à população,65,EM_ATENDIMENTO,2,2025-09-02,,-23.541126,-46.7057144
267,16,7,23,2025-07-09,Ocorrência recorrente na região,56,ABERTO,2,2025-07-18,,-23.559011,-46.6468955
268,16,8,12,2026-01-12,Impacto significativo no bairro,58,ABERTO,2,2026-01-18,,-23.5750013,-46.5029845
269,31,2,3,2025-10-29,Impacto significativo no bairro,70,ABERTO,2,2025-11-01,,-23.5581626,-46.5342887
270,3,8,3,2025-07-11,Problema grave afetando fluxo local,65,EM_ATENDIMENTO,4,2025-07-16,,-23.5794291,-46.4929708
271,3,6,19,2025-04-18,"Risco elevado, comunicado à defesa civil",80,ENCERRADO,3,2025-04-19,2025-04-28,-23.5435617,-46.6313788
272,25,18,7,2025-02-12,Problema afeta rotina dos moradores,53,ENCERRADO,3,2025-02-25,2025-02-22,-23.5734135,-46.5210977
273,28,8,5,2025-11-18,Manutenção preventiva necessária,50,EM_ATENDIMENTO,1,2025-12-05,,-23.5480663,-46.6248518
274,29,16,20,2025-06-22,Manutenção preventiva necessária,44,ABERTO,3,2025-07-17,,-23.5785931,-46.5717406
275,16,3,13,2025-03-06,Ajuste operacional na infraestrutura,38,ABERTO,1,2025-04-02,,-23.5858981,-46.6714448
276,20,15,23,2025-10-21,Ocorrência recorrente na região,60,RESOLVIDO,1,2025-10-30,2025-10-23,-23.5720041,-46.6425584
277,7,1,5,2025-03-06,Ajuste operacional na infraestrutura,27,EM_ATENDIMENTO,2,2025-04-03,,-23.5855191,-46.571445
278,47,18,20,2026-01-06,Manutenção preventiva necessária,44,ENCERRADO,3,2026-01-31,2026-01-20,-23.5447396,-46.4654567
279,18,16,19,2025-02-25,Perigo imediato à integridade física,81,EM_ATENDIMENTO,1,2025-02-28,,-23.5827033,-46.6681981
280,13,15,9,2025-05-03,Zeladoria de baixa criticidade,28,RESOLVIDO,3,2025-06-17,2025-05-19,-23.5846514,-46.6338355
281,42,20,13,2025-10-14,Manutenção preventiva necessária,35,RESOLVIDO,4,2025-11-10,2025-10-25,-23.5831938,-46.6298337
282,19,16,23,2025-08-03,Solicitação com impacto médio,41,ABERTO,5,2025-08-15,,-23.5416118,-46.5145064
283,35,6,11,2025-04-23,"Risco elevado, comunicado à defesa civil",77,EM_ANALISE,1,2025-04-25,,-23.5559144,-46.5724752
284,5,14,24,2025-11-28,Manutenção preventiva necessária,39,EM_ATENDIMENTO,4,2025-12-19,,-23.5563511,-46.6752052
285,5,15,10,2025-04-09,"Foco crítico identificado, ação urgente",72,ABERTO,3,2025-04-12,,-23.540465,-46.5901913
286,35,20,13,2025-08-17,Manutenção preventiva necessária,42,EM_ATENDIMENTO,3,2025-09-14,,-23.558091,-46.6887545
287,42,13,8,2025-11-06,Ocorrência recorrente na região,56,ABERTO,3,2025-11-18,,-23.5416594,-46.6271008
288,36,19,14,2024-12-06,Ajuste operacional na infraestrutura,28,EM_ANALISE,3,2024-12-24,,-23.5556168,-46.6547421
289,27,3,12,2025-07-26,Impacto significativo no bairro,62,RESOLVIDO,1,2025-08-02,2025-07-27,-23.5841965,-46.474831
290,23,16,5,2025-05-09,Melhoria solicitada pelos cidadãos,36,EM_ATENDIMENTO,2,2025-06-03,,-23.5851188,-46.5295015
291,22,4,15,2025-01-04,Ocorrência recorrente na região,45,ABERTO,1,2025-01-15,,-23.556143,-46.6689115
292,30,8,24,2025-08-22,Manutenção preventiva necessária,32,EM_ATENDIMENTO,3,2025-09-11,,-23.5501122,-46.5525599
293,29,19,6,2025-11-02,"Risco elevado, comunicado à defesa civil",85,EM_ATENDIMENTO,4,2025-11-04,,-23.5685224,-46.7088875
294,13,15,7,2025-04-22,Problema afeta rotina dos moradores,41,EM_ATENDIMENTO,2,2025-04-30,,-23.5843023,-46.5423246
295,30,20,16,2025-10-24,Problema grave afetando fluxo local,66,RESOLVIDO,1,2025-10-29,2025-10-29,-23.5813736,-46.5416028
296,16,10,10,2025-10-11,Perigo imediato à integridade física,94,ABERTO,1,2025-10-14,,-23.5841526,-46.6166735
297,35,6,5,2025-06-17,Melhoria solicitada pelos cidadãos,41,RESOLVIDO,2,2025-07-15,2025-07-01,-23.5622544,-46.5875895
298,25,18,5,2025-05-11,Manutenção preventiva necessária,30,RESOLVIDO,1,2025-06-09,2025-06-10,-23.5647281,-46.5862575
299,49,8,22,2025-07-01,Problema grave afetando fluxo local,65,EM_ATENDIMENTO,3,2025-07-07,,-23.5753955,-46.6412868
300,8,19,18,2025-02-25,Solicitação com impacto médio,44,EM_ATENDIMENTO,2,2025-03-11,,-23.5842897,-46.5162217
301,42,8,12,2026-01-26,Impacto significativo no bairro,67,RESOLVIDO,1,2026-01-29,2026-01-27,-23.5751146,-46.4601718
302,16,7,15,2025-05-28,Ocorrência recorrente na região,43,EM_ATENDIMENTO,3,2025-06-05,,-23.5494649,-46.563019
303,4,19,12,2025-11-29,"Ocorrência prioritária, moradores impactados",77,RESOLVIDO,4,2025-12-06,2025-12-01,-23.5724592,-46.6397287
304,33,4,18,2025-05-15,Necessita programação para atendimento,40,EM_ANALISE,5,2025-05-26,,-23.5832206,-46.5224765
305,16,13,14,2025-04-21,Ajuste operacional na infraestrutura,26,RESOLVIDO,1,2025-05-10,2025-04-26,-23.5655271,-46.5656436
306,48,9,9,2025-07-01,Solicitação estética / cosmética,35,EM_ATENDIMENTO,2,2025-08-12,,-23.5552648,-46.4906707
307,45,12,15,2025-08-07,Solicitação com impacto médio,65,RESOLVIDO,3,2025-08-19,2025-08-22,-23.5474947,-46.5110805
308,22,18,13,2025-07-08,Manutenção preventiva necessária,31,EM_ATENDIMENTO,4,2025-07-29,,-23.5611033,-46.5684645
309,11,15,16,2025-05-25,Impacto significativo no bairro,75,ABERTO,1,2025-05-28,,-23.5671741,-46.4620404
310,17,3,14,2025-11-18,Melhoria solicitada pelos cidadãos,31,ENCERRADO,3,2025-12-07,2025-11-27,-23.5714078,-46.4840499
311,6,4,6,2025-06-21,Perigo imediato à integridade física,66,EM_ANALISE,2,2025-06-24,,-23.5899457,-46.5907983
312,8,14,5,2025-03-26,Ajuste operacional na infraestrutura,43,ABERTO,1,2025-04-24,,-23.5552984,-46.5905749
313,9,13,8,2025-01-15,Necessita programação para atendimento,47,ABERTO,4,2025-01-23,,-23.551327,-46.5217105
314,42,6,5,2025-11-12,Ajuste operacional na infraestrutura,45,ABERTO,1,2025-12-01,,-23.567995,-46.529392
315,9,4,21,2025-02-16,Problema grave afetando fluxo local,73,RESOLVIDO,4,2025-02-22,2025-02-18,-23.5605213,-46.613992
316,36,20,14,2026-01-10,Ajuste operacional na infraestrutura,35,EM_ANALISE,1,2026-01-29,,-23.5599996,-46.5581017
317,19,2,23,2025-11-03,Problema afeta rotina dos moradores,35,EM_ANALISE,3,2025-11-14,,-23.5508099,-46.5115555
318,1,12,8,2025-06-16,Ocorrência recorrente na região,50,EM_ANALISE,2,2025-06-24,,-23.5433038,-46.6770043
319,1,9,19,2025-06-06,Situação de risco iminente à população,78,RESOLVIDO,3,2025-06-09,2025-06-12,-23.5792129,-46.4793552
320,35,18,13,2025-04-26,Manutenção preventiva necessária,41,EM_ATENDIMENTO,1,2025-05-24,,-23.5591976,-46.6406331
321,49,3,10,2025-08-19,"Foco crítico identificado, ação urgente",67,ENCERRADO,3,2025-08-20,2025-08-20,-23.5744915,-46.6006285
322,43,6,8,2025-04-05,Necessita programação para atendimento,36,ENCERRADO,3,2025-04-13,2025-04-06,-23.5840278,-46.5330248
323,9,9,23,2025-02-22,Necessita programação para atendimento,35,ENCERRADO,1,2025-03-08,2025-03-07,-23.5533532,-46.6804858
324,37,3,1,2026-01-18,Situação de risco iminente à população,75,EM_ANALISE,1,2026-01-20,,-23.5651926,-46.5823045
325,37,4,2,2025-09-17,Necessita programação para atendimento,50,EM_ANALISE,3,2025-09-26,,-23.5785798,-46.5827938
326,10,6,2,2024-12-07,Necessita programação para atendimento,62,ABERTO,2,2024-12-17,,-23.543442,-46.4956287
327,47,11,18,2025-12-01,Problema afeta rotina dos moradores,60,EM_ANALISE,2,2025-12-14,,-23.5764371,-46.6905282
328,5,15,12,2025-08-15,Problema grave afetando fluxo local,53,ABERTO,5,2025-08-18,,-23.5466984,-46.5166181
329,37,10,10,2025-01-14,Necessita intervenção emergencial,75,EM_ATENDIMENTO,1,2025-01-17,,-23.5530212,-46.649354
330,27,1,12,2025-08-10,"Ocorrência prioritária, moradores impactados",68,RESOLVIDO,1,2025-08-14,2025-08-12,-23.5783501,-46.6233941
331,47,10,23,2024-12-05,Solicitação com impacto médio,63,ABERTO,4,2024-12-17,,-23.5848025,-46.5775464
332,15,17,8,2025-08-09,Ocorrência recorrente na região,48,ENCERRADO,1,2025-08-16,2025-08-12,-23.5693472,-46.4861055
333,37,2,15,2025-01-13,Solicitação com impacto médio,58,EM_ATENDIMENTO,1,2025-01-21,,-23.5682509,-46.4689454
334,18,8,8,2025-04-13,Necessita programação para atendimento,44,ENCERRADO,1,2025-04-25,2025-04-25,-23.5862656,-46.6593218
335,8,18,19,2025-02-18,"Foco crítico identificado, ação urgente",68,ABERTO,1,2025-02-19,,-23.5720856,-46.5174158
336,45,20,15,2025-07-26,Necessita programação para atendimento,44,ENCERRADO,4,2025-08-06,2025-08-06,-23.5879835,-46.5010188
337,4,10,11,2025-01-16,Necessita intervenção emergencial,69,EM_ANALISE,2,2025-01-19,,-23.5769917,-46.4623308
338,30,4,1,2025-06-26,"Risco elevado, comunicado à defesa civil",95,EM_ATENDIMENTO,1,2025-06-28,,-23.5498052,-46.6750517
339,41,3,1,2026-01-30,"Foco crítico identificado, ação urgente",66,ABERTO,2,2026-01-31,,-23.5608838,-46.6452948
340,22,4,3,2025-01-03,Problema grave afetando fluxo local,50,ENCERRADO,4,2025-01-07,2025-01-05,-23.5878652,-46.5947513
341,12,12,6,2025-09-20,"Foco crítico identificado, ação urgente",94,ENCERRADO,3,2025-09-22,2025-09-21,-23.5792642,-46.6632122
342,36,16,9,2025-02-15,Zeladoria de baixa criticidade,29,RESOLVIDO,2,2025-03-18,2025-03-08,-23.586951,-46.640056
343,23,16,5,2025-03-13,Manutenção preventiva necessária,38,RESOLVIDO,3,2025-04-04,2025-04-05,-23.5627741,-46.5888301
344,15,1,19,2025-05-14,Situação de risco iminente à população,81,EM_ANALISE,1,2025-05-16,,-23.5452118,-46.5153654
345,7,8,2,2025-07-30,Problema afeta rotina dos moradores,60,EM_ANALISE,5,2025-08-14,,-23.5571568,-46.6433682
346,12,6,24,2025-12-27,Manutenção preventiva necessária,26,EM_ATENDIMENTO,2,2026-01-18,,-23.5781724,-46.6304989
347,13,16,24,2025-06-02,Ajuste operacional na infraestrutura,47,RESOLVIDO,1,2025-06-17,2025-06-12,-23.5628938,-46.6661108
348,40,7,2,2024-12-29,Ocorrência recorrente na região,37,RESOLVIDO,1,2025-01-08,2025-01-06,-23.5496777,-46.6248102
349,10,4,6,2026-01-15,Perigo imediato à integridade física,94,ABERTO,3,2026-01-17,,-23.547676,-46.4948326
350,47,14,3,2025-11-26,"Ocorrência prioritária, moradores impactados",61,RESOLVIDO,5,2025-12-02,2025-11-29,-23.5504079,-46.4698345
351,12,13,21,2025-02-28,"Ocorrência prioritária, moradores impactados",60,RESOLVIDO,3,2025-03-07,2025-03-19,-23.5746588,-46.5378754
352,39,11,5,2025-12-09,Ajuste operacional na infraestrutura,30,ENCERRADO,1,2025-12-24,2026-01-06,-23.5439481,-46.4681171
353,21,6,8,2025-09-16,Problema afeta rotina dos moradores,55,ENCERRADO,1,2025-09-24,2025-09-18,-23.5581907,-46.4692301
354,45,3,23,2025-10-24,Necessita programação para atendimento,56,EM_ATENDIMENTO,1,2025-11-05,,-23.5724759,-46.513245
355,27,16,24,2024-12-25,Manutenção preventiva necessária,25,EM_ATENDIMENTO,5,2025-01-21,,-23.5459115,-46.6221922
356,29,3,13,2026-01-29,Ajuste operacional na infraestrutura,28,RESOLVIDO,1,2026-02-28,2026-02-23,-23.5500403,-46.7016468
357,11,3,1,2025-04-13,Perigo imediato à integridade física,75,ABERTO,4,2025-04-14,,-23.5626477,-46.485469
358,28,6,3,2025-10-01,"Ocorrência prioritária, moradores impactados",60,ENCERRADO,3,2025-10-08,2025-10-22,-23.5873222,-46.6272264
359,7,2,7,2025-11-22,Necessita programação para atendimento,48,RESOLVIDO,1,2025-12-07,2025-12-16,-23.5703549,-46.5725843
360,43,20,16,2024-12-28,Problema grave afetando fluxo local,54,ABERTO,1,2025-01-02,,-23.5659836,-46.6857533
361,31,16,7,2025-10-23,Necessita programação para atendimento,40,ENCERRADO,3,2025-11-03,2025-10-25,-23.5452561,-46.6437489
362,29,2,21,2025-06-17,Impacto significativo no bairro,67,EM_ANALISE,2,2025-06-21,,-23.5768352,-46.5937355
363,23,18,8,2025-04-17,Ocorrência recorrente na região,61,ABERTO,1,2025-04-24,,-23.5693007,-46.5208858
364,16,16,8,2025-01-01,Solicitação com impacto médio,52,RESOLVIDO,3,2025-01-14,2025-01-10,-23.5750574,-46.6112989
365,49,15,23,2025-08-15,Problema afeta rotina dos moradores,36,RESOLVIDO,1,2025-08-30,2025-09-19,-23.5813561,-46.463908
366,28,7,7,2025-03-09,Ocorrência recorrente na região,60,ABERTO,5,2025-03-18,,-23.5401365,-46.5531934
367,21,9,20,2025-05-13,Ajuste operacional na infraestrutura,33,ABERTO,2,2025-05-30,,-23.5640156,-46.4807095
368,37,19,1,2025-11-24,"Foco crítico identificado, ação urgente",90,RESOLVIDO,1,2025-11-27,2025-12-01,-23.5608661,-46.4687921
369,17,13,4,2025-01-24,Necessita atendimento em até 72h,79,RESOLVIDO,4,2025-01-31,2025-02-18,-23.5572606,-46.5669942
370,22,8,16,2025-02-27,Impacto significativo no bairro,51,EM_ATENDIMENTO,1,2025-03-04,,-23.5875355,-46.5911955
371,44,4,9,2024-12-11,Zeladoria de baixa criticidade,26,RESOLVIDO,4,2025-01-20,2024-12-29,-23.5413752,-46.6530106
372,6,7,10,2025-07-15,"Foco crítico identificado, ação urgente",88,EM_ANALISE,3,2025-07-17,,-23.5679142,-46.4816418
373,33,13,14,2025-08-06,Melhoria solicitada pelos cidadãos,48,ENCERRADO,1,2025-09-01,2025-08-12,-23.5832175,-46.4971762
374,4,12,19,2025-02-27,Perigo imediato à integridade física,65,ENCERRADO,1,2025-02-28,2025-02-28,-23.5547683,-46.6415056
375,31,19,15,2025-06-22,Solicitação com impacto médio,51,RESOLVIDO,1,2025-06-30,2025-06-30,-23.5624333,-46.6239377
376,11,19,9,2026-01-30,Solicitação estética / cosmética,38,ABERTO,2,2026-03-23,,-23.5510085,-46.6564204
377,50,1,8,2025-03-26,Solicitação com impacto médio,55,EM_ANALISE,2,2025-04-05,,-23.5662951,-46.6769215
378,20,9,6,2026-01-15,"Risco elevado, comunicado à defesa civil",84,EM_ANALISE,4,2026-01-16,,-23.5688097,-46.6158811
379,1,17,12,2025-04-09,Impacto significativo no bairro,64,EM_ATENDIMENTO,3,2025-04-13,,-23.5400285,-46.4683786
380,18,11,12,2025-10-28,Impacto significativo no bairro,67,RESOLVIDO,1,2025-11-04,2025-10-29,-23.5469254,-46.6447133
381,39,13,23,2025-10-30,Problema afeta rotina dos moradores,65,EM_ANALISE,4,2025-11-10,,-23.5569735,-46.5398111
382,3,19,24,2025-11-01,Manutenção preventiva necessária,25,ENCERRADO,2,2025-12-01,2025-11-15,-23.5545966,-46.5669894
383,11,18,7,2025-12-07,Necessita programação para atendimento,45,RESOLVIDO,2,2025-12-17,2025-12-15,-23.5809432,-46.6855992
384,48,10,5,2025-04-12,Melhoria solicitada pelos cidadãos,48,ENCERRADO,2,2025-05-02,2025-05-05,-23.5689764,-46.4882891
385,41,19,12,2025-09-26,Problema grave afetando fluxo local,58,EM_ATENDIMENTO,2,2025-10-01,,-23.5609843,-46.5548363
386,27,2,16,2025-03-10,Impacto significativo no bairro,78,ABERTO,2,2025-03-17,,-23.5464575,-46.6723054
387,32,11,7,2025-06-28,Problema afeta rotina dos moradores,45,ABERTO,3,2025-07-12,,-23.5584484,-46.6657939
388,11,16,21,2024-12-03,"Ocorrência prioritária, moradores impactados",51,EM_ANALISE,3,2024-12-09,,-23.5507395,-46.5150619
389,3,18,5,2025-07-11,Manutenção preventiva necessária,44,EM_ATENDIMENTO,2,2025-08-08,,-23.5800293,-46.6167246
390,16,8,1,2025-05-14,Situação de risco iminente à população,93,EM_ANALISE,3,2025-05-17,,-23.5553238,-46.6239126
391,19,15,5,2025-06-15,Melhoria solicitada pelos cidadãos,28,ABERTO,1,2025-07-09,,-23.5536084,-46.5609075
392,13,6,11,2025-11-17,"Foco crítico identificado, ação urgente",78,EM_ANALISE,2,2025-11-18,,-23.5425958,-46.4804486
393,8,12,13,2025-03-27,Ajuste operacional na infraestrutura,25,RESOLVIDO,2,2025-04-18,2025-03-28,-23.5544445,-46.5119682
394,4,4,13,2025-04-10,Ajuste operacional na infraestrutura,45,RESOLVIDO,4,2025-04-26,2025-04-14,-23.5691612,-46.6149366
395,43,4,18,2025-07-31,Ocorrência recorrente na região,43,EM_ANALISE,1,2025-08-09,,-23.5568759,-46.6425057
396,8,4,20,2025-02-09,Ajuste operacional na infraestrutura,47,ENCERRADO,1,2025-03-09,2025-03-05,-23.565113,-46.5577495
397,45,16,9,2025-03-14,Zeladoria de baixa criticidade,31,RESOLVIDO,4,2025-04-24,2025-03-17,-23.5734698,-46.7093155
398,7,9,22,2025-01-26,Problema grave afetando fluxo local,52,RESOLVIDO,3,2025-02-02,2025-01-27,-23.5577832,-46.5958122
399,19,12,10,2025-07-26,Perigo imediato à integridade física,73,ABERTO,4,2025-07-27,,-23.5499202,-46.6318232
400,11,11,24,2025-01-18,Melhoria solicitada pelos cidadãos,28,ABERTO,3,2025-02-03,,-23.5721236,-46.6005714
401,26,13,20,2025-12-11,Manutenção preventiva necessária,33,EM_ANALISE,1,2025-12-28,,-23.5418845,-46.6420417
402,4,6,13,2025-08-02,Melhoria solicitada pelos cidadãos,47,RESOLVIDO,3,2025-08-30,2025-09-03,-23.5848143,-46.4821933
403,40,1,16,2025-09-18,Impacto significativo no bairro,75,EM_ANALISE,3,2025-09-24,,-23.5468712,-46.4900124
404,5,9,24,2025-08-05,Manutenção preventiva necessária,29,ABERTO,2,2025-09-04,,-23.5572513,-46.7069099
405,45,20,22,2025-12-28,Necessita atendimento em até 72h,66,RESOLVIDO,2,2026-01-04,2026-01-03,-23.5852379,-46.5445717
406,11,17,8,2025-05-27,Ocorrência recorrente na região,50,ABERTO,1,2025-06-09,,-23.5475577,-46.4970322
407,4,17,6,2025-12-20,Necessita intervenção emergencial,67,EM_ANALISE,5,2025-12-22,,-23.5788647,-46.5491707
408,32,15,13,2025-01-10,Ajuste operacional na infraestrutura,32,EM_ATENDIMENTO,2,2025-02-08,,-23.5741969,-46.4648323
409,1,3,24,2024-12-10,Melhoria solicitada pelos cidadãos,45,EM_ATENDIMENTO,3,2024-12-28,,-23.5504108,-46.4692072
410,24,2,21,2025-08-18,Impacto significativo no bairro,59,EM_ANALISE,5,2025-08-25,,-23.5491706,-46.4989206
411,49,8,11,2025-12-28,"Foco crítico identificado, ação urgente",82,RESOLVIDO,1,2025-12-31,2026-01-12,-23.5898902,-46.6212153
412,3,6,21,2026-01-14,Necessita atendimento em até 72h,80,EM_ATENDIMENTO,3,2026-01-19,,-23.5653789,-46.5045403
413,26,7,24,2025-06-28,Melhoria solicitada pelos cidadãos,48,EM_ANALISE,1,2025-07-16,,-23.5671477,-46.5146449
414,29,15,23,2025-01-25,Ocorrência recorrente na região,45,ABERTO,3,2025-02-07,,-23.5570772,-46.4709524
415,31,17,5,2024-12-03,Manutenção preventiva necessária,40,EM_ATENDIMENTO,4,2024-12-19,,-23.5509459,-46.4824546
416,25,14,23,2025-02-27,Necessita programação para atendimento,53,ABERTO,2,2025-03-08,,-23.541025,-46.4810224
417,45,17,8,2025-06-22,Problema afeta rotina dos moradores,43,ENCERRADO,2,2025-07-04,2025-06-25,-23.5750543,-46.5346264
418,44,5,11,2025-12-13,Necessita intervenção emergencial,87,RESOLVIDO,3,2025-12-16,2025-12-16,-23.5409332,-46.5474784
419,37,14,6,2025-09-04,"Risco elevado, comunicado à defesa civil",81,RESOLVIDO,2,2025-09-07,2025-09-19,-23.5562878,-46.4865335
420,4,2,18,2025-07-05,Ocorrência recorrente na região,44,EM_ATENDIMENTO,2,2025-07-12,,-23.5800049,-46.5224537
421,19,7,6,2025-11-15,Situação de risco iminente à população,74,ABERTO,3,2025-11-17,,-23.5523203,-46.7019234
422,45,10,15,2025-10-12,Solicitação com impacto médio,38,ENCERRADO,1,2025-10-27,2025-11-14,-23.5553532,-46.698255
423,50,15,13,2025-07-02,Manutenção preventiva necessária,37,ENCERRADO,1,2025-07-27,2025-07-26,-23.5485008,-46.4821284
424,13,10,23,2025-10-28,Problema afeta rotina dos moradores,57,RESOLVIDO,3,2025-11-09,2025-11-07,-23.5675593,-46.4641367
425,36,9,3,2025-02-27,Problema grave afetando fluxo local,55,ABERTO,2,2025-03-06,,-23.5834967,-46.5640035
426,50,20,9,2025-05-19,Zeladoria de baixa criticidade,15,RESOLVIDO,3,2025-07-02,2025-05-29,-23.547843,-46.6347113
427,33,6,19,2025-06-02,Perigo imediato à integridade física,82,RESOLVIDO,2,2025-06-03,2025-06-03,-23.5692034,-46.575741
428,40,17,3,2025-03-24,"Ocorrência prioritária, moradores impactados",61,RESOLVIDO,5,2025-03-28,2025-03-27,-23.5662571,-46.5696663
429,44,11,21,2025-01-28,"Ocorrência prioritária, moradores impactados",50,EM_ATENDIMENTO,5,2025-02-02,,-23.5709314,-46.5109484
430,33,15,4,2025-04-11,Necessita atendimento em até 72h,62,RESOLVIDO,2,2025-04-18,2025-04-16,-23.5656598,-46.6358915
431,50,18,21,2025-05-14,Problema grave afetando fluxo local,56,ABERTO,1,2025-05-21,,-23.5633397,-46.5532667
432,45,14,7,2025-10-19,Problema afeta rotina dos moradores,56,ENCERRADO,2,2025-10-29,2025-10-21,-23.5576719,-46.4750622
433,5,2,24,2025-02-17,Manutenção preventiva necessária,46,EM_ATENDIMENTO,1,2025-03-04,,-23.5811004,-46.647023
434,2,13,3,2026-01-25,Impacto significativo no bairro,68,ENCERRADO,2,2026-01-29,2026-01-29,-23.5563351,-46.5762914
435,33,4,21,2025-10-13,Problema grave afetando fluxo local,73,RESOLVIDO,2,2025-10-16,2025-10-16,-23.5755082,-46.5385303
436,11,18,20,2025-04-24,Ajuste operacional na infraestrutura,27,EM_ATENDIMENTO,1,2025-05-23,,-23.5790067,-46.5233115
437,1,18,18,2025-10-21,Necessita programação para atendimento,44,EM_ANALISE,5,2025-10-30,,-23.5462617,-46.6746565
438,48,12,2,2025-09-20,Ocorrência recorrente na região,35,EM_ATENDIMENTO,1,2025-10-03,,-23.5794132,-46.483593
439,12,19,17,2025-02-21,Necessita intervenção emergencial,69,EM_ANALISE,1,2025-02-22,,-23.5473874,-46.4971531
440,13,19,18,2025-10-27,Ocorrência recorrente na região,49,ABERTO,1,2025-11-11,,-23.5656405,-46.6272873
441,13,11,5,2025-11-01,Ajuste operacional na infraestrutura,46,ABERTO,1,2025-11-23,,-23.5657069,-46.6279135
442,28,6,22,2025-11-21,Necessita atendimento em até 72h,59,ABERTO,4,2025-11-28,,-23.5897584,-46.6484562
443,47,11,8,2025-12-14,Necessita programação para atendimento,57,EM_ANALISE,1,2025-12-27,,-23.5461057,-46.5942879
444,6,9,12,2025-05-06,"Ocorrência prioritária, moradores impactados",74,EM_ATENDIMENTO,3,2025-05-12,,-23.5470643,-46.6749996
445,38,13,18,2025-04-14,Ocorrência recorrente na região,41,RESOLVIDO,4,2025-04-22,2025-05-09,-23.55154,-46.6568098
446,15,19,2,2025-04-13,Problema afeta rotina dos moradores,52,ENCERRADO,2,2025-04-28,2025-04-24,-23.5533387,-46.6372502
447,40,6,15,2025-08-19,Ocorrência recorrente na região,51,EM_ATENDIMENTO,3,2025-08-27,,-23.5521397,-46.6749073
448,49,16,6,2025-09-16,Necessita intervenção emergencial,70,RESOLVIDO,1,2025-09-19,2025-10-05,-23.5784125,-46.6439107
449,30,2,8,2025-11-08,Necessita programação para atendimento,36,EM_ATENDIMENTO,2,2025-11-18,,-23.5880048,-46.5478688
450,25,12,4,2025-08-24,"Ocorrência prioritária, moradores impactados",72,ENCERRADO,2,2025-08-29,2025-08-29,-23.5606161,-46.4854433
451,23,16,3,2025-04-08,Necessita atendimento em até 72h,66,ENCERRADO,4,2025-04-14,2025-04-12,-23.5503671,-46.488207
452,18,7,1,2025-02-10,Situação de risco iminente à população,81,ABERTO,2,2025-02-12,,-23.582488,-46.6706607
453,44,16,20,2026-01-23,Ajuste operacional na infraestrutura,47,RESOLVIDO,1,2026-02-10,2026-02-03,-23.5660489,-46.5623023
454,11,5,21,2025-06-29,"Ocorrência prioritária, moradores impactados",76,EM_ANALISE,3,2025-07-02,,-23.558523,-46.7002023
455,26,20,19,2024-12-29,Perigo imediato à integridade física,69,EM_ANALISE,2,2024-12-30,,-23.5415378,-46.5505943
456,11,8,24,2025-11-04,Manutenção preventiva necessária,48,ENCERRADO,4,2025-11-28,2025-11-24,-23.5484818,-46.5597903
457,39,19,19,2025-12-28,Necessita intervenção emergencial,91,RESOLVIDO,5,2025-12-29,2025-12-29,-23.5865579,-46.6154472
458,10,20,5,2024-12-09,Ajuste operacional na infraestrutura,28,EM_ATENDIMENTO,3,2024-12-30,,-23.5851851,-46.5910327
459,39,18,20,2024-12-20,Ajuste operacional na infraestrutura,44,ABERTO,1,2025-01-07,,-23.5486239,-46.4857578
460,28,8,22,2025-07-09,Problema grave afetando fluxo local,70,EM_ATENDIMENTO,3,2025-07-16,,-23.5430789,-46.5894691
461,15,3,13,2025-09-28,Manutenção preventiva necessária,36,EM_ATENDIMENTO,2,2025-10-16,,-23.5758367,-46.4908084
462,1,13,14,2025-03-07,Ajuste operacional na infraestrutura,33,RESOLVIDO,1,2025-03-22,2025-04-10,-23.5572727,-46.5380583
463,35,14,11,2025-06-04,"Risco elevado, comunicado à defesa civil",78,ABERTO,1,2025-06-05,,-23.5617665,-46.5570298
464,36,18,22,2025-12-22,Impacto significativo no bairro,62,EM_ATENDIMENTO,1,2025-12-26,,-23.565812,-46.4628729
465,43,4,19,2026-01-01,Perigo imediato à integridade física,76,EM_ATENDIMENTO,4,2026-01-04,,-23.5526093,-46.5983513
466,36,20,23,2025-02-21,Solicitação com impacto médio,65,EM_ANALISE,3,2025-03-01,,-23.5551471,-46.5333025
467,5,9,6,2025-10-22,"Risco elevado, comunicado à defesa civil",77,RESOLVIDO,2,2025-10-23,2025-11-08,-23.5789115,-46.6899901
468,12,16,2,2025-06-15,Ocorrência recorrente na região,58,RESOLVIDO,5,2025-06-28,2025-06-27,-23.5680514,-46.6595732
469,33,17,22,2026-01-16,Problema grave afetando fluxo local,79,EM_ANALISE,3,2026-01-23,,-23.5550775,-46.5562025
470,23,13,22,2025-06-03,Necessita atendimento em até 72h,51,RESOLVIDO,3,2025-06-07,2025-06-10,-23.5697275,-46.6599224
471,18,8,1,2025-11-26,Necessita intervenção emergencial,88,ENCERRADO,5,2025-11-27,2025-11-27,-23.5596818,-46.6613687
472,5,17,13,2024-12-03,Ajuste operacional na infraestrutura,43,ABERTO,1,2024-12-26,,-23.5752874,-46.4732461
473,37,16,17,2025-04-11,"Foco crítico identificado, ação urgente",95,RESOLVIDO,5,2025-04-14,2025-04-14,-23.5515016,-46.5206317
474,41,8,15,2025-07-24,Necessita programação para atendimento,56,EM_ATENDIMENTO,1,2025-07-31,,-23.5561544,-46.6525175
475,6,13,11,2025-05-30,Necessita intervenção emergencial,78,EM_ATENDIMENTO,1,2025-06-02,,-23.5563151,-46.5047313
476,18,6,3,2025-03-02,"Ocorrência prioritária, moradores impactados",67,EM_ANALISE,4,2025-03-08,,-23.5426441,-46.5392232
477,14,8,7,2025-12-13,Problema afeta rotina dos moradores,50,EM_ANALISE,4,2025-12-23,,-23.5798617,-46.6475761
478,43,16,20,2025-02-18,Melhoria solicitada pelos cidadãos,36,ABERTO,3,2025-03-08,,-23.5593087,-46.5189389
479,37,9,18,2024-12-22,Necessita programação para atendimento,65,EM_ANALISE,2,2025-01-05,,-23.5654597,-46.4639013
480,3,17,17,2025-06-22,"Foco crítico identificado, ação urgente",73,RESOLVIDO,5,2025-06-23,2025-06-23,-23.5726356,-46.4949
481,1,7,6,2025-01-31,Necessita intervenção emergencial,79,EM_ATENDIMENTO,3,2025-02-03,,-23.5710286,-46.684813
482,40,11,12,2025-04-12,"Ocorrência prioritária, moradores impactados",69,EM_ATENDIMENTO,1,2025-04-16,,-23.5717038,-46.5853075
483,12,19,7,2025-11-24,Solicitação com impacto médio,48,EM_ANALISE,1,2025-12-06,,-23.583443,-46.5660268
484,48,5,8,2025-01-21,Problema afeta rotina dos moradores,61,RESOLVIDO,1,2025-02-01,2025-01-28,-23.5663506,-46.7075644
485,7,6,14,2025-02-07,Ajuste operacional na infraestrutura,40,RESOLVIDO,1,2025-03-04,2025-02-25,-23.5869982,-46.5065455
486,24,18,16,2025-10-19,Necessita atendimento em até 72h,76,EM_ATENDIMENTO,1,2025-10-22,,-23.5621254,-46.507496
487,42,18,12,2025-06-29,"Ocorrência prioritária, moradores impactados",50,EM_ANALISE,3,2025-07-02,,-23.5812731,-46.5149227
488,25,20,12,2025-11-10,Impacto significativo no bairro,60,EM_ATENDIMENTO,4,2025-11-17,,-23.5756738,-46.552072
489,5,3,5,2025-10-24,Ajuste operacional na infraestrutura,30,EM_ATENDIMENTO,3,2025-11-18,,-23.5819,-46.6529455
490,29,12,11,2025-04-29,"Foco crítico identificado, ação urgente",85,EM_ANALISE,1,2025-05-02,,-23.5526052,-46.5797661
491,45,3,15,2025-02-24,Necessita programação para atendimento,48,ENCERRADO,5,2025-03-05,2025-02-28,-23.5794714,-46.6107386
492,6,4,4,2025-07-31,Impacto significativo no bairro,52,ABERTO,2,2025-08-07,,-23.5768774,-46.6711814
493,9,5,21,2025-06-18,Necessita atendimento em até 72h,79,EM_ANALISE,2,2025-06-23,,-23.5636629,-46.667348
494,9,18,2,2025-06-01,Necessita programação para atendimento,56,ENCERRADO,2,2025-06-13,2025-06-10,-23.5811482,-46.560604
495,31,18,21,2025-10-22,Necessita atendimento em até 72h,73,EM_ATENDIMENTO,4,2025-10-29,,-23.5786436,-46.6876115
496,49,5,10,2025-06-30,Situação de risco iminente à população,76,ABERTO,1,2025-07-02,,-23.5728058,-46.5927005
497,39,8,1,2025-08-09,"Foco crítico identificado, ação urgente",87,EM_ANALISE,3,2025-08-11,,-23.5501616,-46.572947
498,42,13,7,2025-09-14,Problema afeta rotina dos moradores,48,EM_ATENDIMENTO,3,2025-09-27,,-23.5485787,-46.6548519
499,48,18,3,2025-10-17,Necessita atendimento em até 72h,63,EM_ATENDIMENTO,1,2025-10-21,,-23.5495596,-46.606774
500,18,20,3,2025-02-08,Impacto significativo no bairro,55,ABERTO,3,2025-02-13,,-23.5654002,-46.6298391
501,9,15,5,2025-08-31,Melhoria solicitada pelos cidadãos,26,EM_ANALISE,1,2025-09-15,,-23.5536446,-46.6517974
502,32,12,5,2025-08-10,Manutenção preventiva necessária,25,EM_ANALISE,3,2025-08-31,,-23.5668158,-46.5121438
503,31,6,11,2025-12-20,"Foco crítico identificado, ação urgente",67,ABERTO,1,2025-12-21,,-23.5803904,-46.4996152
504,3,7,13,2025-02-01,Manutenção preventiva necessária,25,EM_ATENDIMENTO,1,2025-02-23,,-23.5669583,-46.517251
505,11,2,17,2025-03-17,Necessita intervenção emergencial,86,EM_ATENDIMENTO,5,2025-03-19,,-23.5527638,-46.572605
506,14,4,4,2025-08-04,Problema grave afetando fluxo local,58,EM_ANALISE,4,2025-08-09,,-23.5782017,-46.6014596
507,38,16,1,2026-01-11,Situação de risco iminente à população,70,RESOLVIDO,5,2026-01-13,2026-01-12,-23.5555797,-46.671252
508,49,2,3,2025-02-19,Necessita atendimento em até 72h,57,ABERTO,5,2025-02-25,,-23.5870112,-46.5488563
509,36,12,23,2026-01-10,Problema afeta rotina dos moradores,52,ABERTO,1,2026-01-18,,-23.5497237,-46.6003203
510,3,16,7,2025-11-18,Problema afeta rotina dos moradores,35,EM_ANALISE,1,2025-12-01,,-23.5546687,-46.5702438
511,30,9,18,2025-08-08,Necessita programação para atendimento,57,EM_ATENDIMENTO,1,2025-08-18,,-23.5466169,-46.56033
512,35,12,18,2025-01-05,Necessita programação para atendimento,40,ABERTO,4,2025-01-20,,-23.5672961,-46.5160205
513,47,3,17,2025-12-11,"Risco elevado, comunicado à defesa civil",77,ENCERRADO,1,2025-12-12,2025-12-12,-23.5570855,-46.5752609
514,21,4,13,2025-08-26,Manutenção preventiva necessária,31,RESOLVIDO,2,2025-09-25,2025-09-05,-23.5851872,-46.5452772
515,37,13,2,2025-02-05,Problema afeta rotina dos moradores,61,ENCERRADO,1,2025-02-14,2025-02-13,-23.5571039,-46.5785447
516,14,16,23,2025-04-11,Ocorrência recorrente na região,53,EM_ANALISE,1,2025-04-18,,-23.5435798,-46.5019806
517,46,2,15,2025-10-24,Solicitação com impacto médio,60,EM_ANALISE,4,2025-10-31,,-23.5488179,-46.6435461
518,7,4,2,2025-01-06,Problema afeta rotina dos moradores,58,ABERTO,5,2025-01-17,,-23.5537414,-46.5770847
519,36,14,7,2025-08-27,Problema afeta rotina dos moradores,41,EM_ATENDIMENTO,3,2025-09-06,,-23.5526946,-46.5184291
520,36,13,19,2025-11-11,Perigo imediato à integridade física,76,RESOLVIDO,3,2025-11-13,2025-11-12,-23.5647654,-46.545617
521,41,14,18,2025-07-15,Necessita programação para atendimento,54,ENCERRADO,2,2025-07-27,2025-07-21,-23.5486923,-46.6291373
522,29,15,8,2025-09-06,Necessita programação para atendimento,53,EM_ANALISE,2,2025-09-16,,-23.5420088,-46.7099511
523,15,7,2,2025-10-02,Necessita programação para atendimento,44,EM_ATENDIMENTO,1,2025-10-09,,-23.547214,-46.7045747
524,30,12,23,2025-04-21,Problema afeta rotina dos moradores,61,EM_ATENDIMENTO,1,2025-05-06,,-23.5821946,-46.643753
525,47,3,19,2025-03-30,"Risco elevado, comunicado à defesa civil",72,RESOLVIDO,4,2025-04-01,2025-04-01,-23.553821,-46.511774
526,3,19,6,2026-01-27,"Risco elevado, comunicado à defesa civil",80,RESOLVIDO,3,2026-01-30,2026-02-03,-23.5709227,-46.5149695
527,15,20,11,2026-01-23,Situação de risco iminente à população,76,EM_ATENDIMENTO,4,2026-01-25,,-23.5435673,-46.5515282
528,10,11,21,2024-12-28,Necessita atendimento em até 72h,62,EM_ATENDIMENTO,2,2025-01-02,,-23.5648799,-46.6548007
529,19,13,2,2025-12-10,Ocorrência recorrente na região,56,ENCERRADO,1,2025-12-23,2026-01-11,-23.5825994,-46.625958
530,33,14,16,2025-12-17,Necessita atendimento em até 72h,68,EM_ATENDIMENTO,1,2025-12-20,,-23.5513087,-46.6774062
531,36,20,5,2025-09-13,Ajuste operacional na infraestrutura,40,EM_ATENDIMENTO,3,2025-10-04,,-23.5401461,-46.5789381
532,27,14,8,2025-04-16,Ocorrência recorrente na região,37,EM_ANALISE,1,2025-04-29,,-23.5717366,-46.6623776
533,29,2,12,2025-11-01,Impacto significativo no bairro,69,RESOLVIDO,3,2025-11-04,2025-11-03,-23.5437893,-46.6516276
534,40,5,22,2025-02-18,Problema grave afetando fluxo local,61,ABERTO,1,2025-02-21,,-23.5465624,-46.5049665
535,14,18,1,2025-11-21,"Foco crítico identificado, ação urgente",75,EM_ANALISE,1,2025-11-22,,-23.5794062,-46.5733939
536,43,17,9,2025-08-05,Solicitação estética / cosmética,32,RESOLVIDO,2,2025-09-23,2025-09-19,-23.5878259,-46.6674201
537,43,9,10,2026-01-09,Situação de risco iminente à população,71,RESOLVIDO,1,2026-01-12,2026-01-12,-23.5568509,-46.4817828
538,25,17,12,2025-01-25,Impacto significativo no bairro,77,EM_ANALISE,1,2025-01-28,,-23.5411694,-46.6850991
539,30,18,11,2025-10-02,Perigo imediato à integridade física,80,ABERTO,2,2025-10-05,,-23.5436825,-46.7046279
540,2,12,8,2025-08-29,Solicitação com impacto médio,64,EM_ANALISE,3,2025-09-09,,-23.5557844,-46.6211555
541,18,8,10,2025-08-14,Situação de risco iminente à população,72,RESOLVIDO,5,2025-08-16,2025-08-16,-23.5824146,-46.4857062
542,37,5,22,2025-01-14,"Ocorrência prioritária, moradores impactados",54,EM_ATENDIMENTO,2,2025-01-20,,-23.5686768,-46.6319043
543,44,7,20,2025-07-18,Melhoria solicitada pelos cidadãos,35,EM_ANALISE,3,2025-08-06,,-23.5468706,-46.6327504
544,37,6,23,2025-08-26,Problema afeta rotina dos moradores,63,EM_ATENDIMENTO,3,2025-09-04,,-23.5741252,-46.5706649
545,27,14,24,2025-03-05,Manutenção preventiva necessária,28,ENCERRADO,4,2025-03-30,2025-03-06,-23.5748326,-46.5235976
546,12,1,21,2025-12-14,"Ocorrência prioritária, moradores impactados",79,ABERTO,1,2025-12-19,,-23.5518776,-46.5570046
547,2,12,9,2025-09-17,Solicitação estética / cosmética,34,EM_ANALISE,1,2025-11-05,,-23.5860262,-46.5150434
548,9,6,5,2025-10-06,Manutenção preventiva necessária,41,RESOLVIDO,2,2025-11-05,2025-11-03,-23.580337,-46.7019426
549,5,6,1,2025-04-18,Perigo imediato à integridade física,94,EM_ANALISE,3,2025-04-20,,-23.5436448,-46.4635931
550,39,13,20,2025-11-18,Manutenção preventiva necessária,40,ENCERRADO,3,2025-12-13,2025-12-27,-23.55399,-46.6114623
551,3,8,24,2025-10-01,Manutenção preventiva necessária,43,EM_ATENDIMENTO,2,2025-10-17,,-23.5640649,-46.6110972
552,13,10,24,2025-09-12,Ajuste operacional na infraestrutura,26,EM_ATENDIMENTO,5,2025-10-09,,-23.5680223,-46.4889006
553,10,15,10,2025-02-24,Situação de risco iminente à população,79,EM_ANALISE,3,2025-02-26,,-23.5485053,-46.5970755
554,21,15,24,2025-01-27,Melhoria solicitada pelos cidadãos,41,RESOLVIDO,2,2025-02-16,2025-03-06,-23.5887544,-46.5965798
555,46,6,23,2025-03-14,Necessita programação para atendimento,63,ABERTO,3,2025-03-28,,-23.5540813,-46.6791139
556,33,20,4,2025-07-19,Impacto significativo no bairro,72,ABERTO,3,2025-07-24,,-23.5425123,-46.6153303
557,12,2,13,2025-12-29,Melhoria solicitada pelos cidadãos,26,ENCERRADO,4,2026-01-18,2026-01-03,-23.5690209,-46.6326204
558,1,20,15,2025-10-17,Problema afeta rotina dos moradores,44,ABERTO,5,2025-10-26,,-23.5517302,-46.7069481
559,43,16,16,2025-08-13,"Ocorrência prioritária, moradores impactados",77,RESOLVIDO,1,2025-08-20,2025-08-17,-23.5673131,-46.5995312
560,14,2,20,2024-12-04,Ajuste operacional na infraestrutura,44,ENCERRADO,4,2024-12-26,2024-12-25,-23.580758,-46.696234
561,4,4,12,2025-02-13,Necessita atendimento em até 72h,51,RESOLVIDO,5,2025-02-16,2025-02-26,-23.5691522,-46.6654379
562,48,19,22,2025-10-09,"Ocorrência prioritária, moradores impactados",59,EM_ATENDIMENTO,5,2025-10-16,,-23.5719906,-46.70104
563,9,4,10,2025-06-07,Situação de risco iminente à população,75,ENCERRADO,1,2025-06-09,2025-06-27,-23.555269,-46.6413954
564,41,17,17,2025-08-26,"Risco elevado, comunicado à defesa civil",78,RESOLVIDO,3,2025-08-27,2025-08-27,-23.5406405,-46.5890843
565,37,20,23,2026-01-08,Necessita programação para atendimento,54,EM_ATENDIMENTO,1,2026-01-19,,-23.5723073,-46.6775717
566,19,7,19,2025-08-24,"Risco elevado, comunicado à defesa civil",80,RESOLVIDO,1,2025-08-27,2025-08-25,-23.589921,-46.7040033
567,36,7,21,2025-01-30,Problema grave afetando fluxo local,75,RESOLVIDO,1,2025-02-03,2025-02-17,-23.5894351,-46.6597032
568,50,1,10,2026-01-09,"Risco elevado, comunicado à defesa civil",73,EM_ANALISE,2,2026-01-10,,-23.5843082,-46.6266793
569,31,16,13,2025-09-18,Manutenção preventiva necessária,48,ENCERRADO,5,2025-10-03,2025-10-02,-23.5501373,-46.5485869
570,27,2,16,2025-10-18,Impacto significativo no bairro,54,ENCERRADO,3,2025-10-24,2025-10-21,-23.5482447,-46.6351641
571,23,3,24,2025-05-11,Ajuste operacional na infraestrutura,46,EM_ANALISE,1,2025-05-26,,-23.5415193,-46.639885
572,25,6,1,2025-06-11,Perigo imediato à integridade física,75,EM_ATENDIMENTO,3,2025-06-14,,-23.5602404,-46.4938516
573,16,12,10,2025-05-11,"Foco crítico identificado, ação urgente",87,ABERTO,1,2025-05-14,,-23.5674047,-46.4723183
574,6,15,7,2025-05-04,Ocorrência recorrente na região,51,ABERTO,3,2025-05-13,,-23.5647003,-46.5102437
575,10,4,17,2025-03-08,Necessita intervenção emergencial,69,ENCERRADO,3,2025-03-10,2025-03-27,-23.5488931,-46.475494
576,3,20,22,2025-03-16,Problema grave afetando fluxo local,54,EM_ATENDIMENTO,1,2025-03-19,,-23.5464062,-46.6266776
577,14,11,2,2025-08-24,Necessita programação para atendimento,38,ABERTO,3,2025-09-04,,-23.5799722,-46.6383582
578,40,18,18,2025-12-31,Necessita programação para atendimento,45,RESOLVIDO,1,2026-01-14,2026-01-03,-23.564297,-46.6583557
579,11,3,12,2025-05-13,Necessita atendimento em até 72h,67,ABERTO,3,2025-05-18,,-23.5744311,-46.4869392
580,4,3,18,2024-12-26,Ocorrência recorrente na região,49,ABERTO,1,2025-01-04,,-23.5686767,-46.6652543
581,43,18,20,2025-10-19,Melhoria solicitada pelos cidadãos,43,RESOLVIDO,3,2025-11-17,2025-11-15,-23.5860727,-46.479304
582,44,15,15,2025-02-06,Ocorrência recorrente na região,53,RESOLVIDO,2,2025-02-14,2025-03-01,-23.5664727,-46.4731379
583,22,11,5,2025-04-12,Ajuste operacional na infraestrutura,44,EM_ATENDIMENTO,4,2025-05-08,,-23.5673358,-46.702434
584,23,20,16,2025-05-29,"Ocorrência prioritária, moradores impactados",53,EM_ATENDIMENTO,1,2025-06-04,,-23.5612661,-46.5830126
585,20,18,13,2026-01-12,Ajuste operacional na infraestrutura,47,EM_ANALISE,1,2026-01-30,,-23.5669513,-46.562366
586,22,7,8,2025-04-04,Solicitação com impacto médio,54,ABERTO,2,2025-04-19,,-23.5493042,-46.5622575
587,43,3,14,2026-01-08,Melhoria solicitada pelos cidadãos,43,EM_ATENDIMENTO,1,2026-02-02,,-23.5530316,-46.5320228
588,12,10,16,2025-09-30,Problema grave afetando fluxo local,53,EM_ATENDIMENTO,4,2025-10-07,,-23.5422058,-46.6925981
589,9,19,4,2026-01-21,Problema grave afetando fluxo local,71,RESOLVIDO,1,2026-01-28,2026-01-25,-23.5448372,-46.5509668
590,40,19,1,2025-02-14,"Risco elevado, comunicado à defesa civil",89,ABERTO,1,2025-02-17,,-23.567642,-46.6585846
591,23,3,11,2025-09-18,"Foco crítico identificado, ação urgente",74,EM_ANALISE,3,2025-09-21,,-23.5608637,-46.5571273
592,1,18,17,2025-02-04,"Risco elevado, comunicado à defesa civil",77,ABERTO,5,2025-02-06,,-23.5489623,-46.6201888
593,21,13,10,2024-12-16,"Risco elevado, comunicado à defesa civil",92,EM_ATENDIMENTO,2,2024-12-17,,-23.5696984,-46.6012025
594,24,14,7,2025-02-27,Solicitação com impacto médio,56,ABERTO,4,2025-03-13,,-23.5822866,-46.460636
595,32,14,22,2025-02-07,Problema grave afetando fluxo local,54,ABERTO,1,2025-02-10,,-23.5412512,-46.6760561
596,30,17,5,2026-01-17,Manutenção preventiva necessária,45,ENCERRADO,3,2026-02-14,2026-03-06,-23.5687938,-46.5049821
597,47,8,13,2025-03-26,Melhoria solicitada pelos cidadãos,36,EM_ATENDIMENTO,3,2025-04-15,,-23.5543935,-46.6426874
598,31,3,18,2025-06-06,Necessita programação para atendimento,53,ENCERRADO,1,2025-06-13,2025-06-12,-23.5828956,-46.5271767
599,41,3,9,2025-08-22,Solicitação estética / cosmética,29,EM_ATENDIMENTO,1,2025-09-23,,-23.5557963,-46.5752007
600,31,19,19,2025-10-10,"Foco crítico identificado, ação urgente",74,ENCERRADO,2,2025-10-11,2025-10-11,-23.5533093,-46.604746
601,41,16,10,2025-02-24,"Risco elevado, comunicado à defesa civil",74,RESOLVIDO,1,2025-02-25,2025-02-25,-23.5610929,-46.566785
602,33,3,22,2026-01-19,Impacto significativo no bairro,59,ABERTO,1,2026-01-26,,-23.5474277,-46.6405378
603,38,5,5,2025-04-23,Ajuste operacional na infraestrutura,44,ENCERRADO,1,2025-05-16,2025-04-27,-23.5570422,-46.6175583
604,3,11,6,2026-01-05,Perigo imediato à integridade física,73,EM_ANALISE,3,2026-01-08,,-23.5407964,-46.4681636
605,14,19,20,2025-08-11,Ajuste operacional na infraestrutura,29,RESOLVIDO,3,2025-09-08,2025-08-26,-23.5532819,-46.6237311
606,20,16,21,2025-12-22,Impacto significativo no bairro,58,ABERTO,2,2025-12-25,,-23.5526925,-46.521893
607,28,1,18,2025-06-13,Problema afeta rotina dos moradores,42,EM_ATENDIMENTO,2,2025-06-26,,-23.5755604,-46.5106727
608,28,20,13,2025-05-11,Ajuste operacional na infraestrutura,46,ABERTO,3,2025-05-27,,-23.5440979,-46.4954111
609,50,8,11,2025-04-16,"Risco elevado, comunicado à defesa civil",73,EM_ANALISE,2,2025-04-17,,-23.5532843,-46.5628189
610,5,1,7,2025-05-22,Ocorrência recorrente na região,51,EM_ANALISE,3,2025-05-31,,-23.5694376,-46.5786839
611,4,20,22,2025-05-29,Problema grave afetando fluxo local,64,RESOLVIDO,3,2025-06-02,2025-05-30,-23.5571697,-46.5011352
612,43,19,20,2025-02-01,Ajuste operacional na infraestrutura,45,ABERTO,1,2025-02-19,,-23.54984,-46.6638078
613,18,14,4,2025-03-05,Problema grave afetando fluxo local,72,EM_ANALISE,3,2025-03-10,,-23.5553889,-46.5431052
614,22,2,11,2025-02-21,Situação de risco iminente à população,73,EM_ANALISE,2,2025-02-22,,-23.5770881,-46.5067998
615,7,5,6,2025-01-05,Perigo imediato à integridade física,79,ENCERRADO,3,2025-01-07,2025-01-07,-23.5629684,-46.6021866
616,17,15,20,2025-01-24,Melhoria solicitada pelos cidadãos,45,RESOLVIDO,3,2025-02-22,2025-01-27,-23.5890618,-46.5855747
617,37,1,21,2024-12-01,Necessita atendimento em até 72h,70,RESOLVIDO,4,2024-12-04,2024-12-04,-23.5642308,-46.4750222
618,45,16,16,2025-07-12,"Ocorrência prioritária, moradores impactados",65,ENCERRADO,1,2025-07-18,2025-07-21,-23.5839398,-46.576174
619,22,3,12,2025-11-15,Problema grave afetando fluxo local,60,EM_ATENDIMENTO,2,2025-11-20,,-23.5479409,-46.5198867
620,20,13,10,2025-03-14,"Foco crítico identificado, ação urgente",85,EM_ATENDIMENTO,3,2025-03-15,,-23.545177,-46.5523457
621,38,8,12,2025-01-13,Problema grave afetando fluxo local,65,RESOLVIDO,3,2025-01-19,2025-01-15,-23.5655384,-46.6942518
622,2,2,18,2025-05-07,Solicitação com impacto médio,55,EM_ATENDIMENTO,5,2025-05-21,,-23.5730357,-46.6255703
623,30,18,24,2025-06-26,Ajuste operacional na infraestrutura,26,EM_ANALISE,3,2025-07-14,,-23.5825523,-46.5651636
624,40,2,3,2025-12-12,Problema grave afetando fluxo local,51,EM_ATENDIMENTO,2,2025-12-16,,-23.5778659,-46.5478034
625,38,3,1,2025-10-20,"Foco crítico identificado, ação urgente",70,ENCERRADO,3,2025-10-21,2025-10-25,-23.54911,-46.6834172
626,48,13,16,2026-01-14,"Ocorrência prioritária, moradores impactados",69,EM_ANALISE,2,2026-01-21,,-23.5737883,-46.4660367
627,5,4,19,2025-02-09,"Risco elevado, comunicado à defesa civil",82,ENCERRADO,1,2025-02-11,2025-02-13,-23.5763053,-46.5206125
628,3,5,6,2025-06-08,Perigo imediato à integridade física,87,ABERTO,5,2025-06-11,,-23.5850016,-46.4981583
629,1,6,20,2026-01-03,Manutenção preventiva necessária,37,ABERTO,1,2026-01-23,,-23.5436932,-46.5333147
630,41,9,19,2025-04-25,Perigo imediato à integridade física,93,RESOLVIDO,1,2025-04-27,2025-05-13,-23.5638457,-46.6069922
631,20,12,6,2025-11-20,Situação de risco iminente à população,84,RESOLVIDO,3,2025-11-21,2025-12-11,-23.5690607,-46.5705724
632,41,7,7,2025-08-29,Problema afeta rotina dos moradores,38,RESOLVIDO,2,2025-09-06,2025-09-24,-23.5761787,-46.6615703
633,4,12,5,2025-07-31,Ajuste operacional na infraestrutura,46,ABERTO,5,2025-08-30,,-23.5757468,-46.6013321
634,12,6,11,2026-01-17,Situação de risco iminente à população,84,ABERTO,5,2026-01-19,,-23.5507254,-46.5887347
635,8,11,4,2025-03-31,Necessita atendimento em até 72h,52,RESOLVIDO,1,2025-04-06,2025-04-02,-23.5786109,-46.6507204
636,28,5,14,2025-06-11,Ajuste operacional na infraestrutura,31,ABERTO,2,2025-07-03,,-23.5791917,-46.5576416
637,18,7,6,2025-06-10,Perigo imediato à integridade física,77,EM_ATENDIMENTO,3,2025-06-11,,-23.5732054,-46.7019764
638,11,11,19,2025-04-23,"Foco crítico identificado, ação urgente",66,ABERTO,2,2025-04-24,,-23.5790073,-46.6362096
639,6,14,6,2026-01-11,"Risco elevado, comunicado à defesa civil",90,ENCERRADO,4,2026-01-14,2026-02-02,-23.5471513,-46.5876967
640,16,8,7,2025-07-31,Solicitação com impacto médio,53,EM_ANALISE,3,2025-08-14,,-23.5736352,-46.5651332
641,47,17,19,2025-02-15,Situação de risco iminente à população,95,ENCERRADO,5,2025-02-18,2025-02-16,-23.588319,-46.5772196
642,49,1,16,2026-01-13,"Ocorrência prioritária, moradores impactados",75,EM_ATENDIMENTO,1,2026-01-16,,-23.555342,-46.6083455
643,43,10,7,2025-06-02,Ocorrência recorrente na região,39,EM_ANALISE,1,2025-06-13,,-23.5819099,-46.5951793
644,24,15,19,2025-09-25,"Foco crítico identificado, ação urgente",88,ENCERRADO,1,2025-09-26,2025-09-26,-23.5548049,-46.7096591
645,18,20,21,2025-06-16,Necessita atendimento em até 72h,52,EM_ATENDIMENTO,2,2025-06-21,,-23.5628782,-46.5113803
646,24,15,22,2025-10-14,Problema grave afetando fluxo local,52,RESOLVIDO,1,2025-10-19,2025-10-17,-23.5590433,-46.6186072
647,22,8,6,2025-09-13,Perigo imediato à integridade física,85,ABERTO,1,2025-09-16,,-23.5630183,-46.5477404
648,33,14,24,2025-09-24,Manutenção preventiva necessária,49,RESOLVIDO,4,2025-10-15,2025-10-26,-23.5761427,-46.6941577
649,35,18,12,2025-08-06,Problema grave afetando fluxo local,64,EM_ATENDIMENTO,2,2025-08-13,,-23.5450274,-46.5970054
650,26,6,12,2025-11-10,Impacto significativo no bairro,75,EM_ANALISE,1,2025-11-13,,-23.5755814,-46.4708433
651,44,18,4,2025-04-21,Problema grave afetando fluxo local,55,RESOLVIDO,1,2025-04-24,2025-04-22,-23.5434139,-46.5915238
652,15,17,14,2025-12-13,Melhoria solicitada pelos cidadãos,39,EM_ANALISE,1,2025-12-28,,-23.5577664,-46.6070771
653,29,15,11,2025-10-27,"Risco elevado, comunicado à defesa civil",85,EM_ATENDIMENTO,4,2025-10-29,,-23.5747959,-46.6770114
654,50,2,10,2026-01-09,Necessita intervenção emergencial,70,EM_ANALISE,5,2026-01-11,,-23.5825831,-46.6389045
655,46,5,6,2025-02-21,Perigo imediato à integridade física,84,EM_ATENDIMENTO,5,2025-02-24,,-23.5819373,-46.6807707
656,46,2,11,2025-02-03,Perigo imediato à integridade física,83,EM_ANALISE,1,2025-02-05,,-23.5567223,-46.4654944
657,26,16,5,2025-07-18,Melhoria solicitada pelos cidadãos,36,EM_ATENDIMENTO,5,2025-08-07,,-23.5515741,-46.4730527
658,46,10,11,2024-12-03,"Risco elevado, comunicado à defesa civil",69,EM_ATENDIMENTO,1,2024-12-06,,-23.5663045,-46.6375432
659,3,5,19,2025-02-14,Situação de risco iminente à população,86,RESOLVIDO,3,2025-02-17,2025-02-28,-23.5560996,-46.680781
660,39,7,1,2025-10-13,Situação de risco iminente à população,77,EM_ATENDIMENTO,1,2025-10-14,,-23.5608284,-46.654464
661,6,17,9,2024-12-12,Zeladoria de baixa criticidade,21,EM_ATENDIMENTO,3,2025-01-13,,-23.5702788,-46.5873837
662,24,13,20,2025-08-19,Ajuste operacional na infraestrutura,44,ENCERRADO,4,2025-09-04,2025-08-24,-23.5713584,-46.6388374
663,27,15,12,2025-07-17,Impacto significativo no bairro,59,ABERTO,3,2025-07-24,,-23.5755683,-46.5085818
664,34,11,14,2025-07-01,Melhoria solicitada pelos cidadãos,48,ENCERRADO,1,2025-07-20,2025-07-06,-23.5866942,-46.4699762
665,37,5,13,2024-12-04,Ajuste operacional na infraestrutura,27,RESOLVIDO,2,2025-01-01,2024-12-10,-23.5800371,-46.5019291
666,30,8,10,2025-08-09,"Foco crítico identificado, ação urgente",82,ENCERRADO,3,2025-08-10,2025-08-10,-23.588658,-46.7093883
667,32,8,9,2025-10-24,Zeladoria de baixa criticidade,24,RESOLVIDO,2,2025-12-19,2025-12-06,-23.5885779,-46.5188204
668,8,12,16,2025-10-03,Impacto significativo no bairro,52,RESOLVIDO,5,2025-10-08,2025-10-06,-23.5643737,-46.5661841
669,9,12,9,2025-09-24,Zeladoria de baixa criticidade,20,ABERTO,4,2025-10-25,,-23.5818346,-46.6418324
670,5,17,14,2025-06-01,Ajuste operacional na infraestrutura,45,EM_ANALISE,3,2025-06-17,,-23.5803093,-46.5529925
671,44,10,4,2025-12-21,Necessita atendimento em até 72h,69,EM_ATENDIMENTO,4,2025-12-25,,-23.5764271,-46.5355081
672,34,10,12,2025-08-31,"Ocorrência prioritária, moradores impactados",53,EM_ANALISE,1,2025-09-07,,-23.5713493,-46.5887752
673,13,18,11,2025-02-22,"Risco elevado, comunicado à defesa civil",94,EM_ANALISE,1,2025-02-23,,-23.5593286,-46.502146
674,5,4,17,2025-08-30,Situação de risco iminente à população,92,EM_ATENDIMENTO,2,2025-09-02,,-23.5490578,-46.4791476
675,39,17,16,2025-05-09,Impacto significativo no bairro,61,ABERTO,4,2025-05-14,,-23.5518205,-46.6244887
676,20,5,23,2024-12-15,Problema afeta rotina dos moradores,44,EM_ANALISE,3,2024-12-23,,-23.5795079,-46.4647226
677,3,7,14,2025-12-26,Manutenção preventiva necessária,47,ABERTO,3,2026-01-13,,-23.5846091,-46.5117362
678,20,1,17,2024-12-31,Necessita intervenção emergencial,83,ABERTO,1,2025-01-02,,-23.5522725,-46.5144073
679,10,9,20,2025-09-27,Manutenção preventiva necessária,31,EM_ANALISE,1,2025-10-18,,-23.5425604,-46.6230409
680,49,1,6,2025-08-14,Situação de risco iminente à população,92,RESOLVIDO,4,2025-08-17,2025-08-15,-23.5635581,-46.5310471
681,33,16,10,2025-12-22,Situação de risco iminente à população,70,ABERTO,5,2025-12-25,,-23.5716768,-46.5626549
682,27,4,15,2025-01-24,Problema afeta rotina dos moradores,56,ENCERRADO,2,2025-02-02,2025-02-16,-23.5519295,-46.6314299
683,36,2,15,2025-08-24,Necessita programação para atendimento,38,EM_ATENDIMENTO,3,2025-09-02,,-23.5858876,-46.5865718
684,28,7,13,2025-07-22,Ajuste operacional na infraestrutura,34,RESOLVIDO,2,2025-08-15,2025-08-23,-23.5471613,-46.4863113
685,26,15,16,2025-11-13,Impacto significativo no bairro,80,ABERTO,3,2025-11-18,,-23.5638669,-46.5408703
686,13,11,4,2025-06-21,Problema grave afetando fluxo local,54,RESOLVIDO,2,2025-06-27,2025-07-03,-23.5799868,-46.4989926
687,49,13,13,2025-03-30,Ajuste operacional na infraestrutura,28,RESOLVIDO,3,2025-04-27,2025-04-22,-23.5721951,-46.5433307
688,17,16,13,2025-08-19,Manutenção preventiva necessária,40,ABERTO,1,2025-09-11,,-23.5651363,-46.5529072
689,44,11,5,2025-01-20,Melhoria solicitada pelos cidadãos,25,ENCERRADO,2,2025-02-05,2025-01-21,-23.5823632,-46.5545083
690,32,17,4,2025-01-09,Necessita atendimento em até 72h,74,RESOLVIDO,3,2025-01-16,2025-01-23,-23.5769167,-46.6240961
691,25,15,18,2024-12-10,Solicitação com impacto médio,52,ENCERRADO,2,2024-12-17,2024-12-21,-23.5670172,-46.7017851
692,25,16,18,2026-01-04,Problema afeta rotina dos moradores,56,ENCERRADO,1,2026-01-15,2026-01-11,-23.5517994,-46.5677862
693,11,17,16,2025-09-10,Impacto significativo no bairro,71,EM_ATENDIMENTO,3,2025-09-17,,-23.5872131,-46.6441523
694,2,19,19,2025-10-12,Necessita intervenção emergencial,77,EM_ANALISE,1,2025-10-15,,-23.5877441,-46.5007665
695,28,12,12,2025-12-15,Necessita atendimento em até 72h,75,ABERTO,2,2025-12-22,,-23.5404027,-46.6070176
696,45,3,2,2025-04-05,Necessita programação para atendimento,56,EM_ANALISE,3,2025-04-15,,-23.546553,-46.6813822
697,27,9,6,2025-09-02,"Foco crítico identificado, ação urgente",65,ABERTO,3,2025-09-04,,-23.5889799,-46.592575
698,32,4,1,2025-06-12,"Risco elevado, comunicado à defesa civil",75,EM_ATENDIMENTO,1,2025-06-15,,-23.5554568,-46.6585229
699,28,7,16,2026-01-20,Necessita atendimento em até 72h,66,ABERTO,2,2026-01-25,,-23.5651524,-46.4981665
700,37,13,3,2025-09-01,Problema grave afetando fluxo local,76,EM_ANALISE,1,2025-09-05,,-23.5497698,-46.5538569
701,23,3,3,2025-09-23,Impacto significativo no bairro,72,RESOLVIDO,2,2025-09-26,2025-09-26,-23.5574232,-46.6345382
702,40,17,10,2025-11-05,"Foco crítico identificado, ação urgente",78,EM_ANALISE,2,2025-11-08,,-23.5673386,-46.5191394
703,48,15,6,2024-12-10,"Foco crítico identificado, ação urgente",93,RESOLVIDO,1,2024-12-13,2025-01-01,-23.5766032,-46.5505184
704,16,5,20,2025-07-11,Manutenção preventiva necessária,49,EM_ATENDIMENTO,2,2025-07-27,,-23.5526783,-46.5186175
705,17,20,14,2025-05-13,Manutenção preventiva necessária,38,RESOLVIDO,3,2025-05-30,2025-06-08,-23.5781935,-46.6503791
706,28,2,5,2024-12-15,Ajuste operacional na infraestrutura,31,RESOLVIDO,5,2025-01-06,2024-12-31,-23.5799005,-46.641822
707,4,3,1,2026-01-09,"Foco crítico identificado, ação urgente",73,RESOLVIDO,3,2026-01-11,2026-01-10,-23.5743048,-46.6355052
708,37,17,3,2025-06-27,"Ocorrência prioritária, moradores impactados",78,RESOLVIDO,1,2025-07-02,2025-07-15,-23.5433532,-46.5795106
709,8,11,19,2026-01-01,Situação de risco iminente à população,95,EM_ANALISE,1,2026-01-04,,-23.5735357,-46.5639184
710,18,15,13,2025-12-19,Melhoria solicitada pelos cidadãos,50,ENCERRADO,1,2026-01-10,2025-12-23,-23.5695812,-46.494275
711,16,9,2,2025-08-31,Solicitação com impacto médio,50,RESOLVIDO,2,2025-09-12,2025-09-09,-23.5460283,-46.4757569
712,43,2,12,2025-12-02,Problema grave afetando fluxo local,65,ENCERRADO,4,2025-12-07,2025-12-07,-23.5554659,-46.5127993
713,44,4,8,2025-09-09,Necessita programação para atendimento,43,EM_ANALISE,4,2025-09-22,,-23.5632545,-46.6509045
714,49,8,15,2024-12-05,Ocorrência recorrente na região,47,ENCERRADO,5,2024-12-18,2024-12-28,-23.5751289,-46.4951458
715,18,3,6,2025-07-13,"Foco crítico identificado, ação urgente",94,EM_ANALISE,3,2025-07-16,,-23.5488401,-46.4748761
716,33,3,16,2025-06-30,"Ocorrência prioritária, moradores impactados",73,RESOLVIDO,3,2025-07-05,2025-07-09,-23.5724072,-46.559471
717,9,1,18,2025-05-17,Solicitação com impacto médio,58,RESOLVIDO,3,2025-05-31,2025-06-06,-23.5699669,-46.5529259
718,50,5,11,2025-01-12,"Risco elevado, comunicado à defesa civil",83,ABERTO,3,2025-01-13,,-23.547652,-46.5385617
719,21,10,11,2025-08-02,Perigo imediato à integridade física,79,ABERTO,3,2025-08-05,,-23.5800668,-46.6063759
720,42,20,6,2025-06-12,Situação de risco iminente à população,77,EM_ANALISE,5,2025-06-15,,-23.5586686,-46.4832888
721,10,3,15,2025-04-14,Solicitação com impacto médio,41,ABERTO,3,2025-04-23,,-23.5420984,-46.6674693
722,32,4,19,2024-12-08,"Foco crítico identificado, ação urgente",68,EM_ATENDIMENTO,4,2024-12-11,,-23.5787758,-46.6592137
723,39,7,9,2025-12-18,Zeladoria de baixa criticidade,24,EM_ATENDIMENTO,4,2026-02-01,,-23.5402396,-46.6392582
724,17,8,22,2025-07-03,"Ocorrência prioritária, moradores impactados",56,EM_ATENDIMENTO,1,2025-07-07,,-23.559116,-46.4831679
725,21,13,12,2025-11-16,Impacto significativo no bairro,68,ABERTO,1,2025-11-22,,-23.5556574,-46.531666
726,16,16,23,2025-12-12,Ocorrência recorrente na região,48,ABERTO,1,2025-12-23,,-23.5445887,-46.4608151
727,25,10,22,2026-01-15,Necessita atendimento em até 72h,80,RESOLVIDO,2,2026-01-22,2026-01-23,-23.5411238,-46.5421845
728,22,15,5,2024-12-22,Ajuste operacional na infraestrutura,42,EM_ANALISE,2,2025-01-11,,-23.583404,-46.6306707
729,32,9,17,2025-02-11,Situação de risco iminente à população,78,ABERTO,5,2025-02-13,,-23.5526088,-46.4784407
730,11,11,10,2025-04-14,Necessita intervenção emergencial,93,ENCERRADO,2,2025-04-17,2025-05-04,-23.5531565,-46.5871813
731,12,2,5,2025-11-02,Melhoria solicitada pelos cidadãos,42,ABERTO,1,2025-12-01,,-23.5664876,-46.6691113
732,36,16,15,2025-01-29,Necessita programação para atendimento,48,ABERTO,5,2025-02-12,,-23.567112,-46.6818773
733,11,17,24,2025-02-02,Manutenção preventiva necessária,29,ABERTO,1,2025-02-28,,-23.5488714,-46.5691882
734,5,8,22,2025-03-19,"Ocorrência prioritária, moradores impactados",68,ENCERRADO,2,2025-03-26,2025-03-26,-23.5515873,-46.5407729
735,7,11,11,2025-04-25,"Risco elevado, comunicado à defesa civil",65,ENCERRADO,5,2025-04-28,2025-04-27,-23.5823112,-46.6897342
736,3,20,23,2025-08-03,Ocorrência recorrente na região,56,RESOLVIDO,1,2025-08-17,2025-08-14,-23.5424552,-46.6287711
737,19,11,24,2026-01-13,Melhoria solicitada pelos cidadãos,48,EM_ANALISE,4,2026-02-01,,-23.5500927,-46.52405
738,50,13,18,2025-10-05,Necessita programação para atendimento,65,ABERTO,1,2025-10-18,,-23.5855406,-46.4969135
739,32,14,6,2026-01-04,Perigo imediato à integridade física,77,EM_ANALISE,1,2026-01-06,,-23.5532055,-46.479575
740,25,16,22,2025-02-06,"Ocorrência prioritária, moradores impactados",69,RESOLVIDO,2,2025-02-11,2025-02-28,-23.576576,-46.5599148
741,22,15,3,2025-07-05,Problema grave afetando fluxo local,74,RESOLVIDO,1,2025-07-10,2025-07-09,-23.556178,-46.5480973
742,31,10,23,2025-08-11,Solicitação com impacto médio,39,RESOLVIDO,2,2025-08-26,2025-08-16,-23.5825697,-46.6780526
743,5,2,10,2025-04-07,"Risco elevado, comunicado à defesa civil",91,EM_ATENDIMENTO,1,2025-04-10,,-23.5643293,-46.5823371
744,33,1,14,2025-07-26,Ajuste operacional na infraestrutura,28,EM_ANALISE,1,2025-08-18,,-23.5843032,-46.5446054
745,20,11,6,2025-03-04,"Foco crítico identificado, ação urgente",90,ABERTO,4,2025-03-06,,-23.5606396,-46.5962505
746,6,20,22,2025-10-16,"Ocorrência prioritária, moradores impactados",64,EM_ANALISE,1,2025-10-21,,-23.5770341,-46.5416478
747,31,15,14,2024-12-10,Melhoria solicitada pelos cidadãos,42,EM_ATENDIMENTO,1,2024-12-25,,-23.5554097,-46.4928049
748,44,13,24,2025-12-07,Ajuste operacional na infraestrutura,44,EM_ANALISE,2,2026-01-06,,-23.549768,-46.6880912
749,42,5,5,2025-03-08,Melhoria solicitada pelos cidadãos,25,RESOLVIDO,1,2025-03-26,2025-04-02,-23.557513,-46.6010529
750,10,16,21,2026-01-09,Necessita atendimento em até 72h,77,EM_ANALISE,3,2026-01-16,,-23.568906,-46.6808853
751,13,10,5,2025-11-25,Manutenção preventiva necessária,48,ENCERRADO,3,2025-12-24,2025-12-23,-23.5615285,-46.5015404
752,39,18,2,2024-12-05,Solicitação com impacto médio,45,RESOLVIDO,3,2024-12-13,2024-12-27,-23.5400487,-46.7007457
753,28,19,13,2025-08-20,Melhoria solicitada pelos cidadãos,40,EM_ANALISE,2,2025-09-19,,-23.5742075,-46.6941224
754,28,1,21,2025-07-31,Necessita atendimento em até 72h,63,EM_ATENDIMENTO,2,2025-08-03,,-23.5819333,-46.5284477
755,46,15,16,2025-07-13,Necessita atendimento em até 72h,61,EM_ATENDIMENTO,5,2025-07-17,,-23.5834421,-46.6366515
756,48,3,23,2025-07-02,Problema afeta rotina dos moradores,47,RESOLVIDO,1,2025-07-14,2025-07-20,-23.5566472,-46.6777259
757,32,10,7,2025-10-07,Solicitação com impacto médio,40,ABERTO,5,2025-10-21,,-23.5782641,-46.5707924
758,8,20,1,2025-04-13,Situação de risco iminente à população,76,RESOLVIDO,1,2025-04-15,2025-04-14,-23.5786655,-46.5695046
759,45,17,16,2025-05-24,Necessita atendimento em até 72h,58,RESOLVIDO,4,2025-05-29,2025-06-16,-23.5597855,-46.6839645
760,3,17,2,2025-07-13,Ocorrência recorrente na região,64,ENCERRADO,4,2025-07-27,2025-07-31,-23.5847294,-46.5525185
761,7,5,7,2025-06-04,Solicitação com impacto médio,64,RESOLVIDO,3,2025-06-13,2025-06-30,-23.5576454,-46.6263481
762,31,11,5,2025-03-14,Melhoria solicitada pelos cidadãos,28,ENCERRADO,4,2025-04-12,2025-04-13,-23.5756621,-46.6671846
763,49,17,9,2025-12-02,Solicitação estética / cosmética,26,EM_ATENDIMENTO,1,2026-01-25,,-23.5689139,-46.6529545
764,29,5,14,2025-06-28,Manutenção preventiva necessária,38,ENCERRADO,5,2025-07-27,2025-07-20,-23.5514924,-46.5305936
765,11,14,17,2025-01-05,"Foco crítico identificado, ação urgente",95,EM_ANALISE,5,2025-01-06,,-23.5869266,-46.5202019
766,44,18,22,2025-10-25,Impacto significativo no bairro,79,ENCERRADO,2,2025-10-29,2025-10-28,-23.5463227,-46.5296122
767,29,7,11,2025-05-26,Perigo imediato à integridade física,94,ENCERRADO,3,2025-05-27,2025-06-16,-23.545621,-46.5539101
768,6,2,20,2025-07-15,Melhoria solicitada pelos cidadãos,45,ENCERRADO,4,2025-08-10,2025-08-23,-23.5631283,-46.6125016
769,34,11,24,2025-02-03,Ajuste operacional na infraestrutura,48,EM_ANALISE,3,2025-02-27,,-23.5521477,-46.6699932
770,8,2,1,2026-01-12,"Foco crítico identificado, ação urgente",93,RESOLVIDO,5,2026-01-15,2026-01-14,-23.5479208,-46.6450609
771,1,15,17,2025-02-02,Necessita intervenção emergencial,76,RESOLVIDO,3,2025-02-03,2025-02-18,-23.573051,-46.6509757
772,46,19,24,2025-09-16,Manutenção preventiva necessária,43,EM_ANALISE,3,2025-10-08,,-23.5563783,-46.5314123
773,50,12,17,2025-04-06,"Risco elevado, comunicado à defesa civil",88,EM_ANALISE,1,2025-04-07,,-23.5672845,-46.6733617
774,29,3,14,2025-01-11,Melhoria solicitada pelos cidadãos,38,ABERTO,2,2025-01-28,,-23.5715353,-46.5784361
775,32,14,19,2025-08-23,"Foco crítico identificado, ação urgente",82,ENCERRADO,3,2025-08-25,2025-08-25,-23.5488094,-46.6739135
776,34,4,5,2025-11-30,Ajuste operacional na infraestrutura,40,ABERTO,2,2025-12-29,,-23.5552765,-46.5961419
777,27,4,2,2025-02-19,Ocorrência recorrente na região,58,EM_ANALISE,3,2025-03-06,,-23.5839567,-46.5670588
778,32,1,2,2025-02-17,Necessita programação para atendimento,51,EM_ANALISE,1,2025-02-25,,-23.5504398,-46.674465
779,23,3,19,2024-12-25,Situação de risco iminente à população,78,ENCERRADO,1,2024-12-27,2024-12-27,-23.5464787,-46.6056062
780,9,17,19,2025-09-16,"Risco elevado, comunicado à defesa civil",74,ENCERRADO,1,2025-09-18,2025-10-04,-23.558177,-46.5195803
781,26,11,22,2025-02-15,Impacto significativo no bairro,64,ABERTO,2,2025-02-20,,-23.5629503,-46.4704801
782,8,18,15,2025-04-22,Necessita programação para atendimento,58,ENCERRADO,3,2025-04-30,2025-05-19,-23.5857424,-46.4712079
783,2,4,18,2025-12-23,Solicitação com impacto médio,53,ENCERRADO,2,2025-12-30,2025-12-30,-23.5570873,-46.5770351
784,35,20,1,2026-01-07,"Risco elevado, comunicado à defesa civil",73,EM_ANALISE,2,2026-01-08,,-23.5739784,-46.5627767
785,34,11,16,2024-12-12,Impacto significativo no bairro,77,EM_ATENDIMENTO,1,2024-12-17,,-23.5708995,-46.6872437
786,10,10,4,2025-02-25,Necessita atendimento em até 72h,67,ABERTO,3,2025-03-02,,-23.5423918,-46.5403479
787,7,11,2,2025-05-16,Ocorrência recorrente na região,54,ABERTO,1,2025-05-25,,-23.582877,-46.4867472
788,39,19,9,2026-01-28,Solicitação estética / cosmética,27,ABERTO,1,2026-03-27,,-23.5781754,-46.5828447
789,5,16,17,2025-01-28,"Foco crítico identificado, ação urgente",77,ABERTO,3,2025-01-30,,-23.5885547,-46.5516147
790,27,15,1,2025-09-10,Perigo imediato à integridade física,73,RESOLVIDO,1,2025-09-13,2025-09-13,-23.5858046,-46.5510503
791,35,14,7,2025-02-11,Problema afeta rotina dos moradores,60,EM_ATENDIMENTO,3,2025-02-23,,-23.5419324,-46.5712119
792,31,9,2,2026-01-21,Problema afeta rotina dos moradores,35,ENCERRADO,1,2026-02-04,2026-02-01,-23.5601066,-46.5001281
793,37,3,13,2025-10-20,Melhoria solicitada pelos cidadãos,36,RESOLVIDO,3,2025-11-10,2025-10-22,-23.5749681,-46.6111738
794,22,9,4,2025-02-10,Necessita atendimento em até 72h,76,ENCERRADO,4,2025-02-17,2025-02-24,-23.541018,-46.5330615
795,22,1,9,2025-11-05,Zeladoria de baixa criticidade,22,EM_ANALISE,5,2025-12-15,,-23.5442991,-46.6765686
796,46,16,1,2025-08-01,"Risco elevado, comunicado à defesa civil",84,ENCERRADO,4,2025-08-02,2025-08-16,-23.5518767,-46.5754671
797,23,13,21,2025-01-09,Impacto significativo no bairro,70,ABERTO,3,2025-01-16,,-23.5486267,-46.6205086
798,15,1,6,2025-12-29,Perigo imediato à integridade física,91,ENCERRADO,2,2026-01-01,2025-12-31,-23.552079,-46.5398614
799,24,2,23,2025-03-09,Problema afeta rotina dos moradores,46,RESOLVIDO,5,2025-03-17,2025-03-13,-23.5759622,-46.4838731
800,18,19,23,2025-03-18,Solicitação com impacto médio,54,EM_ANALISE,1,2025-03-25,,-23.5649837,-46.6673807
801,9,9,7,2025-12-14,Problema afeta rotina dos moradores,56,ABERTO,3,2025-12-23,,-23.5433218,-46.4961303
802,45,18,17,2026-01-05,Situação de risco iminente à população,88,EM_ANALISE,5,2026-01-07,,-23.5592772,-46.5398299
803,44,17,15,2025-07-07,Solicitação com impacto médio,35,ENCERRADO,1,2025-07-14,2025-07-14,-23.5666707,-46.619632
804,21,1,2,2025-12-05,Solicitação com impacto médio,63,ABERTO,2,2025-12-15,,-23.5704071,-46.6263235
805,16,7,19,2024-12-13,"Foco crítico identificado, ação urgente",90,EM_ANALISE,5,2024-12-16,,-23.5817759,-46.6322985
806,41,11,21,2025-01-19,Problema grave afetando fluxo local,70,EM_ATENDIMENTO,3,2025-01-22,,-23.5479746,-46.6482116
807,40,15,16,2025-05-24,Problema grave afetando fluxo local,57,ENCERRADO,3,2025-05-27,2025-05-25,-23.5517951,-46.5536628
808,29,2,19,2025-01-13,Perigo imediato à integridade física,68,ENCERRADO,1,2025-01-14,2025-01-14,-23.5749264,-46.5534537
809,26,4,3,2025-11-12,Necessita atendimento em até 72h,53,EM_ATENDIMENTO,4,2025-11-15,,-23.5591349,-46.607223
810,40,20,20,2025-11-03,Manutenção preventiva necessária,50,EM_ATENDIMENTO,3,2025-11-18,,-23.5849361,-46.5472696
811,1,20,22,2024-12-14,"Ocorrência prioritária, moradores impactados",75,EM_ATENDIMENTO,1,2024-12-20,,-23.554335,-46.5617784
812,29,6,7,2025-09-20,Solicitação com impacto médio,63,RESOLVIDO,3,2025-09-29,2025-09-27,-23.5778424,-46.5107436
813,35,5,2,2025-05-09,Necessita programação para atendimento,39,EM_ATENDIMENTO,1,2025-05-22,,-23.5826295,-46.6328314
814,33,18,11,2025-06-07,Perigo imediato à integridade física,74,EM_ATENDIMENTO,1,2025-06-08,,-23.5470649,-46.6044847
815,22,19,7,2025-10-24,Solicitação com impacto médio,41,RESOLVIDO,3,2025-11-03,2025-11-01,-23.5616952,-46.6260849
816,1,8,10,2025-05-18,Situação de risco iminente à população,78,ABERTO,2,2025-05-19,,-23.555339,-46.5933658
817,1,12,7,2025-08-04,Problema afeta rotina dos moradores,42,RESOLVIDO,4,2025-08-16,2025-08-11,-23.5895054,-46.6205283
818,2,7,18,2025-02-11,Necessita programação para atendimento,38,EM_ATENDIMENTO,1,2025-02-22,,-23.5801088,-46.6664633
819,17,4,9,2025-02-28,Solicitação estética / cosmética,38,ENCERRADO,1,2025-04-09,2025-03-13,-23.5889503,-46.5406369
820,16,12,13,2026-01-08,Melhoria solicitada pelos cidadãos,45,EM_ANALISE,1,2026-01-26,,-23.5495256,-46.5447728
821,13,18,17,2025-10-16,Perigo imediato à integridade física,90,ENCERRADO,3,2025-10-18,2025-10-17,-23.5710902,-46.6164362
822,19,5,20,2025-10-22,Melhoria solicitada pelos cidadãos,38,ENCERRADO,4,2025-11-13,2025-12-02,-23.573616,-46.6966853
823,43,20,9,2025-08-18,Solicitação estética / cosmética,19,RESOLVIDO,3,2025-10-17,2025-10-04,-23.5867563,-46.5828465
824,46,12,21,2025-08-18,Impacto significativo no bairro,74,EM_ATENDIMENTO,1,2025-08-23,,-23.5637262,-46.5891757
825,13,15,16,2025-04-17,Problema grave afetando fluxo local,65,EM_ATENDIMENTO,1,2025-04-24,,-23.5468416,-46.611025
826,6,5,10,2025-06-12,Necessita intervenção emergencial,78,ABERTO,1,2025-06-15,,-23.5524189,-46.636238
827,28,15,17,2025-03-28,"Risco elevado, comunicado à defesa civil",76,ABERTO,3,2025-03-31,,-23.5666225,-46.6077618
828,42,3,16,2025-04-19,Impacto significativo no bairro,60,ABERTO,1,2025-04-25,,-23.5720454,-46.6893954
829,7,4,17,2025-09-06,Necessita intervenção emergencial,81,ABERTO,5,2025-09-09,,-23.5864326,-46.7004297
830,39,5,7,2025-03-11,Necessita programação para atendimento,45,EM_ANALISE,1,2025-03-23,,-23.5400797,-46.5219042
831,38,1,24,2025-04-13,Manutenção preventiva necessária,42,RESOLVIDO,5,2025-04-28,2025-04-19,-23.5663998,-46.5818383
832,36,15,5,2025-03-27,Ajuste operacional na infraestrutura,37,RESOLVIDO,3,2025-04-18,2025-04-04,-23.5538745,-46.5946497
833,36,1,3,2025-03-07,Impacto significativo no bairro,60,RESOLVIDO,2,2025-03-13,2025-03-20,-23.571265,-46.5656229
834,22,8,5,2025-12-13,Ajuste operacional na infraestrutura,34,EM_ATENDIMENTO,4,2025-12-28,,-23.5690426,-46.5385593
835,3,5,13,2026-01-03,Melhoria solicitada pelos cidadãos,49,EM_ANALISE,3,2026-01-27,,-23.5823154,-46.4718406
836,26,3,11,2025-10-19,"Foco crítico identificado, ação urgente",83,ENCERRADO,1,2025-10-22,2025-10-21,-23.5632755,-46.6629153
837,12,2,4,2025-09-18,Problema grave afetando fluxo local,60,RESOLVIDO,3,2025-09-24,2025-09-20,-23.5486763,-46.559159
838,34,3,1,2025-03-12,Perigo imediato à integridade física,70,ENCERRADO,1,2025-03-13,2025-03-13,-23.5672668,-46.6178369
839,27,16,1,2025-05-17,Situação de risco iminente à população,70,EM_ATENDIMENTO,1,2025-05-19,,-23.5528429,-46.6127518
840,37,10,7,2025-03-16,Solicitação com impacto médio,39,EM_ATENDIMENTO,1,2025-03-27,,-23.5606254,-46.5843812
841,26,20,22,2025-04-21,"Ocorrência prioritária, moradores impactados",64,ABERTO,2,2025-04-25,,-23.5496217,-46.5785359
842,19,15,19,2025-08-09,Situação de risco iminente à população,93,EM_ATENDIMENTO,3,2025-08-11,,-23.5726609,-46.4993401
843,47,14,10,2025-10-10,Perigo imediato à integridade física,77,EM_ATENDIMENTO,4,2025-10-11,,-23.5671086,-46.4822917
844,11,9,6,2025-09-18,Situação de risco iminente à população,87,EM_ATENDIMENTO,1,2025-09-19,,-23.5458722,-46.5755656
845,7,17,22,2025-01-04,Necessita atendimento em até 72h,79,ENCERRADO,1,2025-01-08,2025-01-05,-23.551673,-46.6284967
846,41,15,15,2025-04-09,Solicitação com impacto médio,40,EM_ATENDIMENTO,1,2025-04-19,,-23.5709422,-46.5235106
847,48,15,7,2024-12-20,Problema afeta rotina dos moradores,47,EM_ANALISE,1,2024-12-27,,-23.565762,-46.6929407
848,11,1,18,2025-04-04,Necessita programação para atendimento,56,ABERTO,4,2025-04-18,,-23.5596506,-46.6656908
849,10,15,4,2025-12-15,Problema grave afetando fluxo local,67,ABERTO,3,2025-12-21,,-23.5720957,-46.6558319
850,34,4,2,2025-11-11,Ocorrência recorrente na região,63,EM_ANALISE,4,2025-11-26,,-23.5704691,-46.6329189
851,13,3,2,2024-12-03,Necessita programação para atendimento,54,RESOLVIDO,4,2024-12-10,2024-12-18,-23.5891981,-46.703014
852,3,14,1,2026-01-25,Perigo imediato à integridade física,75,RESOLVIDO,3,2026-01-26,2026-01-26,-23.564375,-46.5060939
853,14,4,11,2025-10-17,"Foco crítico identificado, ação urgente",82,RESOLVIDO,1,2025-10-18,2025-10-31,-23.5721712,-46.6665946
854,43,9,13,2025-05-11,Manutenção preventiva necessária,45,EM_ATENDIMENTO,1,2025-05-26,,-23.5575028,-46.617755
855,7,18,3,2025-03-22,Impacto significativo no bairro,78,EM_ANALISE,5,2025-03-28,,-23.550437,-46.479444
856,41,11,19,2025-04-08,Perigo imediato à integridade física,70,RESOLVIDO,1,2025-04-09,2025-04-22,-23.5410989,-46.5434074
857,46,1,3,2024-12-10,"Ocorrência prioritária, moradores impactados",60,ENCERRADO,2,2024-12-17,2024-12-15,-23.5783697,-46.5559128
858,19,7,4,2025-04-01,"Ocorrência prioritária, moradores impactados",59,RESOLVIDO,2,2025-04-07,2025-04-02,-23.5824165,-46.6589037
859,49,2,2,2025-12-07,Necessita programação para atendimento,42,RESOLVIDO,3,2025-12-21,2025-12-12,-23.5639564,-46.4656081
860,14,18,21,2025-04-27,Necessita atendimento em até 72h,76,EM_ANALISE,1,2025-04-30,,-23.5872963,-46.4805805
861,1,3,8,2025-11-17,Problema afeta rotina dos moradores,60,RESOLVIDO,2,2025-11-27,2025-11-23,-23.5465067,-46.6925038
862,6,14,7,2025-10-21,Problema afeta rotina dos moradores,36,ENCERRADO,1,2025-10-30,2025-10-24,-23.5537505,-46.6321343
863,37,15,24,2025-04-05,Melhoria solicitada pelos cidadãos,31,ABERTO,1,2025-05-03,,-23.5416137,-46.6596497
864,33,20,16,2025-06-03,Impacto significativo no bairro,52,EM_ANALISE,2,2025-06-09,,-23.5532536,-46.5199189
865,20,20,16,2025-12-26,Problema grave afetando fluxo local,50,EM_ATENDIMENTO,3,2026-01-01,,-23.5631401,-46.571787
866,39,16,6,2025-06-13,Necessita intervenção emergencial,73,EM_ANALISE,2,2025-06-15,,-23.586403,-46.6758359
867,27,13,16,2025-02-18,Necessita atendimento em até 72h,56,ABERTO,2,2025-02-22,,-23.5414754,-46.6167138
868,8,13,16,2025-10-25,Problema grave afetando fluxo local,59,ABERTO,5,2025-11-01,,-23.5433935,-46.6694094
869,24,2,14,2025-12-30,Manutenção preventiva necessária,33,EM_ATENDIMENTO,3,2026-01-25,,-23.5574547,-46.4783703
870,44,1,24,2025-04-04,Manutenção preventiva necessária,32,ABERTO,3,2025-05-04,,-23.5551264,-46.5486666
871,50,3,9,2025-07-22,Solicitação estética / cosmética,34,RESOLVIDO,1,2025-09-20,2025-08-30,-23.5577801,-46.4807793
872,11,14,13,2025-09-27,Melhoria solicitada pelos cidadãos,47,EM_ATENDIMENTO,4,2025-10-14,,-23.5773564,-46.6344451
873,50,12,18,2025-06-14,Ocorrência recorrente na região,56,RESOLVIDO,3,2025-06-25,2025-06-28,-23.5492886,-46.6427447
874,5,14,7,2025-12-19,Solicitação com impacto médio,64,RESOLVIDO,1,2026-01-01,2025-12-22,-23.5637519,-46.5463697
875,32,6,24,2025-02-26,Ajuste operacional na infraestrutura,38,EM_ANALISE,1,2025-03-18,,-23.5648693,-46.6824404
876,13,9,19,2025-03-19,Perigo imediato à integridade física,91,EM_ANALISE,4,2025-03-20,,-23.5408526,-46.4920961
877,18,3,15,2025-10-16,Ocorrência recorrente na região,55,ENCERRADO,2,2025-10-24,2025-10-21,-23.5728924,-46.5635884
878,1,19,16,2025-11-10,Necessita atendimento em até 72h,65,ABERTO,3,2025-11-13,,-23.5505396,-46.6995352
879,31,11,7,2026-01-10,Necessita programação para atendimento,51,EM_ANALISE,5,2026-01-17,,-23.5597814,-46.6258624
880,23,11,22,2025-05-25,Impacto significativo no bairro,78,RESOLVIDO,3,2025-05-30,2025-06-12,-23.5496865,-46.7092288
881,18,8,23,2025-12-07,Ocorrência recorrente na região,47,ABERTO,4,2025-12-16,,-23.5715785,-46.5554121
882,41,11,22,2025-08-01,"Ocorrência prioritária, moradores impactados",77,EM_ATENDIMENTO,1,2025-08-08,,-23.5891685,-46.6199486
883,6,12,2,2025-12-12,Solicitação com impacto médio,60,RESOLVIDO,3,2025-12-24,2025-12-20,-23.5686042,-46.4771291
884,37,17,16,2025-11-24,"Ocorrência prioritária, moradores impactados",71,RESOLVIDO,4,2025-11-27,2025-11-25,-23.5884127,-46.5855187
885,35,8,3,2026-01-31,Problema grave afetando fluxo local,59,ENCERRADO,2,2026-02-07,2026-02-04,-23.5778322,-46.6673917
886,21,13,22,2025-01-15,Problema grave afetando fluxo local,72,EM_ATENDIMENTO,1,2025-01-18,,-23.5516846,-46.654906
887,45,11,9,2025-08-01,Zeladoria de baixa criticidade,36,ENCERRADO,1,2025-09-30,2025-08-10,-23.546403,-46.477055
888,47,13,20,2025-10-26,Ajuste operacional na infraestrutura,27,EM_ANALISE,3,2025-11-20,,-23.557304,-46.5137295
889,6,11,14,2025-03-30,Manutenção preventiva necessária,50,EM_ANALISE,1,2025-04-21,,-23.5529709,-46.4756973
890,37,1,24,2025-09-20,Manutenção preventiva necessária,28,ABERTO,5,2025-10-16,,-23.5744601,-46.5624851
891,9,17,7,2025-06-17,Necessita programação para atendimento,62,EM_ANALISE,3,2025-06-30,,-23.5568129,-46.562306
892,32,15,4,2024-12-05,Necessita atendimento em até 72h,62,ENCERRADO,4,2024-12-12,2024-12-12,-23.5826287,-46.6391518
893,46,19,24,2026-01-15,Manutenção preventiva necessária,46,RESOLVIDO,5,2026-01-31,2026-01-19,-23.5660859,-46.5028282
894,46,7,16,2025-11-26,Necessita atendimento em até 72h,59,ABERTO,1,2025-12-02,,-23.5475965,-46.4763918
895,43,6,8,2025-12-12,Solicitação com impacto médio,57,ENCERRADO,1,2025-12-19,2026-01-04,-23.5404468,-46.5730143
896,19,10,11,2025-11-13,Situação de risco iminente à população,78,ENCERRADO,2,2025-11-15,2025-11-28,-23.5551812,-46.661227
897,46,10,18,2025-01-19,Ocorrência recorrente na região,47,EM_ANALISE,4,2025-01-28,,-23.5671234,-46.6690764
898,48,7,5,2025-11-22,Melhoria solicitada pelos cidadãos,39,EM_ANALISE,1,2025-12-22,,-23.5532341,-46.7077169
899,11,2,24,2025-01-22,Manutenção preventiva necessária,43,EM_ANALISE,3,2025-02-10,,-23.5851976,-46.4664603
900,41,13,6,2024-12-27,"Foco crítico identificado, ação urgente",95,ENCERRADO,5,2024-12-28,2025-01-16,-23.5777499,-46.6802994
901,42,13,13,2025-05-04,Manutenção preventiva necessária,40,RESOLVIDO,4,2025-05-24,2025-05-07,-23.5762392,-46.5467011
902,33,8,12,2025-01-31,Impacto significativo no bairro,50,ABERTO,3,2025-02-03,,-23.5888487,-46.5667545
903,42,14,19,2025-04-20,"Foco crítico identificado, ação urgente",80,RESOLVIDO,2,2025-04-23,2025-04-29,-23.5750818,-46.6786909
904,35,17,11,2025-12-01,Situação de risco iminente à população,67,EM_ANALISE,2,2025-12-04,,-23.5655718,-46.5802747
905,8,6,19,2025-12-01,Perigo imediato à integridade física,82,ABERTO,5,2025-12-04,,-23.5468998,-46.536196
906,42,6,1,2025-07-17,Perigo imediato à integridade física,82,ABERTO,3,2025-07-19,,-23.585609,-46.6458099
907,43,1,2,2025-02-02,Problema afeta rotina dos moradores,37,EM_ANALISE,2,2025-02-17,,-23.5775831,-46.6984584
908,23,20,17,2026-01-05,Necessita intervenção emergencial,93,RESOLVIDO,2,2026-01-07,2026-01-07,-23.5630895,-46.6575401
909,14,5,4,2026-01-24,"Ocorrência prioritária, moradores impactados",71,EM_ANALISE,1,2026-01-27,,-23.5598928,-46.65599
910,42,6,12,2025-02-04,Necessita atendimento em até 72h,58,EM_ATENDIMENTO,1,2025-02-11,,-23.569997,-46.6891865
911,45,7,9,2025-07-06,Zeladoria de baixa criticidade,36,RESOLVIDO,5,2025-09-04,2025-07-11,-23.5542778,-46.5690895
912,28,13,21,2025-08-19,"Ocorrência prioritária, moradores impactados",76,ABERTO,1,2025-08-26,,-23.5887045,-46.5590982
913,41,3,3,2025-02-02,Impacto significativo no bairro,58,ABERTO,1,2025-02-09,,-23.571859,-46.6266207
914,15,13,9,2026-01-13,Solicitação estética / cosmética,19,EM_ANALISE,2,2026-02-19,,-23.5424109,-46.5143166
915,19,18,4,2025-08-27,Necessita atendimento em até 72h,55,RESOLVIDO,3,2025-09-01,2025-09-05,-23.5764473,-46.6852335
916,9,9,2,2025-05-12,Solicitação com impacto médio,40,EM_ANALISE,2,2025-05-25,,-23.5895251,-46.5816086
917,47,12,5,2025-02-03,Ajuste operacional na infraestrutura,46,EM_ANALISE,1,2025-02-22,,-23.5546249,-46.6477221
918,33,10,20,2025-11-27,Manutenção preventiva necessária,38,EM_ANALISE,3,2025-12-26,,-23.5762089,-46.6030587
919,27,11,23,2026-01-21,Ocorrência recorrente na região,63,EM_ANALISE,5,2026-01-31,,-23.5477377,-46.5513308
920,19,18,3,2025-04-02,Problema grave afetando fluxo local,73,ABERTO,1,2025-04-05,,-23.5435205,-46.5079133
921,33,18,1,2025-07-06,Perigo imediato à integridade física,95,EM_ATENDIMENTO,2,2025-07-09,,-23.5551059,-46.6086321
922,43,17,20,2026-01-30,Melhoria solicitada pelos cidadãos,31,RESOLVIDO,5,2026-02-14,2026-02-26,-23.5557961,-46.699411
923,4,14,15,2025-02-25,Problema afeta rotina dos moradores,65,ENCERRADO,2,2025-03-12,2025-03-03,-23.5652246,-46.667379
924,19,9,4,2025-11-13,Necessita atendimento em até 72h,60,ENCERRADO,1,2025-11-17,2025-11-21,-23.5793467,-46.5254936
925,40,16,19,2025-03-22,Situação de risco iminente à população,77,ENCERRADO,5,2025-03-24,2025-04-10,-23.5871252,-46.7085272
926,12,13,15,2025-05-02,Necessita programação para atendimento,45,ABERTO,4,2025-05-14,,-23.5722734,-46.6846656
927,32,1,16,2025-01-13,"Ocorrência prioritária, moradores impactados",56,EM_ATENDIMENTO,2,2025-01-20,,-23.5822185,-46.5458416
928,35,9,8,2025-06-21,Solicitação com impacto médio,50,EM_ANALISE,4,2025-07-03,,-23.5845653,-46.600357
929,19,2,15,2025-02-10,Problema afeta rotina dos moradores,40,RESOLVIDO,1,2025-02-22,2025-02-22,-23.583316,-46.6047361
930,36,16,11,2024-12-17,Situação de risco iminente à população,93,RESOLVIDO,2,2024-12-18,2024-12-27,-23.550009,-46.5314198
931,7,1,11,2025-12-27,"Foco crítico identificado, ação urgente",89,EM_ATENDIMENTO,1,2025-12-29,,-23.5836938,-46.6239699
932,39,1,1,2025-11-16,Necessita intervenção emergencial,89,ABERTO,2,2025-11-17,,-23.5682836,-46.6376333
933,12,8,16,2025-12-25,"Ocorrência prioritária, moradores impactados",52,EM_ANALISE,3,2025-12-31,,-23.5759431,-46.681245
934,33,20,9,2025-04-06,Solicitação estética / cosmética,37,ENCERRADO,3,2025-05-27,2025-05-22,-23.5809406,-46.4618621
935,18,7,19,2025-10-21,Perigo imediato à integridade física,85,EM_ANALISE,2,2025-10-22,,-23.5435451,-46.6034243
936,41,8,20,2025-01-16,Ajuste operacional na infraestrutura,31,EM_ATENDIMENTO,1,2025-02-01,,-23.5789112,-46.603481
937,23,14,2,2025-07-07,Necessita programação para atendimento,51,EM_ANALISE,2,2025-07-14,,-23.5776516,-46.4862234
938,39,4,6,2024-12-01,"Foco crítico identificado, ação urgente",66,RESOLVIDO,1,2024-12-02,2024-12-02,-23.5684546,-46.6469342
939,50,5,16,2025-05-21,Problema grave afetando fluxo local,61,ABERTO,3,2025-05-26,,-23.5734394,-46.524677
940,18,7,12,2026-01-03,Necessita atendimento em até 72h,73,EM_ATENDIMENTO,1,2026-01-10,,-23.5607836,-46.6881922
941,29,4,4,2025-10-19,"Ocorrência prioritária, moradores impactados",54,ABERTO,1,2025-10-26,,-23.586256,-46.5733552
942,27,18,11,2025-12-07,Situação de risco iminente à população,74,ENCERRADO,1,2025-12-09,2025-12-08,-23.5544198,-46.4871033
943,34,17,18,2025-06-06,Ocorrência recorrente na região,46,RESOLVIDO,2,2025-06-20,2025-06-13,-23.5504557,-46.6682662
944,45,7,9,2025-02-05,Solicitação estética / cosmética,37,ABERTO,3,2025-03-16,,-23.5529642,-46.6106265
945,25,13,22,2025-08-20,Impacto significativo no bairro,67,ABERTO,3,2025-08-23,,-23.5596391,-46.6582689
946,34,9,1,2025-09-19,"Risco elevado, comunicado à defesa civil",70,RESOLVIDO,3,2025-09-20,2025-09-20,-23.5748295,-46.6549159
947,19,2,23,2025-09-09,Ocorrência recorrente na região,43,ABERTO,2,2025-09-17,,-23.5580192,-46.4744885
948,1,12,9,2025-04-18,Solicitação estética / cosmética,19,RESOLVIDO,2,2025-06-14,2025-05-04,-23.5583659,-46.4669453
949,40,10,11,2025-11-27,Perigo imediato à integridade física,67,EM_ANALISE,2,2025-11-30,,-23.5737682,-46.6956841
950,50,19,1,2025-06-01,Situação de risco iminente à população,91,RESOLVIDO,2,2025-06-02,2025-06-02,-23.5846779,-46.5235576
951,49,13,13,2025-04-11,Melhoria solicitada pelos cidadãos,45,RESOLVIDO,3,2025-05-02,2025-04-20,-23.5822179,-46.6520692
952,12,7,24,2025-06-07,Manutenção preventiva necessária,38,ENCERRADO,1,2025-06-26,2025-06-13,-23.5615171,-46.4741612
953,44,20,6,2025-04-24,Perigo imediato à integridade física,85,EM_ANALISE,4,2025-04-25,,-23.5806076,-46.6741194
954,49,1,14,2025-07-21,Ajuste operacional na infraestrutura,32,ABERTO,1,2025-08-17,,-23.5598353,-46.6155312
955,6,9,1,2026-01-28,Perigo imediato à integridade física,68,RESOLVIDO,1,2026-01-29,2026-01-29,-23.5828682,-46.5531539
956,6,7,1,2024-12-05,Necessita intervenção emergencial,90,EM_ATENDIMENTO,4,2024-12-06,,-23.5830385,-46.5200821
957,35,9,15,2025-02-22,Problema afeta rotina dos moradores,61,EM_ANALISE,1,2025-03-05,,-23.5586257,-46.6792311
958,15,1,2,2025-09-05,Solicitação com impacto médio,38,ABERTO,1,2025-09-16,,-23.5786662,-46.6136542
959,8,8,12,2025-04-26,Impacto significativo no bairro,70,ENCERRADO,1,2025-04-30,2025-05-04,-23.5849132,-46.4710377
960,39,5,12,2025-10-12,Problema grave afetando fluxo local,52,ABERTO,4,2025-10-17,,-23.5810966,-46.5773798
961,40,10,20,2025-11-13,Ajuste operacional na infraestrutura,30,ABERTO,3,2025-12-11,,-23.5725807,-46.6840194
962,10,5,16,2025-06-07,Problema grave afetando fluxo local,71,RESOLVIDO,4,2025-06-12,2025-06-15,-23.5739872,-46.6123501
963,6,11,24,2026-01-07,Ajuste operacional na infraestrutura,50,RESOLVIDO,1,2026-02-06,2026-01-21,-23.5402614,-46.6645319
964,39,11,13,2025-05-13,Ajuste operacional na infraestrutura,36,EM_ATENDIMENTO,5,2025-06-12,,-23.5830889,-46.4739924
965,15,13,8,2025-07-03,Solicitação com impacto médio,47,EM_ATENDIMENTO,2,2025-07-18,,-23.5858191,-46.5312697
966,14,1,17,2026-01-02,Perigo imediato à integridade física,83,RESOLVIDO,2,2026-01-05,2026-01-03,-23.5718801,-46.5915184
967,10,18,5,2024-12-31,Melhoria solicitada pelos cidadãos,28,EM_ANALISE,1,2025-01-26,,-23.541409,-46.4817615
968,45,5,8,2026-01-28,Problema afeta rotina dos moradores,41,ABERTO,1,2026-02-07,,-23.571127,-46.7034133
969,10,3,14,2024-12-28,Melhoria solicitada pelos cidadãos,36,RESOLVIDO,1,2025-01-15,2025-01-03,-23.5777477,-46.7068806
970,45,10,14,2025-12-27,Melhoria solicitada pelos cidadãos,29,EM_ATENDIMENTO,3,2026-01-16,,-23.5664908,-46.5293606
971,42,2,15,2025-10-27,Problema afeta rotina dos moradores,60,EM_ANALISE,1,2025-11-03,,-23.5597913,-46.6666049
972,33,10,6,2025-06-21,Necessita intervenção emergencial,65,RESOLVIDO,4,2025-06-23,2025-07-11,-23.5545324,-46.6040824
973,26,20,6,2025-01-17,Perigo imediato à integridade física,73,EM_ANALISE,3,2025-01-20,,-23.5872002,-46.6119273
974,25,6,24,2025-10-06,Ajuste operacional na infraestrutura,42,RESOLVIDO,3,2025-10-23,2025-10-17,-23.5872664,-46.6171305
975,22,1,14,2025-04-18,Manutenção preventiva necessária,31,ABERTO,3,2025-05-06,,-23.5780235,-46.6693099
976,13,2,4,2025-03-19,Necessita atendimento em até 72h,52,ABERTO,1,2025-03-26,,-23.5779832,-46.6887402
977,20,1,19,2024-12-23,Necessita intervenção emergencial,83,ENCERRADO,1,2024-12-26,2024-12-24,-23.5409729,-46.5220801
978,22,14,13,2025-03-10,Ajuste operacional na infraestrutura,41,RESOLVIDO,3,2025-04-04,2025-04-09,-23.5451744,-46.5841054
979,3,10,17,2026-01-01,"Foco crítico identificado, ação urgente",90,ABERTO,2,2026-01-02,,-23.5819388,-46.5394065
980,11,17,3,2025-10-17,"Ocorrência prioritária, moradores impactados",78,ENCERRADO,3,2025-10-20,2025-10-18,-23.564185,-46.5278198
981,24,20,21,2025-12-29,"Ocorrência prioritária, moradores impactados",66,EM_ATENDIMENTO,1,2026-01-03,,-23.5472024,-46.6022746
982,37,16,23,2025-11-15,Ocorrência recorrente na região,59,EM_ANALISE,5,2025-11-28,,-23.5851297,-46.7062646
983,19,6,10,2026-01-13,"Foco crítico identificado, ação urgente",82,EM_ATENDIMENTO,1,2026-01-14,,-23.5865919,-46.5658721
984,29,5,12,2025-01-06,Necessita atendimento em até 72h,52,RESOLVIDO,3,2025-01-10,2025-01-10,-23.5430085,-46.4670798
985,33,20,16,2025-06-05,"Ocorrência prioritária, moradores impactados",51,EM_ATENDIMENTO,2,2025-06-10,,-23.5423978,-46.6165792
986,42,2,22,2025-08-17,Problema grave afetando fluxo local,63,EM_ANALISE,3,2025-08-23,,-23.5529479,-46.6487958
987,5,8,18,2025-02-18,Problema afeta rotina dos moradores,35,EM_ANALISE,3,2025-02-26,,-23.5705889,-46.5944304
988,47,4,3,2025-07-27,Problema grave afetando fluxo local,61,RESOLVIDO,1,2025-08-02,2025-08-17,-23.544127,-46.4793773
989,32,7,14,2025-06-24,Manutenção preventiva necessária,31,ABERTO,5,2025-07-19,,-23.5548855,-46.5909451
990,14,11,9,2024-12-20,Zeladoria de baixa criticidade,29,ABERTO,1,2025-02-05,,-23.5615897,-46.4630473
991,2,14,13,2026-01-18,Melhoria solicitada pelos cidadãos,26,RESOLVIDO,1,2026-02-13,2026-02-20,-23.5765076,-46.5510782
992,29,14,3,2025-01-05,Necessita atendimento em até 72h,54,EM_ATENDIMENTO,4,2025-01-10,,-23.5637611,-46.5425889
993,49,10,9,2026-01-30,Zeladoria de baixa criticidade,20,ABERTO,1,2026-03-02,,-23.5817733,-46.6226809
994,36,20,14,2025-08-01,Manutenção preventiva necessária,40,ENCERRADO,4,2025-08-21,2025-08-20,-23.580072,-46.5293191
995,30,5,19,2025-02-13,Situação de risco iminente à população,84,RESOLVIDO,1,2025-02-15,2025-02-26,-23.5650277,-46.630898
996,38,4,22,2025-04-14,Impacto significativo no bairro,63,RESOLVIDO,3,2025-04-21,2025-04-26,-23.5881757,-46.5235731
997,13,19,7,2025-11-22,Necessita programação para atendimento,48,RESOLVIDO,1,2025-12-07,2025-11-26,-23.5422448,-46.6174359
998,42,15,12,2025-05-04,Problema grave afetando fluxo local,50,EM_ATENDIMENTO,3,2025-05-09,,-23.5692973,-46.6220678
999,24,6,18,2025-08-25,Problema afeta rotina dos moradores,48,ABERTO,2,2025-09-06,,-23.5623623,-46.6693357
1000,7,3,14,2025-04-25,Melhoria solicitada pelos cidadãos,37,RESOLVIDO,4,2025-05-23,2025-05-27,-23.5575188,-46.5559349
